title,time,country,type,comment,quote,number
肖申克的救赎,1994, 美国 , 犯罪 剧情                        ,2509006人评价,希望让人自由。,9.7
霸王别姬,1993, 中国大陆 中国香港 , 剧情 爱情 同性                        ,1865223人评价,风华绝代。,9.6
阿甘正传,1994, 美国 , 剧情 爱情                        ,1885138人评价,一部美国近现代史。,9.5
泰坦尼克号,1997, 美国 墨西哥 澳大利亚 加拿大 , 剧情 爱情 灾难                        ,1846583人评价,失去的才是永恒的。 ,9.4
这个杀手不太冷,1994, 法国 美国 , 剧情 动作 犯罪                        ,2046540人评价,怪蜀黍和小萝莉不得不说的故事。,9.4
美丽人生,1997, 意大利 , 剧情 喜剧 爱情 战争                        ,1155844人评价,最美的谎言。,9.6
千与千寻,2001, 日本 , 剧情 动画 奇幻                        ,1966299人评价,最好的宫崎骏，最好的久石让。 ,9.4
辛德勒的名单,1993, 美国 , 剧情 历史 战争                        ,964187人评价,拯救一个人，就是拯救整个世界。,9.5
盗梦空间,2010, 美国 英国 , 剧情 科幻 悬疑 冒险                        ,1810632人评价,诺兰给了我们一场无法盗取的梦。,9.3
忠犬八公的故事,2009, 美国 英国 , 剧情                        ,1243137人评价,永远都不能忘记你所爱的人。,9.4
星际穿越,2014, 美国 英国 加拿大 , 剧情 科幻 冒险                        ,1489795人评价,爱是一种力量，让我们超越时空感知它的存在。,9.4
楚门的世界,1998, 美国 , 剧情 科幻                        ,1411543人评价,如果再也不能见到你，祝你早安，午安，晚安。,9.3
海上钢琴师,1998, 意大利 , 剧情 音乐                        ,1471267人评价,每个人都要走一条自己坚定了的路，就算是粉身碎骨。 ,9.3
三傻大闹宝莱坞,2009, 印度 , 剧情 喜剧 爱情 歌舞                        ,1647163人评价,英俊版憨豆，高情商版谢耳朵。,9.2
机器人总动员,2008, 美国 , 科幻 动画 冒险                        ,1160145人评价,小瓦力，大人生。,9.3
放牛班的春天,2004, 法国 瑞士 德国 , 剧情 喜剧 音乐                        ,1145312人评价,天籁一般的童声，是最接近上帝的存在。 ,9.3
无间道,2002, 中国香港 , 剧情 犯罪 惊悚                        ,1142362人评价,香港电影史上永不过时的杰作。,9.3
疯狂动物城,2016, 美国 , 喜剧 动画 冒险                        ,1641514人评价,迪士尼给我们营造的乌托邦就是这样，永远善良勇敢，永远出乎意料。,9.2
大话西游之大圣娶亲,1995, 中国香港 中国大陆 , 喜剧 爱情 奇幻 古装                        ,1343324人评价,一生所爱。,9.2
熔炉,2011, 韩国 , 剧情                        ,817128人评价,我们一路奋战不是为了改变世界，而是为了不让世界改变我们。,9.3
教父,1972, 美国 , 剧情 犯罪                        ,822104人评价,千万不要记恨你的对手，这样会让你失去理智。,9.3
当幸福来敲门,2006, 美国 , 剧情 传记 家庭                        ,1331303人评价,平民励志片。 ,9.2
控方证人,1957, 美国 , 剧情 犯罪 悬疑                        ,413285人评价,比利·怀德满分作品。,9.6
龙猫,1988, 日本 , 动画 奇幻 冒险                        ,1110471人评价,人人心中都有个龙猫，童年就永远不会消失。,9.2
怦然心动,2010, 美国 , 剧情 喜剧 爱情                        ,1590704人评价,真正的幸福是来自内心深处。,9.1
触不可及,2011, 法国 , 剧情 喜剧                        ,902255人评价,满满温情的高雅喜剧。,9.3
末代皇帝,1987, 英国 意大利 中国大陆 法国 , 剧情 传记 历史                        ,728478人评价,“不要跟我比惨，我比你更惨”再适合这部电影不过了。,9.3
蝙蝠侠：黑暗骑士,2008, 美国 英国 , 剧情 动作 科幻 犯罪 惊悚                        ,911806人评价,无尽的黑暗。,9.2
寻梦环游记,2017, 美国 , 喜剧 动画 奇幻 音乐                        ,1406932人评价,死亡不是真的逝去，遗忘才是永恒的消亡。,9.1
活着,1994, 中国大陆 中国香港 , 剧情 历史 家庭                        ,711951人评价,张艺谋最好的电影。,9.3
指环王3：王者无敌,2003, 美国 新西兰 , 剧情 动作 奇幻 冒险                        ,696490人评价,史诗的终章。,9.3
哈利·波特与魔法石,2001, 美国 英国 , 奇幻 冒险                        ,977342人评价,童话世界的开端。,9.1
乱世佳人,1939, 美国 , 剧情 历史 爱情 战争                        ,602145人评价,Tomorrow is another day.,9.3
素媛,2013, 韩国 , 剧情                        ,585880人评价,受过伤害的人总是笑得最开心，因为他们不愿意让身边的人承受一样的痛苦。,9.3
飞屋环游记,2009, 美国 , 剧情 喜剧 动画 冒险                        ,1158516人评价,最后那些最无聊的事情，才是最值得怀念的。 ,9.1
摔跤吧！爸爸,2016, 印度 , 剧情 传记 运动 家庭                        ,1375620人评价,你不是在为你一个人战斗，你要让千千万万的女性看到女生并不是只能相夫教子。,9.0
何以为家,2018, 黎巴嫩 美国 法国 塞浦路斯 卡塔尔 英国 , 剧情                        ,893953人评价,凝视卑弱生命，用电影改变命运。,9.1
我不是药神,2018, 中国大陆 , 剧情 喜剧                        ,1831183人评价,对我们国家而言，这样的电影多一部是一部。,9.0
十二怒汉,1957, 美国 , 剧情                        ,407621人评价,1957年的理想主义。 ,9.4
哈尔的移动城堡,2004, 日本 , 动画 奇幻 冒险                        ,872598人评价,带着心爱的人在天空飞翔。,9.1
少年派的奇幻漂流,2012, 美国 中国台湾 英国 加拿大 , 剧情 奇幻 冒险                        ,1199529人评价,瑰丽壮观、无人能及的冒险之旅。,9.1
鬼子来了,2000, 中国大陆 , 剧情 喜剧                        ,538304人评价,对敌人的仁慈，就是对自己残忍。,9.3
大话西游之月光宝盒,1995, 中国香港 中国大陆 , 喜剧 爱情 奇幻 古装                        ,1070290人评价,旷古烁今。,9.0
天空之城,1986, 日本 , 动画 奇幻 冒险                        ,723532人评价,对天空的追逐，永不停止。 ,9.1
天堂电影院,1988, 意大利 法国 , 剧情 爱情                        ,599317人评价,那些吻戏，那些青春，都在影院的黑暗里被泪水冲刷得无比清晰。,9.2
猫鼠游戏,2002, 美国 加拿大 , 传记 犯罪 剧情                        ,813468人评价,骗子大师和执著警探的你追我跑故事。 ,9.1
闻香识女人,1992, 美国 , 剧情                        ,752615人评价,史上最美的探戈。,9.1
指环王2：双塔奇兵,2002, 美国 新西兰 , 剧情 动作 奇幻 冒险                        ,648960人评价,承前启后的史诗篇章。,9.2
罗马假日,1953, 美国 , 喜剧 剧情 爱情                        ,842257人评价,爱情哪怕只有一天。,9.1
钢琴家,2002, 英国 法国 波兰 德国 , 剧情 传记 战争 音乐                        ,502711人评价,音乐能化解仇恨。,9.2
让子弹飞,2010, 中国大陆 中国香港 , 剧情 喜剧 动作 西部                        ,1440773人评价,你给我翻译翻译，神马叫做TMD的惊喜。,8.9
指环王1：护戒使者,2001, 新西兰 美国 , 剧情 动作 奇幻 冒险                        ,735607人评价,传说的开始。,9.1
辩护人,2013, 韩国 , 剧情                        ,522175人评价,电影的现实意义大过电影本身。,9.2
大闹天宫,1961, 1964(中国大陆) , 剧情 动画 奇幻 古装                        ,365706人评价,经典之作，历久弥新。,9.4
黑客帝国,1999, 美国 , 动作 科幻                        ,716859人评价,视觉革命。,9.1
教父2,1974, 美国 , 剧情 犯罪                        ,463653人评价,优雅的孤独。,9.2
狮子王,1994, 美国 , 动画 冒险 歌舞                        ,721892人评价,动物版《哈姆雷特》。,9.1
死亡诗社,1989, 美国 , 剧情                        ,607957人评价,当一个死水般的体制内出现一个活跃的变数时，所有的腐臭都站在了光明的对面。,9.1
海蒂和爷爷,2015, 德国 瑞士 , 剧情 冒险 家庭                        ,435240人评价,如果生活中有什么使你感到快乐，那就去做吧！不要管别人说什么。,9.3
搏击俱乐部,1999, 美国 德国 意大利 , 剧情 动作 悬疑 惊悚                        ,736556人评价,邪恶与平庸蛰伏于同一个母体，在特定的时间互相对峙。,9.0
绿皮书,2018, 美国 中国大陆 , 剧情 喜剧 传记 音乐                        ,1372820人评价,去除成见，需要勇气。,8.9
饮食男女,1994, 中国台湾 美国 , 剧情 家庭                        ,522391人评价,人生不能像做菜，把所有的料都准备好了才下锅。,9.1
美丽心灵,2001, 美国 , 传记 剧情                        ,663599人评价,爱是一切逻辑和原由。,9.0
窃听风暴,2006, 德国 , 剧情 悬疑                        ,487929人评价,别样人生。,9.2
本杰明·巴顿奇事,2008, 美国 , 剧情 爱情 奇幻                        ,856852人评价,在时间之河里感受溺水之苦。,9.0
情书,1995, 日本 , 剧情 爱情                        ,910064人评价,暗恋的极致。,8.9
两杆大烟枪,1998, 英国 , 剧情 喜剧 犯罪                        ,524403人评价,4个臭皮匠顶个诸葛亮，盖·里奇果然不是盖的。,9.1
穿条纹睡衣的男孩,2008, 英国 美国 , 剧情 战争                        ,462673人评价,尽管有些不切实际的幻想，这部电影依旧是一部感人肺腑的佳作。,9.1
西西里的美丽传说,2000, 意大利 美国 , 剧情 战争 情色                        ,849507人评价,美丽无罪。,8.9
看不见的客人,2016, 西班牙 , 剧情 犯罪 悬疑 惊悚                        ,1070755人评价,你以为你以为的就是你以为的。,8.8
飞越疯人院,1975, 美国 , 剧情                        ,491909人评价,自由万岁。,9.1
拯救大兵瑞恩,1998, 美国 , 剧情 战争                        ,562332人评价,美利坚精神输出大片No1.,9.0
音乐之声,1965, 美国 , 剧情 传记 爱情 歌舞                        ,521054人评价,用音乐化解仇恨，让歌声串起美好。,9.1
小鞋子,1997, 伊朗 , 剧情 儿童 家庭                        ,354071人评价,奔跑的孩子是天使。,9.2
阿凡达,2009, 美国 , 动作 科幻 冒险                        ,1217162人评价,绝对意义上的美轮美奂。,8.8
海豚湾,2009, 美国 , 纪录片                        ,325104人评价,海豚的微笑，是世界上最高明的伪装。,9.3
致命魔术,2006, 英国 美国 , 剧情 悬疑 惊悚                        ,746568人评价,孪生蝙蝠侠大战克隆金刚狼。,8.9
沉默的羔羊,1991, 美国 , 剧情 犯罪 惊悚                        ,753797人评价,安东尼·霍普金斯的顶级表演。,8.9
哈利·波特与死亡圣器(下),2011, 美国 英国 , 奇幻 冒险                        ,697168人评价,10年的完美句点。,8.9
美国往事,1984, 美国 意大利 , 犯罪 剧情                        ,358534人评价,往事如烟，无处祭奠。,9.2
禁闭岛,2010, 美国 , 剧情 悬疑 惊悚                        ,830920人评价,昔日翩翩少年，今日大腹便便。,8.8
蝴蝶效应,2004, 美国 加拿大 , 剧情 悬疑 科幻 惊悚                        ,811110人评价,人的命运被自己瞬间的抉择改变。,8.8
布达佩斯大饭店,2014, 美国 德国 英国 , 剧情 喜剧 冒险                        ,781140人评价,小清新的故事里注入了大历史的情怀。,8.9
心灵捕手,1997, 美国 , 剧情                        ,613941人评价,人生中应该拥有这样的一段豁然开朗。,8.9
低俗小说,1994, 美国 , 剧情 喜剧 犯罪                        ,721419人评价,故事的高级讲法。,8.9
春光乍泄,1997, 中国香港 日本 韩国 , 剧情 爱情 同性                        ,544678人评价,爱情纠缠，男女一致。,9.0
摩登时代,1936, 美国 , 剧情 喜剧 爱情                        ,254815人评价,大时代中的人生，小人物的悲喜。,9.3
七宗罪,1995, 美国 , 剧情 犯罪 悬疑 惊悚                        ,834755人评价,警察抓小偷，老鼠玩死猫。,8.8
喜剧之王,1999, 中国香港 , 喜剧 剧情 爱情                        ,835791人评价,我是一个演员。,8.8
致命ID,2003, 美国 , 剧情 悬疑 惊悚                        ,700150人评价,最不可能的那个人永远是最可能的。,8.8
被嫌弃的松子的一生,2006, 日本 , 剧情 歌舞                        ,629473人评价,以戏谑来戏谑戏谑。,8.9
杀人回忆,2003, 韩国 , 剧情 动作 犯罪 悬疑 惊悚                        ,595976人评价,关于连环杀人悬案的集体回忆。,8.9
加勒比海盗,2003, 美国 , 动作 冒险 奇幻                        ,751917人评价,约翰尼·德普的独角戏。,8.8
红辣椒,2006, 日本 , 动画 悬疑 科幻 惊悚                        ,376982人评价,梦的勾结。,9.0
狩猎,2012, 丹麦 瑞典 , 剧情                        ,328005人评价,人言可畏。,9.1
剪刀手爱德华,1990, 美国 , 剧情 奇幻 爱情                        ,936138人评价,浪漫忧郁的成人童话。,8.7
请以你的名字呼唤我,2017, 意大利 法国 巴西 美国 荷兰 德国 , 剧情 爱情 同性                        ,605108人评价,沉醉在电影的情感和视听氛围中无法自拔。,8.9
勇敢的心,1995, 美国 , 动作 传记 剧情 历史 战争                        ,509773人评价,史诗大片的典范。,8.9
7号房的礼物,2013, 韩国 , 剧情 喜剧 家庭                        ,476939人评价,《我是山姆》的《美丽人生》。,8.9
功夫,2004, 中国大陆 中国香港 , 动作 喜剧 犯罪 奇幻                        ,914841人评价,警恶惩奸，维护世界和平这个任务就交给你了，好吗？,8.7
超脱,2011, 美国 , 剧情                        ,456617人评价,穷尽一生，我们要学会的，不过是彼此拥抱。,8.9
哈利·波特与阿兹卡班的囚徒,2004, 英国 美国 , 奇幻 冒险                        ,579761人评价,不一样的导演，不一样的哈利·波特。,8.9
断背山,2005, 美国 加拿大 , 剧情 爱情 同性 家庭                        ,628267人评价,每个人心中都有一座断背山。,8.8
天使爱美丽,2001, 法国 德国 , 剧情 喜剧 爱情                        ,878820人评价,法式小清新。 ,8.7
入殓师,2008, 日本 , 剧情                        ,568036人评价,死可能是一道门，逝去并不是终结，而是超越，走向下一程。,8.9
唐伯虎点秋香,1993, 中国香港 , 喜剧 爱情 古装                        ,922370人评价,华太师是黄霑，吴镇宇四大才子之一。,8.7
第六感,1999, 美国 , 剧情 悬疑 惊悚                        ,480125人评价,深入内心的恐怖，出人意料的结局。,8.9
幽灵公主,1997, 日本 , 动画 奇幻 冒险                        ,462665人评价,人与自然的战争史诗。,8.9
重庆森林,1994, 中国香港 , 剧情 爱情                        ,692445人评价,寂寞没有期限。,8.8
小森林 夏秋篇,2014, 日本 , 剧情                        ,369462人评价,那些静得只能听见呼吸的日子里，你明白孤独即生活。,9.0
阳光灿烂的日子,1994, 中国大陆 中国香港 , 剧情 爱情                        ,538294人评价,一场华丽的意淫。,8.8
爱在黎明破晓前,1995, 美国 奥地利 瑞士 , 剧情 爱情                        ,558887人评价,缘分是个连绵词，最美不过一瞬。,8.8
一一,2000, 中国台湾 日本 , 剧情 爱情 家庭                        ,314038人评价,我们都曾经是一一。,9.1
蝙蝠侠：黑暗骑士崛起,2012, 美国 英国 , 剧情 动作 科幻 犯罪 惊悚                        ,621628人评价,诺兰就是保证。,8.8
菊次郎的夏天,1999, 日本 , 剧情 喜剧                        ,507183人评价,从没见过那么流氓的温柔，从没见过那么温柔的流氓。,8.9
哈利·波特与密室,2002, 英国 美国 , 奇幻 冒险                        ,606144人评价,魔法的密室之门已打开...,8.8
消失的爱人,2014, 美国 , 剧情 犯罪 悬疑 惊悚                        ,795010人评价,年度最佳date movie。,8.7
超能陆战队,2014, 美国 , 喜剧 动作 科幻 动画 冒险                        ,877432人评价,Balalala~~~,8.7
无人知晓,2004, 日本 , 剧情                        ,264950人评价,我的平常生活就是他人的幸福。,9.1
小森林 冬春篇,2015, 日本 , 剧情                        ,330354人评价,尊敬他人，尊敬你生活的这片土地，明白孤独是人生的常态。,9.0
完美的世界,1993, 美国 , 剧情 犯罪                        ,258201人评价,坏人的好总是比好人的好来得更感人。,9.1
倩女幽魂,1987, 中国香港 , 爱情 奇幻 武侠 古装                        ,640362人评价,两张绝世的脸。 ,8.8
爱在日落黄昏时,2004, 美国 法国 , 剧情 爱情                        ,461288人评价,九年后的重逢是世俗和责任的交叠，没了悸动和青涩，沧桑而温暖。,8.9
侧耳倾听,1995, 日本 , 剧情 爱情 动画                        ,400759人评价,少女情怀总是诗。,8.9
借东西的小人阿莉埃蒂,2010, 日本 , 动画 奇幻 冒险                        ,475010人评价,曾经的那段美好会沉淀为一辈子的记忆。,8.9
甜蜜蜜,1996, 中国香港 , 剧情 爱情                        ,452577人评价,相逢只要一瞬间，等待却像是一辈子。,8.9
萤火之森,2011, 日本 , 剧情 爱情 动画 奇幻                        ,453915人评价,触不到的恋人。,8.9
驯龙高手,2010, 美国 , 动画 奇幻 冒险                        ,661583人评价,和谐的生活离不开摸头与被摸头。,8.7
幸福终点站,2004, 美国 , 喜剧 剧情 爱情                        ,479664人评价,有时候幸福需要等一等。 ,8.8
玛丽和马克思,2009, 澳大利亚 美国 , 剧情 喜剧 动画                        ,382841人评价,你是我最好的朋友，你是我唯一的朋友 。,8.9
时空恋旅人,2013, 英国 , 喜剧 爱情 奇幻                        ,537576人评价,把每天当作最后一天般珍惜度过，积极拥抱生活，就是幸福。,8.8
大鱼,2003, 美国 , 剧情 家庭 奇幻 冒险                        ,499958人评价,抱着梦想而活着的人是幸福的，怀抱梦想而死去的人是不朽的。,8.8
怪兽电力公司,2001, 美国 , 儿童 喜剧 动画 奇幻 冒险                        ,572624人评价,不要给它起名字，起了名字就有感情了。,8.7
告白,2010, 日本 , 剧情 悬疑                        ,605306人评价,没有一人完全善，也没有一人完全恶。,8.8
阳光姐妹淘,2011, 韩国 , 剧情 喜剧                        ,536665人评价,再多各自牛逼的时光，也比不上一起傻逼的岁月。 ,8.8
射雕英雄传之东成西就,1993, 中国香港 , 喜剧 奇幻 武侠 古装                        ,559229人评价,百看不厌。 ,8.7
神偷奶爸,2010, 美国 法国 , 喜剧 动画 冒险                        ,837825人评价,Mr. I Don't Care其实也有Care的时候。,8.6
教父3,1990, 美国 , 剧情 犯罪                        ,311803人评价,任何信念的力量，都无法改变命运。,9.0
傲慢与偏见,2005, 法国 英国 美国 , 剧情 爱情                        ,682420人评价,爱是摈弃傲慢与偏见之后的曙光。,8.7
玩具总动员3,2010, 美国 , 喜剧 动画 奇幻 冒险                        ,440845人评价,跨度十五年的欢乐与泪水。,8.9
釜山行,2016, 韩国 , 动作 惊悚 灾难                        ,1033174人评价,揭露人性的丧尸题材力作。,8.6
恐怖直播,2013, 韩国 , 剧情 犯罪 悬疑                        ,566793人评价,恐怖分子的“秋菊打官司”。,8.7
一个叫欧维的男人决定去死,2015, 瑞典 , 剧情                        ,376946人评价,惠及一生的美丽。,8.9
哪吒闹海,1979, 中国大陆 , 冒险 动画 奇幻                        ,221019人评价,想你时你在闹海。,9.1
被解救的姜戈,2012, 美国 , 剧情 动作 西部 冒险                        ,524532人评价,热血沸腾，那个低俗、性感的无耻混蛋又来了。,8.8
血战钢锯岭,2016, 澳大利亚 美国 , 剧情 传记 历史 战争                        ,691021人评价,优秀的战争片不会美化战场，不会粉饰死亡，不会矮化敌人，不会无视常识，最重要的，不会宣扬战争。,8.7
未麻的部屋,1997, 日本 , 动画 奇幻 惊悚                        ,261786人评价,好的剧本是，就算你猜到了结局也猜不到全部。,9.0
头号玩家,2018, 美国 , 动作 科幻 冒险                        ,1196979人评价,写给影迷，动漫迷和游戏迷的一封情书。,8.7
我是山姆,2001, 美国 , 剧情 家庭                        ,281644人评价,爱并不需要智商 。,9.0
七武士,1954, 日本 , 动作 冒险 剧情                        ,167582人评价,时代悲歌。,9.3
喜宴,1993, 中国台湾 美国 , 剧情 喜剧 爱情 同性 家庭                        ,298901人评价,中国家庭的喜怒哀乐忍。,8.9
新世界,2013, 韩国 , 剧情 犯罪                        ,332227人评价,要做就做得狠一点，这样才能活下去。,8.9
电锯惊魂,2004, 美国 , 悬疑 惊悚 恐怖                        ,455000人评价,真相就在眼前。,8.8
模仿游戏,2014, 英国 美国 , 剧情 传记 战争 同性                        ,541128人评价,他给机器起名“克里斯托弗”，因为这是他初恋的名字。,8.7
黑客帝国3：矩阵革命,2003, 美国 , 动作 科幻                        ,383615人评价,不得不说，《黑客帝国》系列是商业片与科幻、哲学完美结合的典范。,8.8
花样年华,2000, 中国香港 , 剧情 爱情                        ,509015人评价,偷情本没有这样美。,8.7
卢旺达饭店,2004, 英国 南非 意大利 美国 , 剧情 传记 历史 战争                        ,278531人评价,当这个世界闭上双眼，他却敞开了怀抱。,8.9
上帝之城,2002, 巴西 法国 , 犯罪 剧情                        ,267918人评价,被上帝抛弃了的上帝之城。,9.0
三块广告牌,2017, 美国 英国 , 剧情 犯罪                        ,720437人评价,怼天怼地，你走后，她与世界为敌。,8.7
疯狂原始人,2013, 美国 , 喜剧 动画 冒险                        ,745722人评价,老少皆宜，这就是好莱坞动画的魅力。,8.7
风之谷,1984, 日本 , 动画 奇幻 冒险                        ,318908人评价,动画片的圣经。,8.9
你的名字。,2016, 日本 , 剧情 爱情 动画                        ,1205837人评价,穿越错位的时空，仰望陨落的星辰，你没留下你的名字，我却无法忘记那句“我爱你”。,8.5
谍影重重3,2007, 美国 德国 , 动作 悬疑 惊悚                        ,369142人评价,像吃了苏打饼一样干脆的电影。,8.8
英雄本色,1986, 中国香港 , 剧情 动作 犯罪                        ,456887人评价,英雄泪短，兄弟情长。 ,8.6
头脑特工队,2015, 美国 , 喜剧 动画 冒险                        ,518357人评价,愿我们都不用长大，每一座城堡都能永远存在。,8.7
达拉斯买家俱乐部,2013, 美国 , 剧情 传记 同性                        ,392152人评价,Jared Leto的腿比女人还美！,8.8
纵横四海,1991, 中国香港 , 剧情 喜剧 动作 犯罪                        ,360420人评价,香港浪漫主义警匪动作片的巅峰之作。,8.8
心迷宫,2014, 中国大陆 , 剧情 犯罪 悬疑                        ,437507人评价,荒诞讽刺，千奇百巧，抽丝剥茧，百转千回。,8.7
岁月神偷,2010, 中国香港 中国大陆 , 剧情 家庭                        ,522473人评价,岁月流逝，来日可追。,8.7
记忆碎片,2000, 美国 , 犯罪 剧情 悬疑 惊悚                        ,533424人评价,一个针管引发的血案。,8.7
惊魂记,1960, 美国 , 悬疑 惊悚 恐怖                        ,230830人评价,故事的反转与反转，分裂电影的始祖。,9.0
忠犬八公物语,1987, 日本 , 剧情                        ,166986人评价,养狗三日，便会对你终其一生。,9.2
海街日记,2015, 日本 , 剧情 家庭                        ,375096人评价,是枝裕和的家庭习作。,8.8
荒蛮故事,2014, 阿根廷 西班牙 , 剧情 喜剧 犯罪                        ,380388人评价,始于荒诞，止于更荒诞。,8.8
爆裂鼓手,2014, 美国 , 剧情 音乐                        ,495963人评价,这个世界从不善待努力的人，努力了也不一定会成功，但是知道自己在努力，就是活下去的动力。,8.7
贫民窟的百万富翁,2008, 英国 , 剧情 爱情                        ,660799人评价,上帝之城+猜火车+阿甘正传+开心辞典=山寨富翁,8.6
真爱至上,2003, 英国 美国 法国 , 喜剧 剧情 爱情                        ,630382人评价,爱，是个动词。,8.6
东邪西毒,1994, 中国香港 中国台湾 , 剧情 动作 爱情 武侠 古装                        ,512288人评价,电影诗。,8.6
绿里奇迹,1999, 美国 , 犯罪 剧情 奇幻 悬疑                        ,270219人评价,天使暂时离开。,8.9
小偷家族,2018, 日本 , 剧情 犯罪 家庭                        ,722167人评价,我们组成了家。,8.7
爱在午夜降临前,2013, 美国 希腊 , 剧情 爱情                        ,320376人评价,所谓爱情，就是话唠一路，都不会心生腻烦，彼此嫌弃。,8.8
无敌破坏王,2012, 美国 , 喜剧 动画 奇幻 冒险                        ,463033人评价,迪士尼和皮克斯拿错剧本的产物。,8.7
冰川时代,2002, 美国 , 喜剧 动画 冒险                        ,540030人评价,松鼠才是角儿。,8.6
黑天鹅,2010, 美国 , 剧情 惊悚                        ,712135人评价,黑暗之美。,8.6
你看起来好像很好吃,2010, 日本 , 剧情 动画 儿童                        ,292973人评价,感情不分食草或者食肉。,8.9
疯狂的石头,2006, 中国大陆 中国香港 , 喜剧 犯罪                        ,703997人评价,中国版《两杆大烟枪》。,8.5
萤火虫之墓,1988, 日本 , 动画 剧情 战争                        ,367615人评价,幸福是生生不息，却难以触及的远。 ,8.7
色，戒,2007, 中国台湾 中国大陆 美国 中国香港 , 剧情 爱情 情色                        ,629864人评价,假戏真情，爱欲深海,8.6
雨人,1988, 美国 , 剧情                        ,358106人评价,生活在自己的世界里，也可以让周围的人显得可笑和渺小。,8.7
雨中曲,1952, 美国 , 喜剧 歌舞 爱情                        ,183405人评价,骨灰级歌舞片。,9.1
恐怖游轮,2009, 英国 澳大利亚 , 剧情 悬疑 惊悚                        ,702790人评价,不要企图在重复中寻找已经失去的爱。,8.5
恋恋笔记本,2004, 美国 , 剧情 爱情                        ,576439人评价,爱情没有那么多借口，如果不能圆满，只能说明爱的不够。 ,8.6
魔女宅急便,1989, 日本 , 动画 奇幻 冒险                        ,398461人评价,宫崎骏的电影总让人感觉世界是美好的，阳光明媚的。,8.7
2001太空漫游,1968, 英国 美国 , 科幻 惊悚 冒险                        ,264237人评价,现代科幻电影的开山之作，最伟大导演的最伟大影片。,8.9
城市之光,1931, 美国 , 喜剧 剧情 爱情                        ,120388人评价,永远的小人物，伟大的卓别林。,9.3
可可西里,2004, 中国大陆 中国香港 , 剧情 犯罪                        ,260136人评价,坚硬的信仰。,8.8
虎口脱险,1966, 法国 英国 , 喜剧 战争                        ,214163人评价,永远看不腻的喜剧。,8.9
人工智能,2001, 美国 英国 , 剧情 科幻                        ,384267人评价,对爱的执着，可以超越一切。,8.7
遗愿清单,2007, 美国 , 冒险 喜剧 剧情                        ,364554人评价,用剩余不多的时间，去燃烧整个生命。,8.7
二十二,2015, 中国大陆 , 纪录片                        ,263835人评价,有一些东西不应该被遗忘。,8.7
初恋这件小事,2010, 泰国 , 剧情 喜剧 爱情                        ,885123人评价,黑小鸭速效美白记。,8.4
大佛普拉斯,2017, 中国台湾 , 剧情 喜剧                        ,368709人评价,人们可以登上月球，却永远无法探索人们内心的宇宙。,8.7
海边的曼彻斯特,2016, 美国 , 剧情 家庭                        ,427004人评价,我们都有权利不与自己的过去和解。,8.6
奇迹男孩,2017, 美国 中国香港 , 剧情 儿童 家庭                        ,494956人评价,世界不完美，爱会有奇迹。,8.6
罗生门,1950, 日本 , 剧情 犯罪 悬疑                        ,269032人评价,人生的N种可能性。,8.8
牯岭街少年杀人事件,1991, 中国台湾 , 剧情 犯罪                        ,235143人评价,弱者送给弱者的一刀。,8.9
终结者2：审判日,1991, 美国 法国 , 动作 科幻                        ,301092人评价,少见的超越首部的续集，动作片中的经典。,8.8
房间,2015, 爱尔兰 加拿大 英国 美国 , 剧情 家庭                        ,333728人评价,被偷走的岁月，被伤害的生命，被禁锢的灵魂，终将被希望和善意救赎。,8.8
源代码,2011, 美国 加拿大 , 科幻 悬疑 惊悚                        ,715178人评价,邓肯·琼斯继《月球》之后再度奉献出一部精彩绝伦的科幻佳作。,8.5
青蛇,1993, 中国香港 中国大陆 , 剧情 爱情 奇幻 古装                        ,452526人评价,人生如此，浮生如斯。谁人言，花彼岸，此生情长意短。谁都是不懂爱的罢了。,8.6
新龙门客栈,1992, 中国香港 中国大陆 , 动作 爱情 武侠 古装                        ,384925人评价,嬉笑怒骂，调风动月。,8.6
疯狂的麦克斯4：狂暴之路,2015, 澳大利亚 美国 , 动作 科幻 冒险                        ,456547人评价,“多么美好的一天！”轰轰轰砰咚，啪哒哒哒轰隆隆，磅~,8.6
魂断蓝桥,1940, 美国 , 剧情 爱情 战争                        ,241563人评价,中国式内在的美国电影。,8.8
无耻混蛋,2009, 德国 美国 , 剧情 犯罪                        ,413586人评价,昆汀同学越来越变态了，比北野武还杜琪峰。,8.6
步履不停,2008, 日本 , 剧情 家庭                        ,237383人评价,日本的家庭电影已经是世界巅峰了，步履不停是巅峰中的佳作。,8.8
血钻,2006, 美国 德国 英国 , 剧情 惊悚 冒险                        ,322760人评价,每个美丽事物背后都是滴血的现实。,8.7
彗星来的那一夜,2013, 美国 英国 , 科幻 悬疑 惊悚                        ,469713人评价,小成本大魅力。,8.5
千钧一发,1997, 美国 , 剧情 科幻 惊悚                        ,240317人评价,一部能引人思考的科幻励志片。,8.8
黑客帝国2：重装上阵,2003, 美国 , 动作 科幻                        ,343931人评价,一个精彩的世界观正在缓缓建立。,8.6
燃情岁月,1994, 美国 , 剧情 爱情 战争 西部                        ,253914人评价,传奇，不是每个人都可以拥有。,8.8
战争之王,2005, 法国 德国 美国 , 剧情 犯罪                        ,312263人评价,做一颗让别人需要你的棋子。,8.7
谍影重重2,2004, 美国 德国 , 动作 悬疑 惊悚                        ,309607人评价,谁说王家卫镜头很晃？,8.7
海洋,2009, 法国 瑞士 西班牙 美国 阿联酋 摩纳哥 , 纪录片                        ,144662人评价,大海啊，不全是水。,9.1
阿飞正传,1990, 中国香港 , 犯罪 剧情 爱情                        ,437546人评价,王家卫是一种风格，张国荣是一个代表。,8.5
穿越时空的少女,2006, 日本 , 剧情 爱情 科幻 动画                        ,339995人评价,爱上未来的你。 ,8.6
谍影重重,2002, 美国 德国 捷克 , 动作 悬疑 惊悚                        ,371190人评价,哗啦啦啦啦，天在下雨，哗啦啦啦啦，云在哭泣……找自己。,8.6
地球上的星星,2007, 印度 , 剧情 儿童 家庭                        ,181615人评价,天使保护事件始末。,8.9
香水,2006, 德国 法国 西班牙 美国 比利时 , 剧情 犯罪 奇幻                        ,486765人评价,一个单凭体香达到高潮的男人。,8.5
再次出发之纽约遇见你,2013, 美国 , 喜剧 爱情 音乐                        ,372371人评价,爱我就给我看你的播放列表。,8.6
完美陌生人,2016, 意大利 , 剧情 喜剧                        ,470488人评价,来啊，互相伤害啊！,8.5
我爱你,2011, 韩国 , 剧情 爱情                        ,144487人评价,你要相信，这世上真的有爱存在，不管在什么年纪 ,9.1
朗读者,2008, 美国 德国 , 剧情 爱情                        ,411381人评价,当爱情跨越年龄的界限，它似乎能变得更久远一点，成为一种责任，一种水到渠成的相濡以沫。 ,8.6
聚焦,2015, 美国 , 剧情 传记                        ,244560人评价,新闻人的理性求真。,8.8
小萝莉的猴神大叔,2015, 印度 , 剧情 喜剧 动作                        ,434290人评价,宝莱坞的萝莉与大叔。,8.4
驴得水,2016, 中国大陆 , 剧情 喜剧                        ,807694人评价,过去的如果就让它过去了，未来只会越来越糟！,8.3
浪潮,2008, 德国 , 剧情 惊悚                        ,239837人评价,世界离独裁只有五天。,8.7
猜火车,1996, 英国 , 剧情 犯罪                        ,376239人评价,不可猜的青春迷笛。 ,8.6
千年女优,2001, 日本 , 动画 剧情 爱情                        ,207908人评价,爱情是一场没有尽头的虚幻追逐。,8.8
