Word1,Word2,Weight
三亚,海棠湾,64
三亚,椰梦长廊,34
三亚,亚龙湾,57
三亚,后海村,4
三亚,亚特兰蒂斯水世界,7
三亚,南山文化旅游区,5
三亚,三亚国际免税城,8
三亚,三亚湾,52
三亚,蜈支洲岛,29
三亚,亚特兰蒂斯失落的空间水族馆,2
三亚,第一市场,19
三亚,热带雨林,5
三亚,落笔洞,4
三亚,水稻国家公园,4
三亚,红树林,6
三亚,红树林度假,5
三亚,皇冠假日,1
三亚,清水湾,4
三亚,一线海景,1
三亚,大东海,42
三亚,半山半岛帆船港,12
三亚,情人岛,6
三亚,岛海钓会所,1
三亚,崖州湾,4
三亚,三亚悦榕庄,1
三亚,情人湾,1
三亚,博鳌,1
三亚,神州半岛,1
三亚,日月湾,1
三亚,凤凰岛,9
三亚,万泉河,1
三亚,南湾猴岛,3
三亚,南山海上观音,2
三亚,南山寺,10
三亚,三十三观音堂,2
三亚,观海台,1
三亚,解放路步行街,3
三亚,华宇度假,1
三亚,天涯海角,27
三亚,后海,12
三亚,情人桥,17
三亚,海棠广场,1
三亚,希尔顿,5
三亚,珊瑚酒店,2
三亚,观日岩,4
三亚,美高梅,1
三亚,喜来登,11
三亚,三亚河,6
三亚,西岛,13
三亚,牛王岛,2
三亚,椰子树,4
三亚,三亚海立方度假酒店,1
三亚,三亚天域度假酒店,1
三亚,亚龙湾中心广场,2
三亚,鹿回头风景区,2
三亚,榆林港,3
三亚,南天一柱,8
三亚,三亚海棠湾天房洲际度假酒店,1
三亚,海底世界,1
三亚,百福湾,1
三亚,香水湾,5
三亚,崖州古城,2
三亚,银泰阳光,1
三亚,皇后湾,2
三亚,小东海,6
三亚,海月广场,5
三亚,亚龙湾潜水,1
三亚,蝴蝶谷,3
三亚,白鹭公园,3
三亚,大小洞天,12
三亚,临春岭森林公园,2
三亚,亚龙湾国际玫瑰谷,2
三亚,亚龙湾热带天堂森林公园,8
三亚,兰花谷,2
三亚,小洞天,3
三亚,鹿回头山顶公园,3
三亚,鸟巢度假村,2
三亚,过江龙索桥,2
三亚,鹿回头高尔夫球会,1
三亚,三亚宋城浪浪浪水公园,1
三亚,三道谷,2
三亚,根抱石,1
三亚,蜈支洲岛旅游区,1
三亚,三亚免税店,9
三亚,三亚时光仓怀旧艺术客栈,1
三亚,沧海楼,1
三亚,鹿回头广场,2
三亚,凤凰岭海誓山盟景区,2
三亚,牛王岭,2
三亚,威斯汀,4
三亚,分界洲岛,1
三亚,东岸湿地公园,1
三亚,小月湾,1
三亚,南海龙王别院,1
三亚,东岛,2
三亚,三亚凤凰岛度假酒店,1
三亚,半山半岛,1
三亚,三亚千古情景区,3
三亚,京润珍珠博物馆,1
三亚,凤凰岭公园,1
三亚,兰花世界主题公园,1
三亚,热带海洋世界,1
三亚,槟榔河,1
三亚,亚龙湾海底世界,1
三亚,亚龙湾蝴蝶谷,1
三亚,珠江南田温泉,1
三亚,一间海景,1
三亚,图腾柱,2
三亚,三亚亚龙湾铂尔曼别墅度假酒店,2
三亚,龙仔湾,1
三亚,丽思卡尔顿,1
三亚,铂尔曼,1
三亚,金玉观音,1
三亚,长寿谷,1
三亚,大花角,1
三亚,七彩沙滩,1
三亚,海南石梅湾艾美度假酒店,1
三亚,白沙滩,1
三亚,蛇口,1
三亚,时光仓怀旧,1
三亚,百花谷商业街,1
三亚,蓝色海,1
三亚,观海长廊,1
三亚,三亚海棠湾民生威斯汀度假酒店,1
三亚,妈祖庙,1
三亚,爱心大世界,1
三亚,兰花世界,1
三亚,三亚宋城旅游区,1
海棠湾,椰梦长廊,30
海棠湾,亚龙湾,49
海棠湾,后海村,4
海棠湾,亚特兰蒂斯水世界,5
海棠湾,南山文化旅游区,5
海棠湾,三亚国际免税城,9
海棠湾,三亚湾,47
海棠湾,蜈支洲岛,26
海棠湾,亚特兰蒂斯失落的空间水族馆,2
海棠湾,第一市场,19
海棠湾,热带雨林,6
海棠湾,落笔洞,3
海棠湾,水稻国家公园,4
海棠湾,红树林,8
海棠湾,红树林度假,4
海棠湾,皇冠假日,1
海棠湾,清水湾,4
海棠湾,一线海景,2
海棠湾,大东海,36
海棠湾,半山半岛帆船港,9
海棠湾,情人岛,5
海棠湾,岛海钓会所,1
海棠湾,崖州湾,4
海棠湾,三亚悦榕庄,1
海棠湾,情人湾,1
海棠湾,博鳌,2
海棠湾,神州半岛,1
海棠湾,日月湾,2
海棠湾,凤凰岛,7
海棠湾,万泉河,2
海棠湾,南湾猴岛,3
海棠湾,南山海上观音,1
海棠湾,南山寺,9
海棠湾,三十三观音堂,2
海棠湾,观海台,1
海棠湾,解放路步行街,1
海棠湾,华宇度假,1
海棠湾,天涯海角,25
海棠湾,后海,13
海棠湾,情人桥,16
海棠湾,海棠广场,1
海棠湾,希尔顿,4
海棠湾,珊瑚酒店,1
海棠湾,观日岩,3
海棠湾,美高梅,1
海棠湾,喜来登,14
海棠湾,三亚河,6
海棠湾,西岛,13
海棠湾,牛王岛,2
海棠湾,椰子树,4
海棠湾,三亚海立方度假酒店,1
海棠湾,三亚天域度假酒店,1
海棠湾,亚龙湾中心广场,2
海棠湾,鹿回头风景区,2
海棠湾,榆林港,3
海棠湾,南天一柱,7
海棠湾,三亚海棠湾天房洲际度假酒店,1
海棠湾,海底世界,1
海棠湾,百福湾,1
海棠湾,香水湾,3
海棠湾,海口,2
海棠湾,琼州海峡,1
海棠湾,东坡书院,1
海棠湾,中和古镇,1
海棠湾,鱼麟洲,1
海棠湾,崖州中心渔港,1
海棠湾,崖州古城,3
海棠湾,银泰阳光,2
海棠湾,希尔顿逸林,2
海棠湾,五指山,2
海棠湾,兴隆热带植物园,1
海棠湾,东屿岛,1
海棠湾,玉带滩,1
海棠湾,博鳌东方文化苑,1
海棠湾,博鳌禅寺,1
海棠湾,红色娘子军纪念园,1
海棠湾,万泉河游览区,1
海棠湾,皇马假日,1
海棠湾,椰子大观园,1
海棠湾,文昌孔庙,1
海棠湾,东郊椰林,2
海棠湾,文昌卫星发射中心,1
海棠湾,宋庆龄祖居,1
海棠湾,五公祠,1
海棠湾,苏公祠,1
海棠湾,五公祠陈列馆,1
海棠湾,海南省博物馆,1
海棠湾,骑楼老街,2
海棠湾,西海岸带状公园,1
海棠湾,滨海公园,1
海棠湾,西秀海滩,1
海棠湾,假日海滩,1
海棠湾,皇后湾,2
海棠湾,小东海,6
海棠湾,海月广场,4
海棠湾,蝴蝶谷,3
海棠湾,白鹭公园,3
海棠湾,大小洞天,10
海棠湾,临春岭森林公园,2
海棠湾,亚龙湾国际玫瑰谷,2
海棠湾,亚龙湾热带天堂森林公园,5
海棠湾,兰花谷,2
海棠湾,小洞天,2
海棠湾,鹿回头山顶公园,2
海棠湾,鸟巢度假村,2
海棠湾,过江龙索桥,2
海棠湾,溪北书院,1
海棠湾,铜鼓岭,1
海棠湾,月亮湾,1
海棠湾,鹿回头高尔夫球会,1
海棠湾,中山路,1
海棠湾,三亚宋城浪浪浪水公园,1
海棠湾,三道谷,2
海棠湾,根抱石,1
海棠湾,蜈支洲岛旅游区,1
海棠湾,三亚免税店,7
海棠湾,三亚时光仓怀旧艺术客栈,1
海棠湾,沧海楼,1
海棠湾,鹿回头广场,2
海棠湾,凤凰岭海誓山盟景区,2
海棠湾,牛王岭,3
海棠湾,威斯汀,3
海棠湾,雅居乐,1
海棠湾,陵水,1
海棠湾,分界洲岛,2
海棠湾,吊罗山,1
海棠湾,椰田古寨,1
海棠湾,分界洲岛潜水,1
海棠湾,东岸湿地公园,2
海棠湾,小月湾,1
海棠湾,南海龙王别院,1
海棠湾,东岛,2
海棠湾,三亚凤凰岛度假酒店,1
海棠湾,半山半岛,1
海棠湾,三亚千古情景区,2
海棠湾,京润珍珠博物馆,1
海棠湾,凤凰岭公园,1
海棠湾,兰花世界主题公园,1
海棠湾,热带海洋世界,1
海棠湾,槟榔河,1
海棠湾,亚龙湾海底世界,1
海棠湾,亚龙湾蝴蝶谷,1
海棠湾,珠江南田温泉,1
海棠湾,一间海景,1
海棠湾,图腾柱,2
海棠湾,万宁,1
海棠湾,龙仔湾,1
海棠湾,金玉观音,1
海棠湾,长寿谷,1
海棠湾,时光仓怀旧,1
海棠湾,三亚海棠湾民生威斯汀度假酒店,1
海棠湾,妈祖庙,1
海棠湾,爱心大世界,1
海棠湾,兰花世界,1
海棠湾,三亚宋城旅游区,1
椰梦长廊,亚龙湾,31
椰梦长廊,后海村,3
椰梦长廊,亚特兰蒂斯水世界,3
椰梦长廊,南山文化旅游区,3
椰梦长廊,三亚国际免税城,5
椰梦长廊,三亚湾,32
椰梦长廊,蜈支洲岛,13
椰梦长廊,亚特兰蒂斯失落的空间水族馆,1
椰梦长廊,第一市场,15
椰梦长廊,热带雨林,3
椰梦长廊,落笔洞,1
椰梦长廊,水稻国家公园,2
椰梦长廊,红树林,2
椰梦长廊,红树林度假,3
椰梦长廊,清水湾,3
椰梦长廊,一线海景,1
椰梦长廊,大东海,23
椰梦长廊,半山半岛帆船港,10
椰梦长廊,情人岛,3
椰梦长廊,崖州湾,1
椰梦长廊,凤凰岛,6
椰梦长廊,南湾猴岛,1
椰梦长廊,南山寺,7
椰梦长廊,三十三观音堂,1
椰梦长廊,解放路步行街,2
椰梦长廊,天涯海角,17
椰梦长廊,后海,9
椰梦长廊,情人桥,12
椰梦长廊,希尔顿,2
椰梦长廊,观日岩,1
椰梦长廊,喜来登,4
椰梦长廊,三亚河,5
椰梦长廊,西岛,8
椰梦长廊,牛王岛,1
椰梦长廊,椰子树,1
椰梦长廊,三亚天域度假酒店,1
椰梦长廊,亚龙湾中心广场,2
椰梦长廊,鹿回头风景区,2
椰梦长廊,榆林港,2
椰梦长廊,南天一柱,4
椰梦长廊,百福湾,1
椰梦长廊,香水湾,3
椰梦长廊,海口,1
椰梦长廊,崖州古城,2
椰梦长廊,银泰阳光,1
椰梦长廊,希尔顿逸林,1
椰梦长廊,东郊椰林,1
椰梦长廊,骑楼老街,1
椰梦长廊,皇后湾,2
椰梦长廊,小东海,6
椰梦长廊,海月广场,4
椰梦长廊,亚龙湾潜水,1
椰梦长廊,蝴蝶谷,3
椰梦长廊,白鹭公园,2
椰梦长廊,大小洞天,8
椰梦长廊,临春岭森林公园,2
椰梦长廊,亚龙湾国际玫瑰谷,2
椰梦长廊,亚龙湾热带天堂森林公园,5
椰梦长廊,兰花谷,2
椰梦长廊,小洞天,3
椰梦长廊,鹿回头山顶公园,3
椰梦长廊,鸟巢度假村,2
椰梦长廊,过江龙索桥,2
椰梦长廊,溪北书院,1
椰梦长廊,铜鼓岭,1
椰梦长廊,月亮湾,1
椰梦长廊,鹿回头高尔夫球会,2
椰梦长廊,中山路,1
椰梦长廊,三亚免税店,5
椰梦长廊,三亚时光仓怀旧艺术客栈,1
椰梦长廊,沧海楼,1
椰梦长廊,鹿回头广场,2
椰梦长廊,凤凰岭海誓山盟景区,1
椰梦长廊,牛王岭,2
椰梦长廊,威斯汀,1
椰梦长廊,雅居乐,1
椰梦长廊,陵水,1
椰梦长廊,分界洲岛,1
椰梦长廊,吊罗山,1
椰梦长廊,椰田古寨,1
椰梦长廊,分界洲岛潜水,1
椰梦长廊,东岸湿地公园,2
椰梦长廊,小月湾,1
椰梦长廊,南海龙王别院,1
椰梦长廊,东岛,1
椰梦长廊,半山半岛,1
椰梦长廊,三亚千古情景区,1
椰梦长廊,京润珍珠博物馆,1
椰梦长廊,凤凰岭公园,1
椰梦长廊,兰花世界主题公园,1
椰梦长廊,热带海洋世界,1
椰梦长廊,槟榔河,1
椰梦长廊,亚龙湾海底世界,1
椰梦长廊,亚龙湾蝴蝶谷,1
椰梦长廊,珠江南田温泉,1
椰梦长廊,一间海景,1
椰梦长廊,三亚亚龙湾铂尔曼别墅度假酒店,1
椰梦长廊,龙仔湾,1
椰梦长廊,丽思卡尔顿,1
椰梦长廊,铂尔曼,1
椰梦长廊,金玉观音,1
椰梦长廊,长寿谷,1
椰梦长廊,时光仓怀旧,1
亚龙湾,后海村,4
亚龙湾,亚特兰蒂斯水世界,3
亚龙湾,南山文化旅游区,4
亚龙湾,三亚国际免税城,7
亚龙湾,三亚湾,47
亚龙湾,蜈支洲岛,20
亚龙湾,亚特兰蒂斯失落的空间水族馆,2
亚龙湾,第一市场,16
亚龙湾,热带雨林,5
亚龙湾,落笔洞,3
亚龙湾,水稻国家公园,3
亚龙湾,红树林,7
亚龙湾,红树林度假,4
亚龙湾,清水湾,2
亚龙湾,一线海景,1
亚龙湾,大东海,37
亚龙湾,半山半岛帆船港,9
亚龙湾,情人岛,5
亚龙湾,岛海钓会所,1
亚龙湾,崖州湾,4
亚龙湾,三亚悦榕庄,1
亚龙湾,情人湾,1
亚龙湾,博鳌,1
亚龙湾,日月湾,1
亚龙湾,凤凰岛,8
亚龙湾,万泉河,1
亚龙湾,南湾猴岛,2
亚龙湾,南山海上观音,1
亚龙湾,南山寺,8
亚龙湾,三十三观音堂,1
亚龙湾,解放路步行街,3
亚龙湾,华宇度假,1
亚龙湾,天涯海角,24
亚龙湾,后海,10
亚龙湾,情人桥,15
亚龙湾,海棠广场,1
亚龙湾,希尔顿,5
亚龙湾,珊瑚酒店,1
亚龙湾,观日岩,2
亚龙湾,美高梅,1
亚龙湾,喜来登,10
亚龙湾,三亚河,6
亚龙湾,西岛,13
亚龙湾,牛王岛,2
亚龙湾,椰子树,4
亚龙湾,三亚海立方度假酒店,1
亚龙湾,三亚天域度假酒店,1
亚龙湾,亚龙湾中心广场,2
亚龙湾,鹿回头风景区,2
亚龙湾,榆林港,2
亚龙湾,南天一柱,6
亚龙湾,百福湾,2
亚龙湾,香水湾,5
亚龙湾,海口,2
亚龙湾,琼州海峡,1
亚龙湾,东坡书院,1
亚龙湾,中和古镇,1
亚龙湾,鱼麟洲,1
亚龙湾,崖州中心渔港,1
亚龙湾,崖州古城,3
亚龙湾,银泰阳光,2
亚龙湾,希尔顿逸林,2
亚龙湾,五指山,2
亚龙湾,兴隆热带植物园,1
亚龙湾,东屿岛,1
亚龙湾,玉带滩,1
亚龙湾,博鳌东方文化苑,1
亚龙湾,博鳌禅寺,1
亚龙湾,红色娘子军纪念园,1
亚龙湾,万泉河游览区,1
亚龙湾,皇马假日,1
亚龙湾,椰子大观园,1
亚龙湾,文昌孔庙,1
亚龙湾,东郊椰林,2
亚龙湾,文昌卫星发射中心,1
亚龙湾,宋庆龄祖居,1
亚龙湾,五公祠,1
亚龙湾,苏公祠,1
亚龙湾,五公祠陈列馆,1
亚龙湾,海南省博物馆,1
亚龙湾,骑楼老街,2
亚龙湾,西海岸带状公园,1
亚龙湾,滨海公园,1
亚龙湾,西秀海滩,1
亚龙湾,假日海滩,1
亚龙湾,皇后湾,2
亚龙湾,小东海,5
亚龙湾,海月广场,4
亚龙湾,亚龙湾潜水,1
亚龙湾,蝴蝶谷,3
亚龙湾,白鹭公园,2
亚龙湾,大小洞天,9
亚龙湾,临春岭森林公园,2
亚龙湾,亚龙湾国际玫瑰谷,2
亚龙湾,亚龙湾热带天堂森林公园,7
亚龙湾,兰花谷,2
亚龙湾,小洞天,3
亚龙湾,鹿回头山顶公园,3
亚龙湾,鸟巢度假村,2
亚龙湾,过江龙索桥,2
亚龙湾,溪北书院,1
亚龙湾,铜鼓岭,1
亚龙湾,月亮湾,1
亚龙湾,鹿回头高尔夫球会,2
亚龙湾,中山路,1
亚龙湾,三道谷,2
亚龙湾,根抱石,1
亚龙湾,蜈支洲岛旅游区,1
亚龙湾,三亚免税店,7
亚龙湾,沧海楼,1
亚龙湾,鹿回头广场,2
亚龙湾,凤凰岭海誓山盟景区,2
亚龙湾,牛王岭,3
亚龙湾,威斯汀,3
亚龙湾,雅居乐,1
亚龙湾,陵水,1
亚龙湾,分界洲岛,2
亚龙湾,吊罗山,1
亚龙湾,椰田古寨,1
亚龙湾,分界洲岛潜水,1
亚龙湾,东岸湿地公园,1
亚龙湾,小月湾,1
亚龙湾,南海龙王别院,1
亚龙湾,东岛,2
亚龙湾,三亚凤凰岛度假酒店,1
亚龙湾,半山半岛,1
亚龙湾,三亚千古情景区,3
亚龙湾,京润珍珠博物馆,1
亚龙湾,凤凰岭公园,1
亚龙湾,兰花世界主题公园,1
亚龙湾,热带海洋世界,1
亚龙湾,槟榔河,1
亚龙湾,亚龙湾海底世界,1
亚龙湾,亚龙湾蝴蝶谷,1
亚龙湾,珠江南田温泉,1
亚龙湾,一间海景,1
亚龙湾,图腾柱,2
亚龙湾,三亚亚龙湾铂尔曼别墅度假酒店,2
亚龙湾,万宁,1
亚龙湾,龙仔湾,1
亚龙湾,丽思卡尔顿,1
亚龙湾,铂尔曼,1
亚龙湾,金玉观音,1
亚龙湾,长寿谷,1
亚龙湾,百花谷商业街,1
亚龙湾,三亚海棠湾民生威斯汀度假酒店,1
亚龙湾,三亚宋城旅游区,1
后海村,亚特兰蒂斯水世界,2
后海村,南山文化旅游区,2
后海村,三亚国际免税城,1
后海村,三亚湾,3
后海村,蜈支洲岛,4
后海村,亚特兰蒂斯失落的空间水族馆,1
后海村,第一市场,2
后海村,红树林,1
后海村,红树林度假,1
后海村,大东海,3
后海村,情人岛,2
后海村,崖州湾,1
后海村,凤凰岛,1
后海村,南山寺,1
后海村,天涯海角,1
后海村,后海,2
后海村,情人桥,1
后海村,海棠广场,1
后海村,希尔顿,1
后海村,珊瑚酒店,1
后海村,观日岩,1
后海村,西岛,1
后海村,牛王岛,1
后海村,南天一柱,1
后海村,崖州古城,1
后海村,皇后湾,1
后海村,小东海,1
后海村,海月广场,1
后海村,蝴蝶谷,2
后海村,白鹭公园,1
后海村,大小洞天,1
后海村,临春岭森林公园,1
后海村,亚龙湾国际玫瑰谷,1
后海村,亚龙湾热带天堂森林公园,1
后海村,兰花谷,1
后海村,小洞天,1
后海村,鹿回头山顶公园,1
后海村,鸟巢度假村,1
后海村,过江龙索桥,1
亚特兰蒂斯水世界,南山文化旅游区,1
亚特兰蒂斯水世界,三亚国际免税城,1
亚特兰蒂斯水世界,三亚湾,4
亚特兰蒂斯水世界,蜈支洲岛,2
亚特兰蒂斯水世界,亚特兰蒂斯失落的空间水族馆,1
亚特兰蒂斯水世界,第一市场,2
亚特兰蒂斯水世界,红树林,1
亚特兰蒂斯水世界,红树林度假,1
亚特兰蒂斯水世界,清水湾,2
亚特兰蒂斯水世界,一线海景,1
亚特兰蒂斯水世界,大东海,3
亚特兰蒂斯水世界,半山半岛帆船港,2
亚特兰蒂斯水世界,情人岛,1
亚特兰蒂斯水世界,天涯海角,1
亚特兰蒂斯水世界,后海,1
亚特兰蒂斯水世界,情人桥,2
亚特兰蒂斯水世界,海棠广场,1
亚特兰蒂斯水世界,希尔顿,1
亚特兰蒂斯水世界,珊瑚酒店,1
亚特兰蒂斯水世界,观日岩,1
亚特兰蒂斯水世界,喜来登,1
亚特兰蒂斯水世界,三亚海棠湾天房洲际度假酒店,1
亚特兰蒂斯水世界,海底世界,1
亚特兰蒂斯水世界,亚龙湾热带天堂森林公园,1
亚特兰蒂斯水世界,鹿回头山顶公园,1
亚特兰蒂斯水世界,鹿回头高尔夫球会,1
亚特兰蒂斯水世界,三亚免税店,1
亚特兰蒂斯水世界,三亚亚龙湾铂尔曼别墅度假酒店,1
南山文化旅游区,三亚国际免税城,1
南山文化旅游区,三亚湾,5
南山文化旅游区,蜈支洲岛,4
南山文化旅游区,亚特兰蒂斯失落的空间水族馆,1
南山文化旅游区,第一市场,3
南山文化旅游区,落笔洞,1
南山文化旅游区,水稻国家公园,1
南山文化旅游区,大东海,2
南山文化旅游区,情人岛,1
南山文化旅游区,崖州湾,1
南山文化旅游区,博鳌,1
南山文化旅游区,神州半岛,1
南山文化旅游区,日月湾,1
南山文化旅游区,凤凰岛,2
南山文化旅游区,万泉河,1
南山文化旅游区,南湾猴岛,1
南山文化旅游区,南山海上观音,1
南山文化旅游区,南山寺,3
南山文化旅游区,三十三观音堂,1
南山文化旅游区,观海台,1
南山文化旅游区,天涯海角,3
南山文化旅游区,西岛,2
南山文化旅游区,亚龙湾中心广场,1
南山文化旅游区,南天一柱,3
南山文化旅游区,崖州古城,2
南山文化旅游区,小东海,1
南山文化旅游区,海月广场,2
南山文化旅游区,蝴蝶谷,2
南山文化旅游区,白鹭公园,2
南山文化旅游区,大小洞天,3
南山文化旅游区,临春岭森林公园,1
南山文化旅游区,亚龙湾国际玫瑰谷,2
南山文化旅游区,亚龙湾热带天堂森林公园,2
南山文化旅游区,兰花谷,1
南山文化旅游区,小洞天,1
南山文化旅游区,鹿回头山顶公园,2
南山文化旅游区,鸟巢度假村,1
南山文化旅游区,过江龙索桥,1
南山文化旅游区,三道谷,1
南山文化旅游区,三亚免税店,1
南山文化旅游区,京润珍珠博物馆,1
南山文化旅游区,凤凰岭公园,1
南山文化旅游区,兰花世界主题公园,1
南山文化旅游区,热带海洋世界,1
南山文化旅游区,槟榔河,1
南山文化旅游区,亚龙湾海底世界,1
南山文化旅游区,亚龙湾蝴蝶谷,1
南山文化旅游区,珠江南田温泉,1
三亚国际免税城,三亚湾,7
三亚国际免税城,蜈支洲岛,5
三亚国际免税城,亚特兰蒂斯失落的空间水族馆,1
三亚国际免税城,第一市场,3
三亚国际免税城,清水湾,1
三亚国际免税城,大东海,5
三亚国际免税城,半山半岛帆船港,2
三亚国际免税城,情人岛,2
三亚国际免税城,岛海钓会所,1
三亚国际免税城,崖州湾,2
三亚国际免税城,三亚悦榕庄,1
三亚国际免税城,情人湾,1
三亚国际免税城,南湾猴岛,1
三亚国际免税城,南山海上观音,1
三亚国际免税城,天涯海角,1
三亚国际免税城,后海,2
三亚国际免税城,情人桥,2
三亚国际免税城,喜来登,5
三亚国际免税城,三亚河,2
三亚国际免税城,希尔顿逸林,1
三亚国际免税城,小东海,1
三亚国际免税城,大小洞天,1
三亚国际免税城,亚龙湾热带天堂森林公园,1
三亚国际免税城,小洞天,1
三亚国际免税城,蜈支洲岛旅游区,1
三亚国际免税城,威斯汀,1
三亚国际免税城,雅居乐,1
三亚国际免税城,陵水,1
三亚国际免税城,分界洲岛,1
三亚国际免税城,吊罗山,1
三亚国际免税城,椰田古寨,1
三亚国际免税城,分界洲岛潜水,1
三亚国际免税城,东岸湿地公园,2
三亚国际免税城,小月湾,1
三亚国际免税城,南海龙王别院,1
三亚国际免税城,时光仓怀旧,1
三亚湾,蜈支洲岛,18
三亚湾,亚特兰蒂斯失落的空间水族馆,2
三亚湾,第一市场,20
三亚湾,热带雨林,3
三亚湾,落笔洞,1
三亚湾,水稻国家公园,3
三亚湾,红树林,5
三亚湾,红树林度假,4
三亚湾,清水湾,5
三亚湾,一线海景,2
三亚湾,大东海,38
三亚湾,半山半岛帆船港,12
三亚湾,情人岛,4
三亚湾,崖州湾,3
三亚湾,博鳌,2
三亚湾,神州半岛,1
三亚湾,日月湾,2
三亚湾,凤凰岛,9
三亚湾,万泉河,2
三亚湾,南湾猴岛,4
三亚湾,南山海上观音,2
三亚湾,南山寺,10
三亚湾,三十三观音堂,2
三亚湾,观海台,1
三亚湾,解放路步行街,3
三亚湾,华宇度假,1
三亚湾,天涯海角,25
三亚湾,后海,8
三亚湾,情人桥,15
三亚湾,海棠广场,1
三亚湾,希尔顿,4
三亚湾,珊瑚酒店,1
三亚湾,观日岩,2
三亚湾,美高梅,1
三亚湾,喜来登,10
三亚湾,三亚河,7
三亚湾,西岛,12
三亚湾,牛王岛,1
三亚湾,椰子树,2
三亚湾,三亚海立方度假酒店,1
三亚湾,三亚天域度假酒店,1
三亚湾,亚龙湾中心广场,2
三亚湾,鹿回头风景区,2
三亚湾,榆林港,3
三亚湾,南天一柱,7
三亚湾,百福湾,2
三亚湾,香水湾,4
三亚湾,海口,2
三亚湾,琼州海峡,1
三亚湾,东坡书院,1
三亚湾,中和古镇,1
三亚湾,鱼麟洲,1
三亚湾,崖州中心渔港,1
三亚湾,崖州古城,3
三亚湾,银泰阳光,2
三亚湾,希尔顿逸林,2
三亚湾,五指山,2
三亚湾,兴隆热带植物园,1
三亚湾,东屿岛,1
三亚湾,玉带滩,1
三亚湾,博鳌东方文化苑,1
三亚湾,博鳌禅寺,1
三亚湾,红色娘子军纪念园,1
三亚湾,万泉河游览区,1
三亚湾,皇马假日,1
三亚湾,椰子大观园,1
三亚湾,文昌孔庙,1
三亚湾,东郊椰林,2
三亚湾,文昌卫星发射中心,1
三亚湾,宋庆龄祖居,1
三亚湾,五公祠,1
三亚湾,苏公祠,1
三亚湾,五公祠陈列馆,1
三亚湾,海南省博物馆,1
三亚湾,骑楼老街,2
三亚湾,西海岸带状公园,1
三亚湾,滨海公园,1
三亚湾,西秀海滩,1
三亚湾,假日海滩,1
三亚湾,皇后湾,1
三亚湾,小东海,5
三亚湾,海月广场,5
三亚湾,亚龙湾潜水,1
三亚湾,蝴蝶谷,2
三亚湾,白鹭公园,3
三亚湾,大小洞天,11
三亚湾,临春岭森林公园,2
三亚湾,亚龙湾国际玫瑰谷,2
三亚湾,亚龙湾热带天堂森林公园,6
三亚湾,兰花谷,2
三亚湾,小洞天,3
三亚湾,鹿回头山顶公园,3
三亚湾,鸟巢度假村,2
三亚湾,过江龙索桥,2
三亚湾,溪北书院,1
三亚湾,铜鼓岭,1
三亚湾,月亮湾,1
三亚湾,鹿回头高尔夫球会,2
三亚湾,中山路,1
三亚湾,三亚宋城浪浪浪水公园,1
三亚湾,三道谷,1
三亚湾,蜈支洲岛旅游区,1
三亚湾,三亚免税店,9
三亚湾,三亚时光仓怀旧艺术客栈,1
三亚湾,沧海楼,1
三亚湾,鹿回头广场,2
三亚湾,凤凰岭海誓山盟景区,1
三亚湾,牛王岭,3
三亚湾,威斯汀,2
三亚湾,雅居乐,1
三亚湾,陵水,1
三亚湾,分界洲岛,2
三亚湾,吊罗山,1
三亚湾,椰田古寨,1
三亚湾,分界洲岛潜水,1
三亚湾,东岸湿地公园,2
三亚湾,小月湾,1
三亚湾,南海龙王别院,1
三亚湾,东岛,2
三亚湾,三亚凤凰岛度假酒店,1
三亚湾,半山半岛,1
三亚湾,三亚千古情景区,1
三亚湾,京润珍珠博物馆,1
三亚湾,凤凰岭公园,1
三亚湾,兰花世界主题公园,1
三亚湾,热带海洋世界,1
三亚湾,槟榔河,1
三亚湾,亚龙湾海底世界,1
三亚湾,亚龙湾蝴蝶谷,1
三亚湾,珠江南田温泉,1
三亚湾,一间海景,1
三亚湾,图腾柱,1
三亚湾,三亚亚龙湾铂尔曼别墅度假酒店,1
三亚湾,万宁,1
三亚湾,龙仔湾,1
三亚湾,丽思卡尔顿,1
三亚湾,铂尔曼,1
三亚湾,金玉观音,1
三亚湾,长寿谷,1
三亚湾,大花角,1
三亚湾,七彩沙滩,1
三亚湾,海南石梅湾艾美度假酒店,1
三亚湾,白沙滩,1
三亚湾,时光仓怀旧,1
蜈支洲岛,亚特兰蒂斯失落的空间水族馆,1
蜈支洲岛,第一市场,8
蜈支洲岛,热带雨林,2
蜈支洲岛,落笔洞,2
蜈支洲岛,水稻国家公园,3
蜈支洲岛,红树林,1
蜈支洲岛,红树林度假,1
蜈支洲岛,清水湾,1
蜈支洲岛,大东海,17
蜈支洲岛,半山半岛帆船港,2
蜈支洲岛,情人岛,6
蜈支洲岛,岛海钓会所,1
蜈支洲岛,崖州湾,2
蜈支洲岛,三亚悦榕庄,1
蜈支洲岛,情人湾,1
蜈支洲岛,博鳌,1
蜈支洲岛,神州半岛,1
蜈支洲岛,日月湾,1
蜈支洲岛,凤凰岛,3
蜈支洲岛,万泉河,1
蜈支洲岛,南湾猴岛,2
蜈支洲岛,南山海上观音,1
蜈支洲岛,南山寺,8
蜈支洲岛,三十三观音堂,2
蜈支洲岛,观海台,1
蜈支洲岛,天涯海角,10
蜈支洲岛,后海,7
蜈支洲岛,情人桥,11
蜈支洲岛,海棠广场,1
蜈支洲岛,希尔顿,1
蜈支洲岛,珊瑚酒店,2
蜈支洲岛,观日岩,4
蜈支洲岛,喜来登,5
蜈支洲岛,三亚河,2
蜈支洲岛,西岛,8
蜈支洲岛,牛王岛,2
蜈支洲岛,椰子树,1
蜈支洲岛,三亚海立方度假酒店,1
蜈支洲岛,亚龙湾中心广场,1
蜈支洲岛,鹿回头风景区,1
蜈支洲岛,榆林港,1
蜈支洲岛,南天一柱,2
蜈支洲岛,崖州古城,2
蜈支洲岛,皇后湾,2
蜈支洲岛,小东海,4
蜈支洲岛,海月广场,2
蜈支洲岛,蝴蝶谷,3
蜈支洲岛,白鹭公园,2
蜈支洲岛,大小洞天,8
蜈支洲岛,临春岭森林公园,2
蜈支洲岛,亚龙湾国际玫瑰谷,2
蜈支洲岛,亚龙湾热带天堂森林公园,3
蜈支洲岛,兰花谷,2
蜈支洲岛,小洞天,2
蜈支洲岛,鹿回头山顶公园,2
蜈支洲岛,鸟巢度假村,2
蜈支洲岛,过江龙索桥,2
蜈支洲岛,三亚宋城浪浪浪水公园,1
蜈支洲岛,三道谷,1
蜈支洲岛,根抱石,1
蜈支洲岛,三亚免税店,3
蜈支洲岛,三亚时光仓怀旧艺术客栈,1
蜈支洲岛,沧海楼,1
蜈支洲岛,鹿回头广场,2
蜈支洲岛,凤凰岭海誓山盟景区,2
蜈支洲岛,牛王岭,2
蜈支洲岛,威斯汀,1
蜈支洲岛,小月湾,1
蜈支洲岛,南海龙王别院,1
蜈支洲岛,三亚千古情景区,1
蜈支洲岛,京润珍珠博物馆,1
蜈支洲岛,凤凰岭公园,1
蜈支洲岛,兰花世界主题公园,1
蜈支洲岛,热带海洋世界,1
蜈支洲岛,槟榔河,1
蜈支洲岛,亚龙湾海底世界,1
蜈支洲岛,亚龙湾蝴蝶谷,1
蜈支洲岛,珠江南田温泉,1
蜈支洲岛,图腾柱,2
蜈支洲岛,金玉观音,1
蜈支洲岛,长寿谷,1
蜈支洲岛,大花角,1
蜈支洲岛,七彩沙滩,1
蜈支洲岛,海南石梅湾艾美度假酒店,1
蜈支洲岛,白沙滩,1
蜈支洲岛,蓝色海,1
蜈支洲岛,观海长廊,1
蜈支洲岛,妈祖庙,1
蜈支洲岛,三亚宋城旅游区,1
亚特兰蒂斯失落的空间水族馆,大东海,1
亚特兰蒂斯失落的空间水族馆,天涯海角,1
亚特兰蒂斯失落的空间水族馆,南天一柱,1
第一市场,热带雨林,3
第一市场,水稻国家公园,1
第一市场,红树林,5
第一市场,红树林度假,3
第一市场,清水湾,3
第一市场,一线海景,1
第一市场,大东海,16
第一市场,半山半岛帆船港,6
第一市场,情人岛,3
第一市场,崖州湾,1
第一市场,博鳌,2
第一市场,神州半岛,1
第一市场,日月湾,1
第一市场,凤凰岛,6
第一市场,万泉河,2
第一市场,南湾猴岛,2
第一市场,南山海上观音,1
第一市场,南山寺,4
第一市场,三十三观音堂,2
第一市场,观海台,1
第一市场,解放路步行街,2
第一市场,华宇度假,1
第一市场,天涯海角,12
第一市场,后海,4
第一市场,情人桥,9
第一市场,海棠广场,1
第一市场,希尔顿,2
第一市场,珊瑚酒店,1
第一市场,观日岩,2
第一市场,喜来登,2
第一市场,三亚河,4
第一市场,西岛,5
第一市场,鹿回头风景区,1
第一市场,榆林港,2
第一市场,南天一柱,4
第一市场,百福湾,1
第一市场,香水湾,2
第一市场,海口,1
第一市场,琼州海峡,1
第一市场,东坡书院,1
第一市场,中和古镇,1
第一市场,鱼麟洲,1
第一市场,崖州中心渔港,1
第一市场,崖州古城,2
第一市场,银泰阳光,1
第一市场,希尔顿逸林,2
第一市场,五指山,1
第一市场,兴隆热带植物园,1
第一市场,东屿岛,1
第一市场,玉带滩,1
第一市场,博鳌东方文化苑,1
第一市场,博鳌禅寺,1
第一市场,红色娘子军纪念园,1
第一市场,万泉河游览区,1
第一市场,皇马假日,1
第一市场,椰子大观园,1
第一市场,文昌孔庙,1
第一市场,东郊椰林,1
第一市场,文昌卫星发射中心,1
第一市场,宋庆龄祖居,1
第一市场,五公祠,1
第一市场,苏公祠,1
第一市场,五公祠陈列馆,1
第一市场,海南省博物馆,1
第一市场,骑楼老街,1
第一市场,西海岸带状公园,1
第一市场,滨海公园,1
第一市场,西秀海滩,1
第一市场,假日海滩,1
第一市场,小东海,2
第一市场,海月广场,2
第一市场,亚龙湾潜水,1
第一市场,蝴蝶谷,1
第一市场,白鹭公园,1
第一市场,大小洞天,5
第一市场,临春岭森林公园,2
第一市场,亚龙湾国际玫瑰谷,1
第一市场,亚龙湾热带天堂森林公园,1
第一市场,兰花谷,2
第一市场,小洞天,1
第一市场,鹿回头山顶公园,1
第一市场,鸟巢度假村,2
第一市场,过江龙索桥,2
第一市场,三道谷,1
第一市场,三亚免税店,3
第一市场,三亚时光仓怀旧艺术客栈,1
第一市场,沧海楼,1
第一市场,鹿回头广场,2
第一市场,凤凰岭海誓山盟景区,1
第一市场,牛王岭,2
第一市场,威斯汀,1
第一市场,雅居乐,1
第一市场,陵水,1
第一市场,分界洲岛,1
第一市场,吊罗山,1
第一市场,椰田古寨,1
第一市场,分界洲岛潜水,1
第一市场,东岸湿地公园,2
第一市场,东岛,1
第一市场,金玉观音,1
第一市场,长寿谷,1
第一市场,时光仓怀旧,1
热带雨林,热带雨林,2
热带雨林,红树林,2
热带雨林,大东海,3
热带雨林,博鳌,1
热带雨林,万泉河,1
热带雨林,南山寺,2
热带雨林,天涯海角,3
热带雨林,后海,1
热带雨林,情人桥,2
热带雨林,希尔顿,1
热带雨林,喜来登,1
热带雨林,西岛,2
热带雨林,海口,1
热带雨林,琼州海峡,1
热带雨林,东坡书院,1
热带雨林,中和古镇,1
热带雨林,鱼麟洲,1
热带雨林,崖州中心渔港,1
热带雨林,崖州古城,1
热带雨林,银泰阳光,1
热带雨林,希尔顿逸林,1
热带雨林,五指山,1
热带雨林,兴隆热带植物园,1
热带雨林,东屿岛,1
热带雨林,玉带滩,1
热带雨林,博鳌东方文化苑,1
热带雨林,博鳌禅寺,1
热带雨林,红色娘子军纪念园,1
热带雨林,万泉河游览区,1
热带雨林,皇马假日,1
热带雨林,椰子大观园,1
热带雨林,文昌孔庙,1
热带雨林,东郊椰林,1
热带雨林,文昌卫星发射中心,1
热带雨林,宋庆龄祖居,1
热带雨林,五公祠,1
热带雨林,苏公祠,1
热带雨林,五公祠陈列馆,1
热带雨林,海南省博物馆,1
热带雨林,骑楼老街,1
热带雨林,西海岸带状公园,1
热带雨林,滨海公园,1
热带雨林,西秀海滩,1
热带雨林,假日海滩,1
热带雨林,大小洞天,2
热带雨林,亚龙湾热带天堂森林公园,3
落笔洞,水稻国家公园,2
落笔洞,红树林,1
落笔洞,红树林度假,1
落笔洞,皇冠假日,1
落笔洞,大东海,2
落笔洞,南山寺,1
落笔洞,天涯海角,2
落笔洞,西岛,1
落笔洞,亚龙湾中心广场,1
落笔洞,南天一柱,1
落笔洞,崖州古城,1
落笔洞,小东海,1
落笔洞,海月广场,1
落笔洞,蝴蝶谷,1
落笔洞,白鹭公园,1
落笔洞,大小洞天,1
落笔洞,亚龙湾国际玫瑰谷,1
落笔洞,亚龙湾热带天堂森林公园,1
落笔洞,鹿回头山顶公园,1
落笔洞,凤凰岭海誓山盟景区,1
落笔洞,三亚千古情景区,1
落笔洞,京润珍珠博物馆,1
落笔洞,凤凰岭公园,1
落笔洞,兰花世界主题公园,1
落笔洞,热带海洋世界,1
落笔洞,槟榔河,1
落笔洞,亚龙湾海底世界,1
落笔洞,亚龙湾蝴蝶谷,1
落笔洞,珠江南田温泉,1
落笔洞,图腾柱,1
水稻国家公园,红树林,1
水稻国家公园,红树林度假,1
水稻国家公园,皇冠假日,1
水稻国家公园,大东海,3
水稻国家公园,南山寺,2
水稻国家公园,天涯海角,2
水稻国家公园,情人桥,1
水稻国家公园,喜来登,1
水稻国家公园,西岛,3
水稻国家公园,牛王岛,1
水稻国家公园,椰子树,1
水稻国家公园,三亚海立方度假酒店,1
水稻国家公园,亚龙湾中心广场,1
水稻国家公园,南天一柱,1
水稻国家公园,崖州古城,1
水稻国家公园,小东海,1
水稻国家公园,海月广场,1
水稻国家公园,蝴蝶谷,1
水稻国家公园,白鹭公园,1
水稻国家公园,大小洞天,2
水稻国家公园,亚龙湾国际玫瑰谷,1
水稻国家公园,亚龙湾热带天堂森林公园,1
水稻国家公园,兰花谷,1
水稻国家公园,鹿回头山顶公园,1
水稻国家公园,鸟巢度假村,1
水稻国家公园,过江龙索桥,1
水稻国家公园,三亚免税店,1
水稻国家公园,沧海楼,1
水稻国家公园,鹿回头广场,1
水稻国家公园,京润珍珠博物馆,1
水稻国家公园,凤凰岭公园,1
水稻国家公园,兰花世界主题公园,1
水稻国家公园,热带海洋世界,1
水稻国家公园,槟榔河,1
水稻国家公园,亚龙湾海底世界,1
水稻国家公园,亚龙湾蝴蝶谷,1
水稻国家公园,珠江南田温泉,1
红树林,红树林,3
红树林,红树林度假,6
红树林,皇冠假日,1
红树林,大东海,7
红树林,情人岛,1
红树林,博鳌,2
红树林,凤凰岛,2
红树林,万泉河,2
红树林,天涯海角,4
红树林,后海,3
红树林,情人桥,3
红树林,海棠广场,1
红树林,希尔顿,3
红树林,珊瑚酒店,1
红树林,观日岩,1
红树林,喜来登,2
红树林,香水湾,2
红树林,海口,2
红树林,琼州海峡,2
红树林,东坡书院,2
红树林,中和古镇,2
红树林,鱼麟洲,2
红树林,崖州中心渔港,2
红树林,崖州古城,2
红树林,银泰阳光,2
红树林,希尔顿逸林,2
红树林,五指山,2
红树林,兴隆热带植物园,2
红树林,东屿岛,2
红树林,玉带滩,2
红树林,博鳌东方文化苑,2
红树林,博鳌禅寺,2
红树林,红色娘子军纪念园,2
红树林,万泉河游览区,2
红树林,皇马假日,2
红树林,椰子大观园,2
红树林,文昌孔庙,2
红树林,东郊椰林,2
红树林,文昌卫星发射中心,2
红树林,宋庆龄祖居,2
红树林,五公祠,2
红树林,苏公祠,2
红树林,五公祠陈列馆,2
红树林,海南省博物馆,2
红树林,骑楼老街,2
红树林,西海岸带状公园,2
红树林,滨海公园,2
红树林,西秀海滩,2
红树林,假日海滩,2
红树林,海月广场,2
红树林,威斯汀,2
红树林度假,红树林度假,1
红树林度假,皇冠假日,1
红树林度假,大东海,3
红树林度假,情人岛,1
红树林度假,凤凰岛,2
红树林度假,南山寺,1
红树林度假,天涯海角,2
红树林度假,后海,3
红树林度假,情人桥,3
红树林度假,海棠广场,1
红树林度假,希尔顿,2
红树林度假,珊瑚酒店,1
红树林度假,观日岩,1
红树林度假,海月广场,2
红树林度假,大小洞天,1
红树林度假,小洞天,1
红树林度假,丽思卡尔顿,1
红树林度假,铂尔曼,1
清水湾,清水湾,1
清水湾,一线海景,2
清水湾,大东海,2
清水湾,半山半岛帆船港,2
清水湾,南湾猴岛,3
清水湾,后海,1
清水湾,情人桥,1
清水湾,三亚河,1
清水湾,香水湾,1
清水湾,希尔顿逸林,1
清水湾,三亚免税店,1
清水湾,威斯汀,1
清水湾,雅居乐,1
清水湾,陵水,1
清水湾,分界洲岛,2
清水湾,吊罗山,1
清水湾,椰田古寨,1
清水湾,分界洲岛潜水,1
清水湾,东岸湿地公园,1
清水湾,大花角,1
清水湾,七彩沙滩,1
清水湾,海南石梅湾艾美度假酒店,1
清水湾,白沙滩,1
一线海景,大东海,1
一线海景,半山半岛帆船港,1
一线海景,日月湾,1
一线海景,天涯海角,1
一线海景,情人桥,1
一线海景,西岛,1
一线海景,百福湾,1
一线海景,五指山,1
一线海景,牛王岭,1
一线海景,万宁,1
大东海,半山半岛帆船港,8
大东海,情人岛,4
大东海,崖州湾,3
大东海,博鳌,1
大东海,凤凰岛,6
大东海,万泉河,1
大东海,南山海上观音,1
大东海,南山寺,7
大东海,三十三观音堂,1
大东海,解放路步行街,2
大东海,华宇度假,1
大东海,天涯海角,21
大东海,后海,7
大东海,情人桥,11
大东海,海棠广场,1
大东海,希尔顿,2
大东海,珊瑚酒店,1
大东海,观日岩,2
大东海,美高梅,1
大东海,喜来登,8
大东海,三亚河,6
大东海,西岛,10
大东海,牛王岛,2
大东海,椰子树,2
大东海,三亚海立方度假酒店,1
大东海,三亚天域度假酒店,1
大东海,亚龙湾中心广场,2
大东海,鹿回头风景区,2
大东海,榆林港,3
大东海,南天一柱,6
大东海,百福湾,1
大东海,香水湾,4
大东海,海口,1
大东海,琼州海峡,1
大东海,东坡书院,1
大东海,中和古镇,1
大东海,鱼麟洲,1
大东海,崖州中心渔港,1
大东海,崖州古城,3
大东海,银泰阳光,2
大东海,希尔顿逸林,1
大东海,五指山,1
大东海,兴隆热带植物园,1
大东海,东屿岛,1
大东海,玉带滩,1
大东海,博鳌东方文化苑,1
大东海,博鳌禅寺,1
大东海,红色娘子军纪念园,1
大东海,万泉河游览区,1
大东海,皇马假日,1
大东海,椰子大观园,1
大东海,文昌孔庙,1
大东海,东郊椰林,1
大东海,文昌卫星发射中心,1
大东海,宋庆龄祖居,1
大东海,五公祠,1
大东海,苏公祠,1
大东海,五公祠陈列馆,1
大东海,海南省博物馆,1
大东海,骑楼老街,1
大东海,西海岸带状公园,1
大东海,滨海公园,1
大东海,西秀海滩,1
大东海,假日海滩,1
大东海,皇后湾,2
大东海,小东海,6
大东海,海月广场,4
大东海,蝴蝶谷,3
大东海,白鹭公园,2
大东海,大小洞天,8
大东海,临春岭森林公园,2
大东海,亚龙湾国际玫瑰谷,2
大东海,亚龙湾热带天堂森林公园,6
大东海,兰花谷,2
大东海,小洞天,2
大东海,鹿回头山顶公园,3
大东海,鸟巢度假村,2
大东海,过江龙索桥,2
大东海,鹿回头高尔夫球会,1
大东海,蜈支洲岛旅游区,1
大东海,三亚免税店,5
大东海,三亚时光仓怀旧艺术客栈,1
大东海,沧海楼,1
大东海,鹿回头广场,2
大东海,凤凰岭海誓山盟景区,2
大东海,牛王岭,2
大东海,威斯汀,2
大东海,东岸湿地公园,1
大东海,小月湾,1
大东海,南海龙王别院,1
大东海,东岛,2
大东海,三亚凤凰岛度假酒店,1
大东海,京润珍珠博物馆,1
大东海,凤凰岭公园,1
大东海,兰花世界主题公园,1
大东海,热带海洋世界,1
大东海,槟榔河,1
大东海,亚龙湾海底世界,1
大东海,亚龙湾蝴蝶谷,1
大东海,珠江南田温泉,1
大东海,图腾柱,2
大东海,三亚亚龙湾铂尔曼别墅度假酒店,1
大东海,金玉观音,1
大东海,长寿谷,1
大东海,时光仓怀旧,1
大东海,百花谷商业街,1
半山半岛帆船港,凤凰岛,4
半山半岛帆船港,南山寺,1
半山半岛帆船港,解放路步行街,3
半山半岛帆船港,华宇度假,1
半山半岛帆船港,天涯海角,5
半山半岛帆船港,后海,1
半山半岛帆船港,情人桥,4
半山半岛帆船港,喜来登,1
半山半岛帆船港,三亚河,2
半山半岛帆船港,西岛,1
半山半岛帆船港,鹿回头风景区,1
半山半岛帆船港,海口,1
半山半岛帆船港,东郊椰林,1
半山半岛帆船港,骑楼老街,1
半山半岛帆船港,小东海,1
半山半岛帆船港,海月广场,1
半山半岛帆船港,亚龙湾潜水,1
半山半岛帆船港,大小洞天,1
半山半岛帆船港,临春岭森林公园,1
半山半岛帆船港,亚龙湾热带天堂森林公园,1
半山半岛帆船港,鹿回头山顶公园,1
半山半岛帆船港,溪北书院,1
半山半岛帆船港,铜鼓岭,1
半山半岛帆船港,月亮湾,1
半山半岛帆船港,鹿回头高尔夫球会,2
半山半岛帆船港,中山路,1
半山半岛帆船港,三亚宋城浪浪浪水公园,1
半山半岛帆船港,三亚免税店,3
半山半岛帆船港,鹿回头广场,1
半山半岛帆船港,凤凰岭海誓山盟景区,1
半山半岛帆船港,牛王岭,1
半山半岛帆船港,威斯汀,1
半山半岛帆船港,东岸湿地公园,1
半山半岛帆船港,半山半岛,1
半山半岛帆船港,三亚千古情景区,1
半山半岛帆船港,三亚亚龙湾铂尔曼别墅度假酒店,1
半山半岛帆船港,时光仓怀旧,1
情人岛,岛海钓会所,1
情人岛,崖州湾,2
情人岛,三亚悦榕庄,1
情人岛,情人湾,1
情人岛,凤凰岛,1
情人岛,南山寺,1
情人岛,天涯海角,3
情人岛,后海,1
情人岛,情人桥,3
情人岛,海棠广场,1
情人岛,希尔顿,1
情人岛,珊瑚酒店,2
情人岛,观日岩,3
情人岛,三亚河,1
情人岛,榆林港,1
情人岛,南天一柱,1
情人岛,崖州古城,1
情人岛,海月广场,1
情人岛,蝴蝶谷,1
情人岛,白鹭公园,1
情人岛,大小洞天,2
情人岛,临春岭森林公园,1
情人岛,亚龙湾国际玫瑰谷,1
情人岛,亚龙湾热带天堂森林公园,1
情人岛,兰花谷,1
情人岛,小洞天,2
情人岛,鹿回头山顶公园,1
情人岛,鸟巢度假村,1
情人岛,过江龙索桥,1
情人岛,小月湾,1
情人岛,南海龙王别院,1
情人岛,蓝色海,1
情人岛,观海长廊,1
岛海钓会所,崖州湾,1
岛海钓会所,三亚悦榕庄,1
岛海钓会所,情人湾,1
崖州湾,三亚悦榕庄,1
崖州湾,情人湾,1
崖州湾,凤凰岛,2
崖州湾,南山寺,1
崖州湾,天涯海角,1
崖州湾,喜来登,1
崖州湾,三亚河,1
崖州湾,西岛,1
崖州湾,南天一柱,1
崖州湾,崖州古城,1
崖州湾,海月广场,1
崖州湾,蝴蝶谷,1
崖州湾,白鹭公园,1
崖州湾,大小洞天,1
崖州湾,临春岭森林公园,1
崖州湾,亚龙湾国际玫瑰谷,1
崖州湾,亚龙湾热带天堂森林公园,1
崖州湾,兰花谷,1
崖州湾,小洞天,1
崖州湾,鹿回头山顶公园,1
崖州湾,鸟巢度假村,1
崖州湾,过江龙索桥,1
崖州湾,蜈支洲岛旅游区,1
崖州湾,东岛,1
崖州湾,三亚凤凰岛度假酒店,1
三亚悦榕庄,情人湾,1
博鳌,神州半岛,1
博鳌,日月湾,1
博鳌,凤凰岛,1
博鳌,万泉河,3
博鳌,南湾猴岛,1
博鳌,南山海上观音,1
博鳌,南山寺,1
博鳌,三十三观音堂,1
博鳌,观海台,1
博鳌,天涯海角,1
博鳌,希尔顿,1
博鳌,喜来登,1
博鳌,海口,1
博鳌,琼州海峡,1
博鳌,东坡书院,1
博鳌,中和古镇,1
博鳌,鱼麟洲,1
博鳌,崖州中心渔港,1
博鳌,崖州古城,1
博鳌,银泰阳光,1
博鳌,希尔顿逸林,1
博鳌,五指山,1
博鳌,兴隆热带植物园,1
博鳌,东屿岛,1
博鳌,玉带滩,1
博鳌,博鳌东方文化苑,1
博鳌,博鳌禅寺,2
博鳌,红色娘子军纪念园,1
博鳌,万泉河游览区,1
博鳌,皇马假日,1
博鳌,椰子大观园,1
博鳌,文昌孔庙,1
博鳌,东郊椰林,1
博鳌,文昌卫星发射中心,1
博鳌,宋庆龄祖居,1
博鳌,五公祠,1
博鳌,苏公祠,1
博鳌,五公祠陈列馆,1
博鳌,海南省博物馆,1
博鳌,骑楼老街,1
博鳌,西海岸带状公园,1
博鳌,滨海公园,1
博鳌,西秀海滩,1
博鳌,假日海滩,1
博鳌,琼海,2
博鳌,乐会古城,1
博鳌,蔡家宅,1
博鳌,莲花墩,1
神州半岛,日月湾,1
神州半岛,凤凰岛,1
神州半岛,万泉河,1
神州半岛,南湾猴岛,1
神州半岛,南山海上观音,1
神州半岛,南山寺,1
神州半岛,三十三观音堂,1
神州半岛,观海台,1
日月湾,凤凰岛,1
日月湾,万泉河,1
日月湾,南湾猴岛,1
日月湾,南山海上观音,1
日月湾,南山寺,1
日月湾,三十三观音堂,1
日月湾,观海台,1
日月湾,天涯海角,1
日月湾,情人桥,1
日月湾,西岛,1
日月湾,百福湾,1
日月湾,五指山,1
日月湾,牛王岭,1
日月湾,万宁,1
凤凰岛,万泉河,1
凤凰岛,南湾猴岛,1
凤凰岛,南山海上观音,1
凤凰岛,南山寺,2
凤凰岛,三十三观音堂,1
凤凰岛,观海台,1
凤凰岛,解放路步行街,3
凤凰岛,华宇度假,1
凤凰岛,天涯海角,5
凤凰岛,后海,1
凤凰岛,情人桥,2
凤凰岛,喜来登,3
凤凰岛,三亚河,2
凤凰岛,西岛,2
凤凰岛,鹿回头风景区,1
凤凰岛,南天一柱,1
凤凰岛,崖州古城,1
凤凰岛,海月广场,3
凤凰岛,亚龙湾潜水,1
凤凰岛,蝴蝶谷,1
凤凰岛,白鹭公园,1
凤凰岛,大小洞天,1
凤凰岛,临春岭森林公园,2
凤凰岛,亚龙湾国际玫瑰谷,1
凤凰岛,亚龙湾热带天堂森林公园,1
凤凰岛,兰花谷,1
凤凰岛,小洞天,1
凤凰岛,鹿回头山顶公园,1
凤凰岛,鸟巢度假村,1
凤凰岛,过江龙索桥,1
凤凰岛,鹿回头广场,1
凤凰岛,凤凰岭海誓山盟景区,1
凤凰岛,牛王岭,1
凤凰岛,东岛,1
凤凰岛,三亚凤凰岛度假酒店,1
凤凰岛,龙仔湾,1
万泉河,南湾猴岛,1
万泉河,南山海上观音,1
万泉河,南山寺,1
万泉河,三十三观音堂,1
万泉河,观海台,1
万泉河,天涯海角,1
万泉河,希尔顿,1
万泉河,喜来登,1
万泉河,海口,1
万泉河,琼州海峡,1
万泉河,东坡书院,1
万泉河,中和古镇,1
万泉河,鱼麟洲,1
万泉河,崖州中心渔港,1
万泉河,崖州古城,1
万泉河,银泰阳光,1
万泉河,希尔顿逸林,1
万泉河,五指山,1
万泉河,兴隆热带植物园,1
万泉河,东屿岛,1
万泉河,玉带滩,1
万泉河,博鳌东方文化苑,1
万泉河,博鳌禅寺,2
万泉河,红色娘子军纪念园,1
万泉河,万泉河游览区,1
万泉河,皇马假日,1
万泉河,椰子大观园,1
万泉河,文昌孔庙,1
万泉河,东郊椰林,1
万泉河,文昌卫星发射中心,1
万泉河,宋庆龄祖居,1
万泉河,五公祠,1
万泉河,苏公祠,1
万泉河,五公祠陈列馆,1
万泉河,海南省博物馆,1
万泉河,骑楼老街,1
万泉河,西海岸带状公园,1
万泉河,滨海公园,1
万泉河,西秀海滩,1
万泉河,假日海滩,1
万泉河,琼海,1
万泉河,乐会古城,1
万泉河,蔡家宅,1
万泉河,莲花墩,1
南湾猴岛,南山海上观音,1
南湾猴岛,南山寺,1
南湾猴岛,三十三观音堂,1
南湾猴岛,观海台,1
南湾猴岛,后海,1
南湾猴岛,情人桥,1
南湾猴岛,三亚河,1
南湾猴岛,香水湾,1
南湾猴岛,希尔顿逸林,1
南湾猴岛,三亚免税店,1
南湾猴岛,威斯汀,1
南湾猴岛,雅居乐,1
南湾猴岛,陵水,2
南湾猴岛,分界洲岛,2
南湾猴岛,吊罗山,1
南湾猴岛,椰田古寨,1
南湾猴岛,分界洲岛潜水,1
南湾猴岛,东岸湿地公园,1
南湾猴岛,大花角,1
南湾猴岛,七彩沙滩,1
南湾猴岛,海南石梅湾艾美度假酒店,1
南湾猴岛,白沙滩,1
南山海上观音,南山寺,1
南山海上观音,三十三观音堂,1
南山海上观音,观海台,1
南山海上观音,亚龙湾热带天堂森林公园,1
南山寺,三十三观音堂,2
南山寺,观海台,1
南山寺,天涯海角,6
南山寺,后海,2
南山寺,情人桥,5
南山寺,希尔顿,1
南山寺,喜来登,1
南山寺,三亚河,1
南山寺,西岛,4
南山寺,亚龙湾中心广场,1
南山寺,南天一柱,2
南山寺,崖州古城,2
南山寺,皇后湾,1
南山寺,小东海,2
南山寺,海月广场,2
南山寺,蝴蝶谷,2
南山寺,白鹭公园,2
南山寺,大小洞天,7
南山寺,临春岭森林公园,1
南山寺,亚龙湾国际玫瑰谷,2
南山寺,亚龙湾热带天堂森林公园,4
南山寺,兰花谷,2
南山寺,小洞天,2
南山寺,鹿回头山顶公园,2
南山寺,鸟巢度假村,2
南山寺,过江龙索桥,2
南山寺,三亚宋城浪浪浪水公园,1
南山寺,三亚免税店,3
南山寺,沧海楼,1
南山寺,鹿回头广场,1
南山寺,牛王岭,1
南山寺,京润珍珠博物馆,1
南山寺,凤凰岭公园,1
南山寺,兰花世界主题公园,1
南山寺,热带海洋世界,1
南山寺,槟榔河,1
南山寺,亚龙湾海底世界,1
南山寺,亚龙湾蝴蝶谷,1
南山寺,珠江南田温泉,1
南山寺,丽思卡尔顿,1
南山寺,铂尔曼,1
南山寺,金玉观音,1
南山寺,长寿谷,1
三十三观音堂,观海台,1
三十三观音堂,后海,1
三十三观音堂,情人桥,1
三十三观音堂,三亚河,1
三十三观音堂,西岛,1
三十三观音堂,大小洞天,1
三十三观音堂,三亚免税店,1
三十三观音堂,牛王岭,1
三十三观音堂,金玉观音,1
三十三观音堂,长寿谷,1
解放路步行街,华宇度假,1
解放路步行街,天涯海角,2
解放路步行街,情人桥,1
解放路步行街,喜来登,1
解放路步行街,三亚河,1
解放路步行街,海月广场,1
解放路步行街,亚龙湾潜水,1
华宇度假,天涯海角,1
天涯海角,后海,2
天涯海角,情人桥,10
天涯海角,希尔顿,1
天涯海角,观日岩,2
天涯海角,喜来登,2
天涯海角,三亚河,1
天涯海角,西岛,9
天涯海角,亚龙湾中心广场,1
天涯海角,鹿回头风景区,1
天涯海角,榆林港,3
天涯海角,南天一柱,8
天涯海角,百福湾,2
天涯海角,香水湾,3
天涯海角,海口,1
天涯海角,琼州海峡,1
天涯海角,东坡书院,1
天涯海角,中和古镇,1
天涯海角,鱼麟洲,1
天涯海角,崖州中心渔港,1
天涯海角,崖州古城,3
天涯海角,银泰阳光,1
天涯海角,希尔顿逸林,1
天涯海角,五指山,2
天涯海角,兴隆热带植物园,1
天涯海角,东屿岛,1
天涯海角,玉带滩,1
天涯海角,博鳌东方文化苑,1
天涯海角,博鳌禅寺,1
天涯海角,红色娘子军纪念园,1
天涯海角,万泉河游览区,1
天涯海角,皇马假日,1
天涯海角,椰子大观园,1
天涯海角,文昌孔庙,1
天涯海角,东郊椰林,1
天涯海角,文昌卫星发射中心,1
天涯海角,宋庆龄祖居,1
天涯海角,五公祠,1
天涯海角,苏公祠,1
天涯海角,五公祠陈列馆,1
天涯海角,海南省博物馆,1
天涯海角,骑楼老街,1
天涯海角,西海岸带状公园,1
天涯海角,滨海公园,1
天涯海角,西秀海滩,1
天涯海角,假日海滩,1
天涯海角,皇后湾,1
天涯海角,小东海,3
天涯海角,海月广场,3
天涯海角,亚龙湾潜水,1
天涯海角,蝴蝶谷,2
天涯海角,白鹭公园,2
天涯海角,大小洞天,7
天涯海角,临春岭森林公园,2
天涯海角,亚龙湾国际玫瑰谷,2
天涯海角,亚龙湾热带天堂森林公园,5
天涯海角,兰花谷,2
天涯海角,小洞天,2
天涯海角,鹿回头山顶公园,3
天涯海角,鸟巢度假村,2
天涯海角,过江龙索桥,2
天涯海角,鹿回头高尔夫球会,1
天涯海角,三道谷,1
天涯海角,三亚免税店,5
天涯海角,沧海楼,1
天涯海角,鹿回头广场,2
天涯海角,凤凰岭海誓山盟景区,2
天涯海角,牛王岭,2
天涯海角,小月湾,1
天涯海角,南海龙王别院,1
天涯海角,东岛,1
天涯海角,京润珍珠博物馆,1
天涯海角,凤凰岭公园,1
天涯海角,兰花世界主题公园,1
天涯海角,热带海洋世界,1
天涯海角,槟榔河,1
天涯海角,亚龙湾海底世界,1
天涯海角,亚龙湾蝴蝶谷,1
天涯海角,珠江南田温泉,1
天涯海角,一间海景,1
天涯海角,图腾柱,1
天涯海角,三亚亚龙湾铂尔曼别墅度假酒店,1
天涯海角,万宁,1
天涯海角,蛇口,1
天涯海角,妈祖庙,1
天涯海角,爱心大世界,1
天涯海角,兰花世界,1
后海,情人桥,7
后海,海棠广场,1
后海,希尔顿,2
后海,珊瑚酒店,1
后海,观日岩,1
后海,美高梅,1
后海,喜来登,4
后海,三亚河,3
后海,西岛,2
后海,牛王岛,1
后海,希尔顿逸林,1
后海,皇后湾,2
后海,小东海,2
后海,海月广场,1
后海,蝴蝶谷,1
后海,大小洞天,1
后海,亚龙湾热带天堂森林公园,1
后海,三亚免税店,3
后海,牛王岭,1
后海,雅居乐,1
后海,陵水,1
后海,分界洲岛,1
后海,吊罗山,1
后海,椰田古寨,1
后海,分界洲岛潜水,1
后海,东岸湿地公园,1
后海,半山半岛,1
后海,三亚千古情景区,1
后海,金玉观音,1
后海,长寿谷,1
情人桥,海棠广场,1
情人桥,希尔顿,1
情人桥,珊瑚酒店,2
情人桥,观日岩,4
情人桥,美高梅,1
情人桥,喜来登,5
情人桥,三亚河,5
情人桥,西岛,5
情人桥,榆林港,1
情人桥,南天一柱,1
情人桥,百福湾,1
情人桥,希尔顿逸林,1
情人桥,五指山,1
情人桥,皇后湾,1
情人桥,小东海,1
情人桥,海月广场,1
情人桥,亚龙湾潜水,1
情人桥,大小洞天,4
情人桥,亚龙湾热带天堂森林公园,2
情人桥,兰花谷,1
情人桥,鹿回头山顶公园,1
情人桥,鸟巢度假村,1
情人桥,过江龙索桥,1
情人桥,鹿回头高尔夫球会,1
情人桥,三亚宋城浪浪浪水公园,1
情人桥,三亚免税店,3
情人桥,沧海楼,1
情人桥,鹿回头广场,1
情人桥,牛王岭,2
情人桥,雅居乐,1
情人桥,陵水,1
情人桥,分界洲岛,1
情人桥,吊罗山,1
情人桥,椰田古寨,1
情人桥,分界洲岛潜水,1
情人桥,东岸湿地公园,2
情人桥,东岛,1
情人桥,三亚千古情景区,1
情人桥,三亚亚龙湾铂尔曼别墅度假酒店,1
情人桥,万宁,1
情人桥,金玉观音,1
情人桥,长寿谷,1
情人桥,时光仓怀旧,1
情人桥,蓝色海,1
情人桥,观海长廊,1
情人桥,妈祖庙,1
情人桥,三亚宋城旅游区,1
海棠广场,希尔顿,1
海棠广场,珊瑚酒店,1
海棠广场,观日岩,1
希尔顿,珊瑚酒店,1
希尔顿,观日岩,1
希尔顿,喜来登,2
希尔顿,椰子树,1
希尔顿,海口,1
希尔顿,琼州海峡,1
希尔顿,东坡书院,1
希尔顿,中和古镇,1
希尔顿,鱼麟洲,1
希尔顿,崖州中心渔港,1
希尔顿,崖州古城,1
希尔顿,银泰阳光,1
希尔顿,希尔顿逸林,1
希尔顿,五指山,1
希尔顿,兴隆热带植物园,1
希尔顿,东屿岛,1
希尔顿,玉带滩,1
希尔顿,博鳌东方文化苑,1
希尔顿,博鳌禅寺,1
希尔顿,红色娘子军纪念园,1
希尔顿,万泉河游览区,1
希尔顿,皇马假日,1
希尔顿,椰子大观园,1
希尔顿,文昌孔庙,1
希尔顿,东郊椰林,1
希尔顿,文昌卫星发射中心,1
希尔顿,宋庆龄祖居,1
希尔顿,五公祠,1
希尔顿,苏公祠,1
希尔顿,五公祠陈列馆,1
希尔顿,海南省博物馆,1
希尔顿,骑楼老街,1
希尔顿,西海岸带状公园,1
希尔顿,滨海公园,1
希尔顿,西秀海滩,1
希尔顿,假日海滩,1
希尔顿,大小洞天,1
希尔顿,小洞天,1
希尔顿,三亚免税店,1
希尔顿,丽思卡尔顿,1
希尔顿,铂尔曼,1
珊瑚酒店,观日岩,2
珊瑚酒店,蓝色海,1
珊瑚酒店,观海长廊,1
观日岩,三亚河,1
观日岩,榆林港,1
观日岩,蓝色海,1
观日岩,观海长廊,1
观日岩,妈祖庙,1
美高梅,喜来登,4
美高梅,三亚河,1
喜来登,喜来登,13
喜来登,三亚河,5
喜来登,西岛,1
喜来登,海口,1
喜来登,琼州海峡,1
喜来登,东坡书院,1
喜来登,中和古镇,1
喜来登,鱼麟洲,1
喜来登,崖州中心渔港,1
喜来登,崖州古城,1
喜来登,银泰阳光,1
喜来登,希尔顿逸林,1
喜来登,五指山,1
喜来登,兴隆热带植物园,1
喜来登,东屿岛,1
喜来登,玉带滩,1
喜来登,博鳌东方文化苑,1
喜来登,博鳌禅寺,1
喜来登,红色娘子军纪念园,1
喜来登,万泉河游览区,1
喜来登,皇马假日,1
喜来登,椰子大观园,1
喜来登,文昌孔庙,1
喜来登,东郊椰林,1
喜来登,文昌卫星发射中心,1
喜来登,宋庆龄祖居,1
喜来登,五公祠,1
喜来登,苏公祠,1
喜来登,五公祠陈列馆,1
喜来登,海南省博物馆,1
喜来登,骑楼老街,1
喜来登,西海岸带状公园,1
喜来登,滨海公园,1
喜来登,西秀海滩,1
喜来登,假日海滩,1
喜来登,海月广场,1
喜来登,大小洞天,1
喜来登,兰花谷,1
喜来登,鸟巢度假村,1
喜来登,过江龙索桥,1
喜来登,蜈支洲岛旅游区,1
喜来登,三亚免税店,1
喜来登,沧海楼,1
喜来登,鹿回头广场,1
喜来登,龙仔湾,2
三亚河,西岛,2
三亚河,榆林港,1
三亚河,希尔顿逸林,1
三亚河,海月广场,1
三亚河,大小洞天,1
三亚河,三亚免税店,1
三亚河,牛王岭,1
三亚河,雅居乐,1
三亚河,陵水,1
三亚河,分界洲岛,1
三亚河,吊罗山,1
三亚河,椰田古寨,1
三亚河,分界洲岛潜水,1
三亚河,东岸湿地公园,2
三亚河,东岛,1
三亚河,三亚凤凰岛度假酒店,1
三亚河,金玉观音,1
三亚河,长寿谷,1
三亚河,时光仓怀旧,1
西岛,牛王岛,2
西岛,椰子树,1
西岛,三亚海立方度假酒店,1
西岛,亚龙湾中心广场,1
西岛,鹿回头风景区,1
西岛,南天一柱,3
西岛,百福湾,1
西岛,崖州古城,1
西岛,五指山,1
西岛,皇后湾,1
西岛,小东海,2
西岛,海月广场,1
西岛,蝴蝶谷,2
西岛,白鹭公园,1
西岛,大小洞天,6
西岛,临春岭森林公园,1
西岛,亚龙湾国际玫瑰谷,1
西岛,亚龙湾热带天堂森林公园,2
西岛,兰花谷,1
西岛,鹿回头山顶公园,1
西岛,鸟巢度假村,1
西岛,过江龙索桥,1
西岛,三道谷,1
西岛,三亚免税店,3
西岛,沧海楼,1
西岛,鹿回头广场,2
西岛,凤凰岭海誓山盟景区,1
西岛,牛王岭,3
西岛,东岛,2
西岛,三亚凤凰岛度假酒店,1
西岛,京润珍珠博物馆,1
西岛,凤凰岭公园,1
西岛,兰花世界主题公园,1
西岛,热带海洋世界,1
西岛,槟榔河,1
西岛,亚龙湾海底世界,1
西岛,亚龙湾蝴蝶谷,1
西岛,珠江南田温泉,1
西岛,一间海景,1
西岛,万宁,1
西岛,金玉观音,1
西岛,长寿谷,1
西岛,爱心大世界,1
西岛,兰花世界,1
牛王岛,椰子树,1
牛王岛,三亚海立方度假酒店,1
牛王岛,皇后湾,1
牛王岛,小东海,1
牛王岛,蝴蝶谷,1
椰子树,三亚海立方度假酒店,1
椰子树,银泰阳光,1
椰子树,威斯汀,1
椰子树,三亚海棠湾民生威斯汀度假酒店,1
三亚天域度假酒店,亚龙湾中心广场,1
三亚天域度假酒店,鹿回头风景区,1
亚龙湾中心广场,鹿回头风景区,1
亚龙湾中心广场,南天一柱,1
亚龙湾中心广场,崖州古城,1
亚龙湾中心广场,小东海,1
亚龙湾中心广场,海月广场,1
亚龙湾中心广场,蝴蝶谷,1
亚龙湾中心广场,白鹭公园,1
亚龙湾中心广场,大小洞天,1
亚龙湾中心广场,亚龙湾国际玫瑰谷,1
亚龙湾中心广场,亚龙湾热带天堂森林公园,1
亚龙湾中心广场,鹿回头山顶公园,1
亚龙湾中心广场,京润珍珠博物馆,1
亚龙湾中心广场,凤凰岭公园,1
亚龙湾中心广场,兰花世界主题公园,1
亚龙湾中心广场,热带海洋世界,1
亚龙湾中心广场,槟榔河,1
亚龙湾中心广场,亚龙湾海底世界,1
亚龙湾中心广场,亚龙湾蝴蝶谷,1
亚龙湾中心广场,珠江南田温泉,1
鹿回头风景区,临春岭森林公园,1
鹿回头风景区,鹿回头广场,1
鹿回头风景区,凤凰岭海誓山盟景区,1
鹿回头风景区,牛王岭,1
榆林港,南天一柱,2
南天一柱,崖州古城,2
南天一柱,小东海,1
南天一柱,海月广场,2
南天一柱,蝴蝶谷,2
南天一柱,白鹭公园,2
南天一柱,大小洞天,3
南天一柱,临春岭森林公园,1
南天一柱,亚龙湾国际玫瑰谷,2
南天一柱,亚龙湾热带天堂森林公园,2
南天一柱,兰花谷,1
南天一柱,小洞天,1
南天一柱,鹿回头山顶公园,2
南天一柱,鸟巢度假村,1
南天一柱,过江龙索桥,1
南天一柱,三道谷,1
南天一柱,三亚免税店,1
南天一柱,东岛,1
南天一柱,京润珍珠博物馆,1
南天一柱,凤凰岭公园,1
南天一柱,兰花世界主题公园,1
南天一柱,热带海洋世界,1
南天一柱,槟榔河,1
南天一柱,亚龙湾海底世界,1
南天一柱,亚龙湾蝴蝶谷,1
南天一柱,珠江南田温泉,1
南天一柱,蛇口,1
三亚海棠湾天房洲际度假酒店,海底世界,1
百福湾,香水湾,2
百福湾,五指山,1
百福湾,牛王岭,1
百福湾,万宁,1
香水湾,香水湾,1
香水湾,小东海,1
香水湾,威斯汀,1
香水湾,分界洲岛,1
海口,琼州海峡,2
海口,东坡书院,1
海口,中和古镇,1
海口,鱼麟洲,1
海口,崖州中心渔港,1
海口,崖州古城,1
海口,银泰阳光,1
海口,希尔顿逸林,1
海口,五指山,1
海口,兴隆热带植物园,1
海口,东屿岛,1
海口,玉带滩,1
海口,博鳌东方文化苑,1
海口,博鳌禅寺,1
海口,红色娘子军纪念园,1
海口,万泉河游览区,1
海口,皇马假日,1
海口,椰子大观园,1
海口,文昌孔庙,1
海口,东郊椰林,2
海口,文昌卫星发射中心,1
海口,宋庆龄祖居,1
海口,五公祠,1
海口,苏公祠,1
海口,五公祠陈列馆,1
海口,海南省博物馆,1
海口,骑楼老街,2
海口,西海岸带状公园,1
海口,滨海公园,1
海口,西秀海滩,1
海口,假日海滩,1
海口,溪北书院,1
海口,铜鼓岭,1
海口,月亮湾,1
海口,鹿回头高尔夫球会,1
海口,中山路,1
海口,海南大学,1
海口,海口滨海大道,1
琼州海峡,东坡书院,1
琼州海峡,中和古镇,1
琼州海峡,鱼麟洲,1
琼州海峡,崖州中心渔港,1
琼州海峡,崖州古城,1
琼州海峡,银泰阳光,1
琼州海峡,希尔顿逸林,1
琼州海峡,五指山,1
琼州海峡,兴隆热带植物园,1
琼州海峡,东屿岛,1
琼州海峡,玉带滩,1
琼州海峡,博鳌东方文化苑,1
琼州海峡,博鳌禅寺,1
琼州海峡,红色娘子军纪念园,1
琼州海峡,万泉河游览区,1
琼州海峡,皇马假日,1
琼州海峡,椰子大观园,1
琼州海峡,文昌孔庙,1
琼州海峡,东郊椰林,1
琼州海峡,文昌卫星发射中心,1
琼州海峡,宋庆龄祖居,1
琼州海峡,五公祠,1
琼州海峡,苏公祠,1
琼州海峡,五公祠陈列馆,1
琼州海峡,海南省博物馆,1
琼州海峡,骑楼老街,2
琼州海峡,西海岸带状公园,1
琼州海峡,滨海公园,1
琼州海峡,西秀海滩,1
琼州海峡,假日海滩,1
琼州海峡,雷州,1
琼州海峡,雷祖祠,1
琼州海峡,龙母庙,1
琼州海峡,三元塔公园,1
琼州海峡,骑楼城,1
琼州海峡,中山公园,1
琼州海峡,梧州龙母庙,1
琼州海峡,海南大学,1
东坡书院,中和古镇,1
东坡书院,鱼麟洲,1
东坡书院,崖州中心渔港,1
东坡书院,崖州古城,1
东坡书院,银泰阳光,1
东坡书院,希尔顿逸林,1
东坡书院,五指山,1
东坡书院,兴隆热带植物园,1
东坡书院,东屿岛,1
东坡书院,玉带滩,1
东坡书院,博鳌东方文化苑,1
东坡书院,博鳌禅寺,1
东坡书院,红色娘子军纪念园,1
东坡书院,万泉河游览区,1
东坡书院,皇马假日,1
东坡书院,椰子大观园,1
东坡书院,文昌孔庙,1
东坡书院,东郊椰林,1
东坡书院,文昌卫星发射中心,1
东坡书院,宋庆龄祖居,1
东坡书院,五公祠,1
东坡书院,苏公祠,1
东坡书院,五公祠陈列馆,1
东坡书院,海南省博物馆,1
东坡书院,骑楼老街,1
东坡书院,西海岸带状公园,1
东坡书院,滨海公园,1
东坡书院,西秀海滩,1
东坡书院,假日海滩,1
中和古镇,鱼麟洲,1
中和古镇,崖州中心渔港,1
中和古镇,崖州古城,1
中和古镇,银泰阳光,1
中和古镇,希尔顿逸林,1
中和古镇,五指山,1
中和古镇,兴隆热带植物园,1
中和古镇,东屿岛,1
中和古镇,玉带滩,1
中和古镇,博鳌东方文化苑,1
中和古镇,博鳌禅寺,1
中和古镇,红色娘子军纪念园,1
中和古镇,万泉河游览区,1
中和古镇,皇马假日,1
中和古镇,椰子大观园,1
中和古镇,文昌孔庙,1
中和古镇,东郊椰林,1
中和古镇,文昌卫星发射中心,1
中和古镇,宋庆龄祖居,1
中和古镇,五公祠,1
中和古镇,苏公祠,1
中和古镇,五公祠陈列馆,1
中和古镇,海南省博物馆,1
中和古镇,骑楼老街,1
中和古镇,西海岸带状公园,1
中和古镇,滨海公园,1
中和古镇,西秀海滩,1
中和古镇,假日海滩,1
鱼麟洲,崖州中心渔港,1
鱼麟洲,崖州古城,1
鱼麟洲,银泰阳光,1
鱼麟洲,希尔顿逸林,1
鱼麟洲,五指山,1
鱼麟洲,兴隆热带植物园,1
鱼麟洲,东屿岛,1
鱼麟洲,玉带滩,1
鱼麟洲,博鳌东方文化苑,1
鱼麟洲,博鳌禅寺,1
鱼麟洲,红色娘子军纪念园,1
鱼麟洲,万泉河游览区,1
鱼麟洲,皇马假日,1
鱼麟洲,椰子大观园,1
鱼麟洲,文昌孔庙,1
鱼麟洲,东郊椰林,1
鱼麟洲,文昌卫星发射中心,1
鱼麟洲,宋庆龄祖居,1
鱼麟洲,五公祠,1
鱼麟洲,苏公祠,1
鱼麟洲,五公祠陈列馆,1
鱼麟洲,海南省博物馆,1
鱼麟洲,骑楼老街,1
鱼麟洲,西海岸带状公园,1
鱼麟洲,滨海公园,1
鱼麟洲,西秀海滩,1
鱼麟洲,假日海滩,1
崖州中心渔港,崖州古城,1
崖州中心渔港,银泰阳光,1
崖州中心渔港,希尔顿逸林,1
崖州中心渔港,五指山,1
崖州中心渔港,兴隆热带植物园,1
崖州中心渔港,东屿岛,1
崖州中心渔港,玉带滩,1
崖州中心渔港,博鳌东方文化苑,1
崖州中心渔港,博鳌禅寺,1
崖州中心渔港,红色娘子军纪念园,1
崖州中心渔港,万泉河游览区,1
崖州中心渔港,皇马假日,1
崖州中心渔港,椰子大观园,1
崖州中心渔港,文昌孔庙,1
崖州中心渔港,东郊椰林,1
崖州中心渔港,文昌卫星发射中心,1
崖州中心渔港,宋庆龄祖居,1
崖州中心渔港,五公祠,1
崖州中心渔港,苏公祠,1
崖州中心渔港,五公祠陈列馆,1
崖州中心渔港,海南省博物馆,1
崖州中心渔港,骑楼老街,1
崖州中心渔港,西海岸带状公园,1
崖州中心渔港,滨海公园,1
崖州中心渔港,西秀海滩,1
崖州中心渔港,假日海滩,1
崖州古城,银泰阳光,1
崖州古城,希尔顿逸林,1
崖州古城,五指山,1
崖州古城,兴隆热带植物园,1
崖州古城,东屿岛,1
崖州古城,玉带滩,1
崖州古城,博鳌东方文化苑,1
崖州古城,博鳌禅寺,1
崖州古城,红色娘子军纪念园,1
崖州古城,万泉河游览区,1
崖州古城,皇马假日,1
崖州古城,椰子大观园,1
崖州古城,文昌孔庙,1
崖州古城,东郊椰林,1
崖州古城,文昌卫星发射中心,1
崖州古城,宋庆龄祖居,1
崖州古城,五公祠,1
崖州古城,苏公祠,1
崖州古城,五公祠陈列馆,1
崖州古城,海南省博物馆,1
崖州古城,骑楼老街,1
崖州古城,西海岸带状公园,1
崖州古城,滨海公园,1
崖州古城,西秀海滩,1
崖州古城,假日海滩,1
崖州古城,小东海,1
崖州古城,海月广场,2
崖州古城,蝴蝶谷,2
崖州古城,白鹭公园,2
崖州古城,大小洞天,2
崖州古城,临春岭森林公园,1
崖州古城,亚龙湾国际玫瑰谷,2
崖州古城,亚龙湾热带天堂森林公园,2
崖州古城,兰花谷,1
崖州古城,小洞天,1
崖州古城,鹿回头山顶公园,2
崖州古城,鸟巢度假村,1
崖州古城,过江龙索桥,1
崖州古城,京润珍珠博物馆,1
崖州古城,凤凰岭公园,1
崖州古城,兰花世界主题公园,1
崖州古城,热带海洋世界,1
崖州古城,槟榔河,1
崖州古城,亚龙湾海底世界,1
崖州古城,亚龙湾蝴蝶谷,1
崖州古城,珠江南田温泉,1
银泰阳光,希尔顿逸林,1
银泰阳光,五指山,1
银泰阳光,兴隆热带植物园,1
银泰阳光,东屿岛,1
银泰阳光,玉带滩,1
银泰阳光,博鳌东方文化苑,1
银泰阳光,博鳌禅寺,1
银泰阳光,红色娘子军纪念园,1
银泰阳光,万泉河游览区,1
银泰阳光,皇马假日,1
银泰阳光,椰子大观园,1
银泰阳光,文昌孔庙,1
银泰阳光,东郊椰林,1
银泰阳光,文昌卫星发射中心,1
银泰阳光,宋庆龄祖居,1
银泰阳光,五公祠,1
银泰阳光,苏公祠,1
银泰阳光,五公祠陈列馆,1
银泰阳光,海南省博物馆,1
银泰阳光,骑楼老街,1
银泰阳光,西海岸带状公园,1
银泰阳光,滨海公园,1
银泰阳光,西秀海滩,1
银泰阳光,假日海滩,1
希尔顿逸林,五指山,1
希尔顿逸林,兴隆热带植物园,1
希尔顿逸林,东屿岛,1
希尔顿逸林,玉带滩,1
希尔顿逸林,博鳌东方文化苑,1
希尔顿逸林,博鳌禅寺,1
希尔顿逸林,红色娘子军纪念园,1
希尔顿逸林,万泉河游览区,1
希尔顿逸林,皇马假日,1
希尔顿逸林,椰子大观园,1
希尔顿逸林,文昌孔庙,1
希尔顿逸林,东郊椰林,1
希尔顿逸林,文昌卫星发射中心,1
希尔顿逸林,宋庆龄祖居,1
希尔顿逸林,五公祠,1
希尔顿逸林,苏公祠,1
希尔顿逸林,五公祠陈列馆,1
希尔顿逸林,海南省博物馆,1
希尔顿逸林,骑楼老街,1
希尔顿逸林,西海岸带状公园,1
希尔顿逸林,滨海公园,1
希尔顿逸林,西秀海滩,1
希尔顿逸林,假日海滩,1
希尔顿逸林,雅居乐,1
希尔顿逸林,陵水,1
希尔顿逸林,分界洲岛,1
希尔顿逸林,吊罗山,1
希尔顿逸林,椰田古寨,1
希尔顿逸林,分界洲岛潜水,1
希尔顿逸林,东岸湿地公园,1
五指山,兴隆热带植物园,1
五指山,东屿岛,1
五指山,玉带滩,1
五指山,博鳌东方文化苑,1
五指山,博鳌禅寺,1
五指山,红色娘子军纪念园,1
五指山,万泉河游览区,1
五指山,皇马假日,1
五指山,椰子大观园,1
五指山,文昌孔庙,1
五指山,东郊椰林,1
五指山,文昌卫星发射中心,1
五指山,宋庆龄祖居,1
五指山,五公祠,1
五指山,苏公祠,1
五指山,五公祠陈列馆,1
五指山,海南省博物馆,1
五指山,骑楼老街,1
五指山,西海岸带状公园,1
五指山,滨海公园,1
五指山,西秀海滩,1
五指山,假日海滩,1
五指山,牛王岭,1
五指山,万宁,1
五指山,番茅黎寨,1
兴隆热带植物园,东屿岛,1
兴隆热带植物园,玉带滩,1
兴隆热带植物园,博鳌东方文化苑,1
兴隆热带植物园,博鳌禅寺,1
兴隆热带植物园,红色娘子军纪念园,1
兴隆热带植物园,万泉河游览区,1
兴隆热带植物园,皇马假日,1
兴隆热带植物园,椰子大观园,1
兴隆热带植物园,文昌孔庙,1
兴隆热带植物园,东郊椰林,1
兴隆热带植物园,文昌卫星发射中心,1
兴隆热带植物园,宋庆龄祖居,1
兴隆热带植物园,五公祠,1
兴隆热带植物园,苏公祠,1
兴隆热带植物园,五公祠陈列馆,1
兴隆热带植物园,海南省博物馆,1
兴隆热带植物园,骑楼老街,1
兴隆热带植物园,西海岸带状公园,1
兴隆热带植物园,滨海公园,1
兴隆热带植物园,西秀海滩,1
兴隆热带植物园,假日海滩,1
东屿岛,玉带滩,1
东屿岛,博鳌东方文化苑,1
东屿岛,博鳌禅寺,1
东屿岛,红色娘子军纪念园,1
东屿岛,万泉河游览区,1
东屿岛,皇马假日,1
东屿岛,椰子大观园,1
东屿岛,文昌孔庙,1
东屿岛,东郊椰林,1
东屿岛,文昌卫星发射中心,1
东屿岛,宋庆龄祖居,1
东屿岛,五公祠,1
东屿岛,苏公祠,1
东屿岛,五公祠陈列馆,1
东屿岛,海南省博物馆,1
东屿岛,骑楼老街,1
东屿岛,西海岸带状公园,1
东屿岛,滨海公园,1
东屿岛,西秀海滩,1
东屿岛,假日海滩,1
玉带滩,博鳌东方文化苑,1
玉带滩,博鳌禅寺,1
玉带滩,红色娘子军纪念园,1
玉带滩,万泉河游览区,1
玉带滩,皇马假日,1
玉带滩,椰子大观园,1
玉带滩,文昌孔庙,1
玉带滩,东郊椰林,1
玉带滩,文昌卫星发射中心,1
玉带滩,宋庆龄祖居,1
玉带滩,五公祠,1
玉带滩,苏公祠,1
玉带滩,五公祠陈列馆,1
玉带滩,海南省博物馆,1
玉带滩,骑楼老街,1
玉带滩,西海岸带状公园,1
玉带滩,滨海公园,1
玉带滩,西秀海滩,1
玉带滩,假日海滩,1
博鳌东方文化苑,博鳌禅寺,1
博鳌东方文化苑,红色娘子军纪念园,1
博鳌东方文化苑,万泉河游览区,1
博鳌东方文化苑,皇马假日,1
博鳌东方文化苑,椰子大观园,1
博鳌东方文化苑,文昌孔庙,1
博鳌东方文化苑,东郊椰林,1
博鳌东方文化苑,文昌卫星发射中心,1
博鳌东方文化苑,宋庆龄祖居,1
博鳌东方文化苑,五公祠,1
博鳌东方文化苑,苏公祠,1
博鳌东方文化苑,五公祠陈列馆,1
博鳌东方文化苑,海南省博物馆,1
博鳌东方文化苑,骑楼老街,1
博鳌东方文化苑,西海岸带状公园,1
博鳌东方文化苑,滨海公园,1
博鳌东方文化苑,西秀海滩,1
博鳌东方文化苑,假日海滩,1
博鳌禅寺,红色娘子军纪念园,1
博鳌禅寺,万泉河游览区,1
博鳌禅寺,皇马假日,1
博鳌禅寺,椰子大观园,1
博鳌禅寺,文昌孔庙,1
博鳌禅寺,东郊椰林,1
博鳌禅寺,文昌卫星发射中心,1
博鳌禅寺,宋庆龄祖居,1
博鳌禅寺,五公祠,1
博鳌禅寺,苏公祠,1
博鳌禅寺,五公祠陈列馆,1
博鳌禅寺,海南省博物馆,1
博鳌禅寺,骑楼老街,1
博鳌禅寺,西海岸带状公园,1
博鳌禅寺,滨海公园,1
博鳌禅寺,西秀海滩,1
博鳌禅寺,假日海滩,1
博鳌禅寺,琼海,1
博鳌禅寺,乐会古城,1
博鳌禅寺,蔡家宅,1
博鳌禅寺,莲花墩,1
红色娘子军纪念园,万泉河游览区,1
红色娘子军纪念园,皇马假日,1
红色娘子军纪念园,椰子大观园,1
红色娘子军纪念园,文昌孔庙,1
红色娘子军纪念园,东郊椰林,1
红色娘子军纪念园,文昌卫星发射中心,1
红色娘子军纪念园,宋庆龄祖居,1
红色娘子军纪念园,五公祠,1
红色娘子军纪念园,苏公祠,1
红色娘子军纪念园,五公祠陈列馆,1
红色娘子军纪念园,海南省博物馆,1
红色娘子军纪念园,骑楼老街,1
红色娘子军纪念园,西海岸带状公园,1
红色娘子军纪念园,滨海公园,1
红色娘子军纪念园,西秀海滩,1
红色娘子军纪念园,假日海滩,1
万泉河游览区,皇马假日,1
万泉河游览区,椰子大观园,1
万泉河游览区,文昌孔庙,1
万泉河游览区,东郊椰林,1
万泉河游览区,文昌卫星发射中心,1
万泉河游览区,宋庆龄祖居,1
万泉河游览区,五公祠,1
万泉河游览区,苏公祠,1
万泉河游览区,五公祠陈列馆,1
万泉河游览区,海南省博物馆,1
万泉河游览区,骑楼老街,1
万泉河游览区,西海岸带状公园,1
万泉河游览区,滨海公园,1
万泉河游览区,西秀海滩,1
万泉河游览区,假日海滩,1
皇马假日,椰子大观园,1
皇马假日,文昌孔庙,1
皇马假日,东郊椰林,1
皇马假日,文昌卫星发射中心,1
皇马假日,宋庆龄祖居,1
皇马假日,五公祠,1
皇马假日,苏公祠,1
皇马假日,五公祠陈列馆,1
皇马假日,海南省博物馆,1
皇马假日,骑楼老街,1
皇马假日,西海岸带状公园,1
皇马假日,滨海公园,1
皇马假日,西秀海滩,1
皇马假日,假日海滩,1
椰子大观园,文昌孔庙,1
椰子大观园,东郊椰林,1
椰子大观园,文昌卫星发射中心,1
椰子大观园,宋庆龄祖居,1
椰子大观园,五公祠,1
椰子大观园,苏公祠,1
椰子大观园,五公祠陈列馆,1
椰子大观园,海南省博物馆,1
椰子大观园,骑楼老街,1
椰子大观园,西海岸带状公园,1
椰子大观园,滨海公园,1
椰子大观园,西秀海滩,1
椰子大观园,假日海滩,1
文昌孔庙,东郊椰林,1
文昌孔庙,文昌卫星发射中心,1
文昌孔庙,宋庆龄祖居,1
文昌孔庙,五公祠,1
文昌孔庙,苏公祠,1
文昌孔庙,五公祠陈列馆,1
文昌孔庙,海南省博物馆,1
文昌孔庙,骑楼老街,1
文昌孔庙,西海岸带状公园,1
文昌孔庙,滨海公园,1
文昌孔庙,西秀海滩,1
文昌孔庙,假日海滩,1
东郊椰林,文昌卫星发射中心,1
东郊椰林,宋庆龄祖居,1
东郊椰林,五公祠,1
东郊椰林,苏公祠,1
东郊椰林,五公祠陈列馆,1
东郊椰林,海南省博物馆,1
东郊椰林,骑楼老街,2
东郊椰林,西海岸带状公园,1
东郊椰林,滨海公园,1
东郊椰林,西秀海滩,1
东郊椰林,假日海滩,1
东郊椰林,溪北书院,1
东郊椰林,铜鼓岭,1
东郊椰林,月亮湾,1
东郊椰林,鹿回头高尔夫球会,1
东郊椰林,中山路,1
文昌卫星发射中心,宋庆龄祖居,1
文昌卫星发射中心,五公祠,1
文昌卫星发射中心,苏公祠,1
文昌卫星发射中心,五公祠陈列馆,1
文昌卫星发射中心,海南省博物馆,1
文昌卫星发射中心,骑楼老街,1
文昌卫星发射中心,西海岸带状公园,1
文昌卫星发射中心,滨海公园,1
文昌卫星发射中心,西秀海滩,1
文昌卫星发射中心,假日海滩,1
宋庆龄祖居,五公祠,1
宋庆龄祖居,苏公祠,1
宋庆龄祖居,五公祠陈列馆,1
宋庆龄祖居,海南省博物馆,1
宋庆龄祖居,骑楼老街,1
宋庆龄祖居,西海岸带状公园,1
宋庆龄祖居,滨海公园,1
宋庆龄祖居,西秀海滩,1
宋庆龄祖居,假日海滩,1
五公祠,苏公祠,1
五公祠,五公祠陈列馆,1
五公祠,海南省博物馆,1
五公祠,骑楼老街,1
五公祠,西海岸带状公园,1
五公祠,滨海公园,1
五公祠,西秀海滩,1
五公祠,假日海滩,1
苏公祠,五公祠陈列馆,1
苏公祠,海南省博物馆,1
苏公祠,骑楼老街,1
苏公祠,西海岸带状公园,1
苏公祠,滨海公园,1
苏公祠,西秀海滩,1
苏公祠,假日海滩,1
五公祠陈列馆,海南省博物馆,1
五公祠陈列馆,骑楼老街,1
五公祠陈列馆,西海岸带状公园,1
五公祠陈列馆,滨海公园,1
五公祠陈列馆,西秀海滩,1
五公祠陈列馆,假日海滩,1
海南省博物馆,骑楼老街,1
海南省博物馆,西海岸带状公园,1
海南省博物馆,滨海公园,1
海南省博物馆,西秀海滩,1
海南省博物馆,假日海滩,1
骑楼老街,西海岸带状公园,1
骑楼老街,滨海公园,1
骑楼老街,西秀海滩,1
骑楼老街,假日海滩,1
骑楼老街,溪北书院,1
骑楼老街,铜鼓岭,1
骑楼老街,月亮湾,1
骑楼老街,鹿回头高尔夫球会,1
骑楼老街,中山路,1
骑楼老街,雷州,1
骑楼老街,雷祖祠,1
骑楼老街,龙母庙,1
骑楼老街,三元塔公园,1
骑楼老街,骑楼城,1
骑楼老街,中山公园,1
骑楼老街,梧州龙母庙,1
西海岸带状公园,滨海公园,1
西海岸带状公园,西秀海滩,1
西海岸带状公园,假日海滩,1
滨海公园,西秀海滩,1
滨海公园,假日海滩,1
西秀海滩,假日海滩,1
皇后湾,小东海,2
皇后湾,蝴蝶谷,1
小东海,海月广场,1
小东海,蝴蝶谷,2
小东海,白鹭公园,1
小东海,大小洞天,2
小东海,亚龙湾国际玫瑰谷,1
小东海,亚龙湾热带天堂森林公园,1
小东海,鹿回头山顶公园,1
小东海,三亚时光仓怀旧艺术客栈,1
小东海,威斯汀,1
小东海,京润珍珠博物馆,1
小东海,凤凰岭公园,1
小东海,兰花世界主题公园,1
小东海,热带海洋世界,1
小东海,槟榔河,1
小东海,亚龙湾海底世界,1
小东海,亚龙湾蝴蝶谷,1
小东海,珠江南田温泉,1
海月广场,蝴蝶谷,2
海月广场,白鹭公园,3
海月广场,大小洞天,2
海月广场,临春岭森林公园,1
海月广场,亚龙湾国际玫瑰谷,2
海月广场,亚龙湾热带天堂森林公园,2
海月广场,兰花谷,1
海月广场,小洞天,1
海月广场,鹿回头山顶公园,2
海月广场,鸟巢度假村,1
海月广场,过江龙索桥,1
海月广场,京润珍珠博物馆,1
海月广场,凤凰岭公园,1
海月广场,兰花世界主题公园,1
海月广场,热带海洋世界,1
海月广场,槟榔河,1
海月广场,亚龙湾海底世界,1
海月广场,亚龙湾蝴蝶谷,1
海月广场,珠江南田温泉,1
蝴蝶谷,白鹭公园,2
蝴蝶谷,大小洞天,2
蝴蝶谷,临春岭森林公园,1
蝴蝶谷,亚龙湾国际玫瑰谷,2
蝴蝶谷,亚龙湾热带天堂森林公园,2
蝴蝶谷,兰花谷,1
蝴蝶谷,小洞天,1
蝴蝶谷,鹿回头山顶公园,2
蝴蝶谷,鸟巢度假村,1
蝴蝶谷,过江龙索桥,1
蝴蝶谷,京润珍珠博物馆,1
蝴蝶谷,凤凰岭公园,1
蝴蝶谷,兰花世界主题公园,1
蝴蝶谷,热带海洋世界,1
蝴蝶谷,槟榔河,1
蝴蝶谷,亚龙湾海底世界,1
蝴蝶谷,亚龙湾蝴蝶谷,1
蝴蝶谷,珠江南田温泉,1
白鹭公园,大小洞天,2
白鹭公园,临春岭森林公园,1
白鹭公园,亚龙湾国际玫瑰谷,2
白鹭公园,亚龙湾热带天堂森林公园,2
白鹭公园,兰花谷,1
白鹭公园,小洞天,1
白鹭公园,鹿回头山顶公园,2
白鹭公园,鸟巢度假村,1
白鹭公园,过江龙索桥,1
白鹭公园,京润珍珠博物馆,1
白鹭公园,凤凰岭公园,1
白鹭公园,兰花世界主题公园,1
白鹭公园,热带海洋世界,1
白鹭公园,槟榔河,1
白鹭公园,亚龙湾海底世界,1
白鹭公园,亚龙湾蝴蝶谷,1
白鹭公园,珠江南田温泉,1
大小洞天,临春岭森林公园,1
大小洞天,亚龙湾国际玫瑰谷,2
大小洞天,亚龙湾热带天堂森林公园,3
大小洞天,兰花谷,2
大小洞天,小洞天,3
大小洞天,鹿回头山顶公园,2
大小洞天,鸟巢度假村,2
大小洞天,过江龙索桥,2
大小洞天,三亚宋城浪浪浪水公园,1
大小洞天,三道谷,1
大小洞天,三亚免税店,3
大小洞天,三亚时光仓怀旧艺术客栈,1
大小洞天,沧海楼,1
大小洞天,鹿回头广场,1
大小洞天,牛王岭,1
大小洞天,小月湾,1
大小洞天,南海龙王别院,1
大小洞天,京润珍珠博物馆,1
大小洞天,凤凰岭公园,1
大小洞天,兰花世界主题公园,1
大小洞天,热带海洋世界,1
大小洞天,槟榔河,1
大小洞天,亚龙湾海底世界,1
大小洞天,亚龙湾蝴蝶谷,1
大小洞天,珠江南田温泉,1
大小洞天,丽思卡尔顿,1
大小洞天,铂尔曼,1
大小洞天,金玉观音,1
大小洞天,长寿谷,1
大小洞天,爱心大世界,1
大小洞天,兰花世界,1
临春岭森林公园,亚龙湾国际玫瑰谷,1
临春岭森林公园,亚龙湾热带天堂森林公园,1
临春岭森林公园,兰花谷,1
临春岭森林公园,小洞天,1
临春岭森林公园,鹿回头山顶公园,1
临春岭森林公园,鸟巢度假村,1
临春岭森林公园,过江龙索桥,1
临春岭森林公园,鹿回头广场,1
临春岭森林公园,凤凰岭海誓山盟景区,1
临春岭森林公园,牛王岭,1
亚龙湾国际玫瑰谷,亚龙湾热带天堂森林公园,2
亚龙湾国际玫瑰谷,兰花谷,1
亚龙湾国际玫瑰谷,小洞天,1
亚龙湾国际玫瑰谷,鹿回头山顶公园,2
亚龙湾国际玫瑰谷,鸟巢度假村,1
亚龙湾国际玫瑰谷,过江龙索桥,1
亚龙湾国际玫瑰谷,京润珍珠博物馆,1
亚龙湾国际玫瑰谷,凤凰岭公园,1
亚龙湾国际玫瑰谷,兰花世界主题公园,1
亚龙湾国际玫瑰谷,热带海洋世界,1
亚龙湾国际玫瑰谷,槟榔河,1
亚龙湾国际玫瑰谷,亚龙湾海底世界,1
亚龙湾国际玫瑰谷,亚龙湾蝴蝶谷,1
亚龙湾国际玫瑰谷,珠江南田温泉,1
亚龙湾热带天堂森林公园,兰花谷,1
亚龙湾热带天堂森林公园,小洞天,1
亚龙湾热带天堂森林公园,鹿回头山顶公园,3
亚龙湾热带天堂森林公园,鸟巢度假村,1
亚龙湾热带天堂森林公园,过江龙索桥,1
亚龙湾热带天堂森林公园,鹿回头高尔夫球会,1
亚龙湾热带天堂森林公园,三亚免税店,2
亚龙湾热带天堂森林公园,京润珍珠博物馆,1
亚龙湾热带天堂森林公园,凤凰岭公园,1
亚龙湾热带天堂森林公园,兰花世界主题公园,1
亚龙湾热带天堂森林公园,热带海洋世界,1
亚龙湾热带天堂森林公园,槟榔河,1
亚龙湾热带天堂森林公园,亚龙湾海底世界,1
亚龙湾热带天堂森林公园,亚龙湾蝴蝶谷,1
亚龙湾热带天堂森林公园,珠江南田温泉,1
亚龙湾热带天堂森林公园,三亚亚龙湾铂尔曼别墅度假酒店,2
兰花谷,小洞天,1
兰花谷,鹿回头山顶公园,1
兰花谷,鸟巢度假村,2
兰花谷,过江龙索桥,2
兰花谷,三亚免税店,1
兰花谷,沧海楼,1
兰花谷,鹿回头广场,1
小洞天,鹿回头山顶公园,1
小洞天,鸟巢度假村,1
小洞天,过江龙索桥,1
小洞天,小月湾,1
小洞天,南海龙王别院,1
小洞天,丽思卡尔顿,1
小洞天,铂尔曼,1
鹿回头山顶公园,鸟巢度假村,1
鹿回头山顶公园,过江龙索桥,1
鹿回头山顶公园,鹿回头高尔夫球会,1
鹿回头山顶公园,三亚免税店,1
鹿回头山顶公园,京润珍珠博物馆,1
鹿回头山顶公园,凤凰岭公园,1
鹿回头山顶公园,兰花世界主题公园,1
鹿回头山顶公园,热带海洋世界,1
鹿回头山顶公园,槟榔河,1
鹿回头山顶公园,亚龙湾海底世界,1
鹿回头山顶公园,亚龙湾蝴蝶谷,1
鹿回头山顶公园,珠江南田温泉,1
鹿回头山顶公园,三亚亚龙湾铂尔曼别墅度假酒店,1
鸟巢度假村,过江龙索桥,2
鸟巢度假村,三亚免税店,1
鸟巢度假村,沧海楼,1
鸟巢度假村,鹿回头广场,1
过江龙索桥,三亚免税店,1
过江龙索桥,沧海楼,1
过江龙索桥,鹿回头广场,1
溪北书院,铜鼓岭,1
溪北书院,月亮湾,1
溪北书院,鹿回头高尔夫球会,1
溪北书院,中山路,1
铜鼓岭,月亮湾,1
铜鼓岭,鹿回头高尔夫球会,1
铜鼓岭,中山路,1
月亮湾,鹿回头高尔夫球会,1
月亮湾,中山路,1
鹿回头高尔夫球会,中山路,1
鹿回头高尔夫球会,三亚免税店,1
鹿回头高尔夫球会,三亚亚龙湾铂尔曼别墅度假酒店,1
雷州,雷祖祠,1
雷州,龙母庙,1
雷州,三元塔公园,1
雷州,骑楼城,1
雷州,中山公园,1
雷州,梧州龙母庙,1
雷祖祠,龙母庙,1
雷祖祠,三元塔公园,1
雷祖祠,骑楼城,1
雷祖祠,中山公园,1
雷祖祠,梧州龙母庙,1
龙母庙,三元塔公园,1
龙母庙,骑楼城,1
龙母庙,中山公园,1
龙母庙,梧州龙母庙,1
三元塔公园,骑楼城,1
三元塔公园,中山公园,1
三元塔公园,梧州龙母庙,1
骑楼城,中山公园,1
骑楼城,梧州龙母庙,1
中山公园,梧州龙母庙,1
三道谷,根抱石,1
三道谷,三亚免税店,1
三亚免税店,沧海楼,1
三亚免税店,鹿回头广场,1
三亚免税店,牛王岭,1
三亚免税店,威斯汀,1
三亚免税店,半山半岛,1
三亚免税店,三亚千古情景区,1
三亚免税店,三亚亚龙湾铂尔曼别墅度假酒店,1
三亚免税店,金玉观音,1
三亚免税店,长寿谷,1
三亚免税店,大花角,1
三亚免税店,七彩沙滩,1
三亚免税店,海南石梅湾艾美度假酒店,1
三亚免税店,白沙滩,1
沧海楼,鹿回头广场,1
鹿回头广场,凤凰岭海誓山盟景区,1
鹿回头广场,牛王岭,1
凤凰岭海誓山盟景区,牛王岭,1
凤凰岭海誓山盟景区,图腾柱,1
牛王岭,万宁,1
牛王岭,金玉观音,1
牛王岭,长寿谷,1
威斯汀,大花角,1
威斯汀,七彩沙滩,1
威斯汀,海南石梅湾艾美度假酒店,1
威斯汀,白沙滩,1
威斯汀,三亚海棠湾民生威斯汀度假酒店,1
雅居乐,陵水,1
雅居乐,分界洲岛,1
雅居乐,吊罗山,1
雅居乐,椰田古寨,1
雅居乐,分界洲岛潜水,1
雅居乐,东岸湿地公园,1
陵水,分界洲岛,1
陵水,吊罗山,1
陵水,椰田古寨,1
陵水,分界洲岛潜水,1
陵水,东岸湿地公园,1
分界洲岛,吊罗山,1
分界洲岛,椰田古寨,1
分界洲岛,分界洲岛潜水,1
分界洲岛,东岸湿地公园,1
吊罗山,椰田古寨,1
吊罗山,分界洲岛潜水,1
吊罗山,东岸湿地公园,1
椰田古寨,分界洲岛潜水,1
椰田古寨,东岸湿地公园,1
分界洲岛潜水,东岸湿地公园,1
东岸湿地公园,时光仓怀旧,1
小月湾,南海龙王别院,1
东岛,三亚凤凰岛度假酒店,1
半山半岛,三亚千古情景区,1
三亚千古情景区,三亚宋城旅游区,1
京润珍珠博物馆,凤凰岭公园,1
京润珍珠博物馆,兰花世界主题公园,1
京润珍珠博物馆,热带海洋世界,1
京润珍珠博物馆,槟榔河,1
京润珍珠博物馆,亚龙湾海底世界,1
京润珍珠博物馆,亚龙湾蝴蝶谷,1
京润珍珠博物馆,珠江南田温泉,1
凤凰岭公园,兰花世界主题公园,1
凤凰岭公园,热带海洋世界,1
凤凰岭公园,槟榔河,1
凤凰岭公园,亚龙湾海底世界,1
凤凰岭公园,亚龙湾蝴蝶谷,1
凤凰岭公园,珠江南田温泉,1
兰花世界主题公园,热带海洋世界,1
兰花世界主题公园,槟榔河,1
兰花世界主题公园,亚龙湾海底世界,1
兰花世界主题公园,亚龙湾蝴蝶谷,1
兰花世界主题公园,珠江南田温泉,1
热带海洋世界,槟榔河,1
热带海洋世界,亚龙湾海底世界,1
热带海洋世界,亚龙湾蝴蝶谷,1
热带海洋世界,珠江南田温泉,1
槟榔河,亚龙湾海底世界,1
槟榔河,亚龙湾蝴蝶谷,1
槟榔河,珠江南田温泉,1
亚龙湾海底世界,亚龙湾蝴蝶谷,1
亚龙湾海底世界,珠江南田温泉,1
亚龙湾蝴蝶谷,珠江南田温泉,1
保亭,雨林谷,1
保亭,梦幻谷,1
雨林谷,梦幻谷,1
丽思卡尔顿,铂尔曼,1
金玉观音,长寿谷,1
大花角,七彩沙滩,1
大花角,海南石梅湾艾美度假酒店,1
大花角,白沙滩,1
七彩沙滩,海南石梅湾艾美度假酒店,1
七彩沙滩,白沙滩,1
海南石梅湾艾美度假酒店,白沙滩,1
蓝色海,观海长廊,1
琼海,乐会古城,1
琼海,蔡家宅,1
琼海,莲花墩,1
爱心大世界,兰花世界,1
乐会古城,蔡家宅,1
乐会古城,莲花墩,1
蔡家宅,莲花墩,1
