店铺名称,商品名,价格,产地,付款人数
齐善食品旗舰,齐善素食 素火腿肠零食素肉食品素肠豆制品佛家纯素香肠斋菜,19.80,广东 深圳,2000+人付款
贝格美食品专营店,零食超大礼包饼干,64.50,浙江 杭州,1万+人付款
周黑鸭食品旗舰店,周黑鸭旗舰店_锁鲜卤鸭脖320g 甜辣味藤椒味武汉特产休闲零食,39.80,湖北 武汉,1000+人付款
御食园佳惠专卖店,御食园 冰糖葫芦串装新鲜正宗老北京特产 办公室山楂球袋装小零食,25.80,北京,65人付款
天猫国际进口超市,美国进口lindt瑞士莲软心巧克力球50粒喜糖礼物年货零食600g*2,210.00,浙江 杭州,6000+人付款
宝宝馋了旗舰店,宝宝馋了无添加儿童零食混合每日坚果酥送1岁婴儿幼儿辅食食谱,39.80,浙江 舟山,1万+人付款
沃隆旗舰店,沃隆每日坚果750g混合坚果30包干果仁零食大礼包谁是凶手同款坚果,139.00,山东 青岛,1万+人付款
天猫国际进口超市,科克兰无盐混合坚果干果腰果罐装零食1130g进口原味果仁每日食品,149.00,浙江 杭州,1万+人付款
悠然时光食品专营店,满铺靖江猪肉脯小零食小吃散装肉铺猪肉干推荐网红休闲食品整箱,19.80,江苏 泰州,2万+人付款
薄荷健康旗舰店,薄荷健康全餐21天代餐主食零食控卡饱腹营养早中午餐健身食品套餐,1990.00,上海,700+人付款
洽洽食品官方旗舰店,洽洽每日坚果礼盒750g混合30小包装恰恰囤货儿童食品干果礼包零食,158.00,安徽 合肥,1万+人付款
良品铺子旗舰店,【良品铺子-肉松饼1000g】解馋小零食休闲食品面包早餐食品整箱,34.90,湖北 武汉,5万+人付款
良品铺子旗舰店,良品铺子手撕面包1kg早餐代餐营养休闲食品充饥零食小吃整箱蛋糕,30.90,湖北 武汉,9万+人付款
九岭夼旗舰店,德州五香扒鸡正宗烧鸡道口整只特产即食熟食麻油鸡肉烤鸡零食礼盒,22.90,山东 德州,3000+人付款
百草味旗舰店,百草味每日坚果礼盒750g/30包网红休闲孕妇零食健康混合干果整箱,269.00,浙江 杭州,6万+人付款
来伊份官方旗舰店,王一博推荐来伊份100份零食礼盒大礼包休闲零食宿舍囤货整箱小吃,168.00,上海,8000+人付款
好想你官方旗舰店,【好想你_红枣夹核桃770g】和田大枣新疆特产夹心枣零食送礼礼盒,33.90,河南 郑州,7万+人付款
德芙官方旗舰店,德芙巧克力三桶德芙碗装+脆香米216g+m豆270g桶装组合零食送小孩,89.90,广东 广州,4万+人付款
田园主义旗舰店,田园主义全麦面包无蔗糖0脂肪早餐健康零食代餐饱腹粗粮速食欧包,29.90,江苏 泰州,4万+人付款
天猫超市,沃隆750g每日坚果30包混合坚果礼盒孕妇零食干果节日大礼包成人款,177.60,上海,4000+人付款
天猫超市,沃隆每日坚果干果孕妇零食休闲早餐混合坚果节日礼盒600g/24包,118.00,上海,1万+人付款
七年五季旗舰店,七年五季欧包全麦面包休闲零食品低脂无蔗糖粗粮0饱腹小吃早代餐,24.90,湖北 武汉,8万+人付款
轩妈食品旗舰店,轩妈家蛋黄酥糕点雪媚娘办公室零食点心甜品零食小吃休闲食品早餐,45.00,广西 南宁,2万+人付款
田园主义旗舰店,田园主义全麦面包 0脂肪无蔗糖切片吐司健康零食代餐整箱速食早餐,29.90,江苏 泰州,2万+人付款
百草味旗舰店,百草味巨型零食大礼包4斤/20袋送女友网红休闲食品夜宵小吃猪饲料,229.00,浙江 杭州,1万+人付款
天猫超市,费列罗榛果威化巧克力48粒送女友零食婚庆礼物散装批发喜糖礼盒装,139.90,上海,8000+人付款
天猫超市,江中猴姑养胃饼干20天装营养代餐猴头菇休闲零食年货送礼礼盒40包,169.00,上海,5000+人付款
godiva歌帝梵官方旗舰店,GODIVA歌帝梵双享经典巧克力礼盒12颗比利时进口休闲零食节日送礼,389.00,上海,6000+人付款
宝宝馋了旗舰店,宝宝馋了辅食添加料拌饭料儿童海苔肉松零食无添加送婴儿幼儿食谱,49.80,浙江 舟山,6000+人付款
好利来官方旗舰店,好利来半熟芝士双味2盒奥巧网红蛋糕零食甜品糕点圣诞礼盒下午茶,78.00,北京,5万+人付款
洽洽食品官方旗舰店,洽洽小黄袋每日坚果750g/30袋恰恰零食囤货儿童食品混合干果礼盒,179.00,安徽 合肥,2000+人付款
天猫超市,良品铺子零食大礼包女猪事顺利巨型网红零食小吃送女友零食,209.00,上海,2000+人付款
德芙官方旗舰店,德芙巧克力3碗装零食小吃休闲食品散装纯黑巧克力牛奶黑巧旗舰店,59.90,广东 广州,1万+人付款
王小卤旗舰店,王小卤虎皮凤爪网红零食小吃休闲食品鸡爪辣办公室健康零食推荐,99.80,北京,4万+人付款
七年五季旗舰店,七年五季全麦巧克力面包休闲零食品低脂无蔗糖精粗粮早餐小吃欧包,34.90,湖北 武汉,2万+人付款
老街口旗舰店,老街口 焦糖/山核桃味瓜子500g*4袋装葵花籽坚果炒货零食散装批发,45.90,浙江 金华,7万+人付款
娇凤食品专营店,味芝元香辣鱼排26g*30包湖南特产零食洞鱼尾鱼块庭湖即食麻辣小吃,13.30,湖南 长沙,2万+人付款
周黑鸭食品旗舰店,【周黑鸭旗舰店_锁鲜】盒装卤鸭脖鸭锁骨鸭翅鸭掌 多款任选装零食,76.50,湖北 武汉,2万+人付款
卡尔顿旗舰店,卡尔顿肉松沙拉焗蛋糕500g点心早餐零食小吃面包休闲食品营养整箱,39.90,福建 漳州,1万+人付款
来伊份官方旗舰店,来伊份天天每日坚果750g乐享装囤货零食混合干果30天小包网红礼盒,139.00,上海,7000+人付款
好利来官方旗舰店,好利来冰山熔岩巧克力圣诞纯可可脂礼盒甜品网红零食下午茶,59.00,北京,3万+人付款
轩妈食品旗舰店,轩妈家蛋黄酥4种口味组合装 糕点点心休闲小吃食品网红零食早餐,65.80,广西 南宁,8000+人付款
港荣食品旗舰店,港荣蒸蛋糕小面包营养早餐整箱蛋糕休闲零食小吃充饥饱腹健康食品,18.80,广东 揭阳,1万+人付款
乡巴佬食品专营店,卤蛋官方旗舰店卤鸡蛋即食早餐食品正宗味五香整箱乡巴佬卤蛋零食,29.80,湖南 岳阳,8000+人付款
秋田满满旗舰店,秋田满满牛初乳奶片奶贝无零食盐添加送宝宝一岁婴儿幼儿辅食食谱,39.90,湖南 长沙,8000+人付款
费列罗官方旗舰店,费列罗Rocher榛果威化巧克力30粒零食分享送礼新春礼盒圣诞礼物,115.00,上海,800+人付款
卫龙食品旗舰店,【卫龙_魔芋爽】魔芋素毛肚魔芋丝麻辣零食解馋零食小吃休闲食品,16.90,河南 漯河,3万+人付款
百事集团官方旗舰店,乐事原切薯片休闲小吃40g*16休闲出游零食大礼包办公室囤货零食,59.90,天津,5000+人付款
ea5168ea,东北特产哈尔滨一手店熏酱鸡肝零食熟食副食,29.60,黑龙江 哈尔滨,10人付款
tb_2484622,等一味|笋丝豆干 烤肉豆脯夹笋小银鱼包装五,24.80,广东 广州,3000+人付款
oneguweiduo,狗牙儿锅巴比萨卷儿时记忆零食小包装充饥夜,5.10,江苏 徐州,200+人付款
卫龙食品旗舰店,【卫龙_亲嘴烧】辣条零食麻辣儿时宿舍耐嚼辣味零食小吃休闲食品,21.90,河南 漯河,3万+人付款
亿滋官方旗舰店,奥利奥夹心饼干巧克力味原味网红爆款食品零食大礼包礼盒整箱囤货,109.00,上海,3000+人付款
比比赞旗舰店,比比赞掌心脆干脆面点心方便面宿舍网红耐吃小零食整箱装干吃面批,24.80,福建 泉州,1万+人付款
欧贝拉旗舰店,纯蛋糕面包整箱早餐营养鸡蛋糕点类健康休闲小零食食品小吃货即食,8.90,福建 泉州,6万+人付款
李子柒旗舰店,李子柒紫薯蒸米糕零食早餐面包夹心糕点小吃特产点心发糕整盒540g,29.90,浙江 嘉兴,2万+人付款
小鹿蓝蓝旗舰店,【小鹿蓝蓝_鳕鱼肠300g】鱼肠宝宝零食儿童肉肠营养送婴幼儿食谱,49.90,安徽 芜湖,7000+人付款
稻香村食品旗舰店,稻香村糕点礼盒装2000G老式特产传统中式散装点心小吃送长辈零食,109.00,北京,3000+人付款
卡尔顿旗舰店,卡尔顿港式鸡蛋仔蛋糕500g糕点零食食品营养儿童早餐速食面包整箱,39.90,福建 漳州,1万+人付款
天猫国际进口超市,Ferrero费列罗榛果夹心巧克力零食30粒*2盒装正品进口礼物伴手礼,148.00,浙江 杭州,6000+人付款
良品铺子旗舰店,良品铺子巨型零食大礼包整箱送女友猪饲料网红小零食小吃休闲食品,209.00,湖北 武汉,3万+人付款
天猫国际进口超市,【直营】瑞士莲冰山雪融巧克力175g*2盒冬季限定年货礼盒装零食,198.00,浙江 杭州,1万+人付款
良品铺子旗舰店,良品铺子坚果礼盒大礼包12袋纯坚果混合果干休闲零食整箱年货送礼,219.00,湖北 武汉,8000+人付款
百草味旗舰店,【百草味3罐装坚果组合1500g】健康干果大礼包孕妇小零食礼盒送礼,219.00,浙江 杭州,4000+人付款
百草味旗舰店,百草味巨型零食大礼包7斤/30袋网红送女友休闲食品猪饲料爆款小吃,329.00,浙江 杭州,2万+人付款
天猫超市,包邮百草味每日全坚果30包600g代餐早餐孕妇儿童休闲零食小吃礼盒,109.00,上海,6000+人付款
天猫超市,百草味每日坚果750g混合坚果礼盒代餐早餐孕妇儿童休闲零食小吃,119.00,上海,1万+人付款
天猫超市,包邮三只松鼠巨型零食大礼包19袋1981g食品小吃休闲零食囤货爆款,139.00,上海,8000+人付款
天猫超市,三只松鼠巨型零食大礼包30袋3501g小吃休闲食品囤货爆款零食送礼,199.00,上海,8000+人付款
天猫超市,三只松鼠每日坚果750g30天装坚果混合干果孕妇零食早餐礼盒,139.00,上海,3万+人付款
德芙官方旗舰店,德芙牛奶巧克力4桶德芙碗*2+脆香米桶+m豆桶应急零食,129.90,广东 广州,700+人付款
洽洽食品官方旗舰店,洽洽焦糖味山核桃五香500g*3袋葵花籽仁瓜子恰恰炒货零食囤货批发,48.90,安徽 合肥,2万+人付款
好利来官方旗舰店,好利来\u0026LINE FRIENDS联名布朗莎莉夹心派圣诞礼盒零食下午茶甜品,32.00,北京,3万+人付款
来伊份官方旗舰店,新货来伊份百年好核小核桃仁118g坚果炒货零食精品山核桃仁小包装,56.90,上海,1万+人付款
七年五季旗舰店,七年五季全麦吐司面包休闲小吃低脂健康整箱早餐饱腹粗粮零食品,29.90,湖北 武汉,2万+人付款
喜糖铺子食品专营店,大白兔奶糖混合口味500g礼盒装散装批发结婚喜糖果礼物圣诞节零食,9.90,湖北 随州,3万+人付款
好想你官方旗舰店,【好想你_锁鲜枣500g/袋】红枣新疆特产免洗灰枣独立小包装零食,32.00,河南 郑州,3万+人付款
靓点smile,甜甜乐星球杯大杯巧克力杯桶装饼干网红儿童小零食小吃休闲食品,14.90,江苏 苏州,4万+人付款
薄荷健康旗舰店,薄荷健康 全餐7天代餐主食控卡饱腹轻早晚餐健身食品脂含解馋零食,790.00,上海,600+人付款
比比赞旗舰店,蛋黄酥面包整箱早餐雪媚娘零食小吃糕点休闲食品网红爆款美食推荐,7.90,福建 泉州,7万+人付款
溜溜梅旗舰店,【杨幂推荐 溜溜梅 六味青梅全家桶480g】青梅零食大礼包话梅乌梅,39.00,安徽 芜湖,9万+人付款
好利来官方旗舰店,好利来半熟芝士圣诞礼盒网红蛋糕甜品点心糕点面包早餐零食下午茶,40.00,北京,1万+人付款
无穷食品旗舰店,旗舰店无穷盐焗鸡蛋整箱16只办公室小吃零食卤蛋休闲食品非乡巴佬,39.80,广东 广州,1万+人付款
沃隆旗舰店,沃隆每日坚果混合坚果700g休闲零食大礼包干果谁是凶手同款坚果,139.00,山东 青岛,1000+人付款
三顺得旗舰店,三顺得肉松味紫米奶酪面包黑米早餐三明治整箱吐司美食小零食糕点,26.80,江苏 常州,200+人付款
洽洽食品官方旗舰店,洽洽多味瓜子500g*2袋恰恰大颗五香白皮葵花籽仁休闲零食炒货囤货,32.90,安徽 合肥,1万+人付款
稻香村食品旗舰店,稻香村拿破仑700G蛋糕零食糕点早餐营养奶油巧克力面包整箱点心,39.90,北京,1万+人付款
欧贝拉旗舰店,黑麦全麦面包整箱欧包吐司代餐饱腹低0无糖精早餐零食品脂肪热量,6.90,福建 泉州,8万+人付款
华味亨旗舰店,华味亨焦糖味/山核桃味瓜子4斤 坚果炒货批发瓜子焦糖味散装零食,47.90,浙江 杭州,1万+人付款
泓一食品旗舰店,泓一紫米面包整箱奶酪夹心吐司充饥夜宵解馋网红健康零食早餐食品,11.80,河南 漯河,4万+人付款
比比赞旗舰店,比比赞掌心脆干脆面干吃面小零食品小吃货网红爆款推荐休闲整箱装,4.90,福建 泉州,10万+人付款
王小卤旗舰店,王小卤虎皮凤爪网红小吃休闲零食鸡爪子即食辣卤味熟食真空200g*2,54.80,北京,6000+人付款
tb_2484622,等一味|笋丝豆干 烤肉豆脯夹笋小银鱼包装五,24.80,广东 广州,3000+人付款
稻香淋雨,鲜虾片 单包 小包装 随手包 鲜虾 零食鲜虾,0.55,辽宁 沈阳,300+人付款
格力高官方旗舰店,哆啦a梦格力高百奇小吃饼干零食儿童礼盒休闲食品,69.00,上海,500+人付款
初旭食品官方旗舰店,初旭官方店 温州初旭酱鸭舌头原味480g 鸭肉零食初旭鸭舌,160.00,浙江 温州,3000+人付款
比比妙旗舰店,香酥小黄鱼500g酥脆小黄鱼干即食黄花鱼孕妇零食小吃休闲食品,38.80,浙江 杭州,1万+人付款
怡达食品旗舰店,【肖战代言】怡达山楂冰糖葫芦酸奶球夹心糖葫芦零食小吃休闲食品,188.00,河北 承德,3000+人付款
红果子食品专营店,百草味零食大礼包整箱儿童圣诞节送女友网红爆款休闲食品小吃男友,69.90,浙江 杭州,2万+人付款
三只松鼠旗舰店,【三只松鼠_去骨凤爪110gx2袋】酸辣无骨鸡爪子脱骨即食零食小吃,31.90,安徽 芜湖,1万+人付款
酥茉儿旗舰店,零食大礼包麻辣网红小吃休闲食品卤味熟肉类整箱解馋鸭脖各种美食,29.90,河南 郑州,1万+人付款
鼎贞食品专营店,百草味巨型超大零食大礼包整箱网红小吃休闲食品大全各种美食女友,298.00,广东 深圳,1000+人付款
牛盟记旗舰店,牛盟记 正宗牛肉干内蒙古风干手撕熟食真空健身小零食500g小包装,129.00,内蒙古 通辽,5000+人付款
北海道食品官方旗舰店,日本北海道美玲制菓巴斯克芝士蛋糕进口零食糕点礼盒网红甜品点心,75.00,江苏 苏州,5000+人付款
drcheese奶酪博士旗舰店,奶酪博士低盐高钙原制小圆奶酪宝宝辅食芝士干酪儿童零食即食3袋,159.00,上海,3000+人付款
东成食品专营,零食大礼包麻辣网红小吃休闲食品卤味肉类充饥夜宵整箱鸭脖鸭货,29.50,湖南 岳阳,6万+人付款
猫诚旗舰店,阿尔卑斯棒棒糖100支小零食品儿童礼物批发圣诞节日糖果硬糖散装,29.80,安徽 合肥,1万+人付款
邹三和旗舰店,邹三和红油无骨鸡爪柠檬酸辣泡椒凤爪麻辣脱骨鸡脚网红零食邹小和,29.90,四川 乐山,1万+人付款
老海公旗舰店,老海公黄鱼酥旗舰店香酥小黄鱼干鱼尾孕妇海味零食追剧休闲食品,79.00,浙江 金华,4万+人付款
牧丰物语旗舰店,王小卤虎皮凤爪200g*3袋大分量卤味鸡爪子秒脱骨即食网红解馋零食,79.80,上海,1万+人付款
牧丰物语旗舰店,王小卤虎皮凤爪200g*6袋秒脱骨大鸡爪子网红卤味解馋小零食大分量,162.80,上海,3000+人付款
韵滋味食品专营店,圣诞节礼物零食大礼包送女友巨型整箱组合小吃休闲食品猪饲料生日,69.90,江苏 南京,7000+人付款
天猫国际进口超市,美国进口Lindt瑞士莲软心巧克力球50粒600g喜糖年货婚庆零食,119.00,浙江 杭州,2000+人付款
天猫国际进口超市,【双十一专享】白色恋人北海道白巧克力夹心饼干网红零食12枚*2盒,138.00,浙江 杭州,2万+人付款
良品铺子旗舰店,良品铺子肉肉大满足零食大礼包送女友麻辣网红小吃休闲食品整箱,189.00,湖北 武汉,2万+人付款
良品铺子旗舰店,良品铺子全国零食大礼包哥哥同款送女友礼物整箱小吃网红休闲食品,443.40,湖北 武汉,2000+人付款
百草味旗舰店,百草味-罐装夏威夷果500g奶油味健康坚果干果孕妇零食2021年新货,69.90,浙江 杭州,4万+人付款
百草味旗舰店,百草味-坚果大礼包1600g/9袋混合干果礼盒年货休闲零食整箱送礼,109.00,浙江 杭州,6万+人付款
天猫超市,包邮良品铺子每日坚果750g青春版混合坚果休闲零食送礼礼盒30袋装,138.00,上海,3万+人付款
天猫超市,良品铺子巨型零食大礼包3380g零食小吃囤货量贩零食礼包休闲食品,209.00,上海,4000+人付款
天猫超市,[详情领券]港荣蒸蛋糕奶香900g整箱小面包营养早餐糕点零食送礼盒,39.90,上海,2万+人付款
天猫超市,良品铺子小时刻零食大礼包1426g送女友休闲食品网红爆款囤货送礼,98.00,上海,6000+人付款
天猫超市,【进口】DANISA/皇冠礼盒装888g曲奇饼干节日零食小吃食品休闲,98.00,上海,3000+人付款
好利来官方旗舰店,好利来生巧克力礼盒牛奶巧克力松露纯可可脂圣诞下午茶甜品零食,69.00,北京,6000+人付款
三只松鼠旗舰店,【三只松鼠_牛转乾坤大礼包1215g/9袋装】网红零食小吃大全食品,66.90,安徽 芜湖,800+人付款
三只松鼠旗舰店,【三只松鼠_美式薯条75gx3】办公室休闲网红吃货零食小吃食品,19.90,安徽 芜湖,2000+人付款
喵馋师旗舰店,猪饲料零食大礼包整箱小吃休闲食品组合装圣诞节送女友儿童礼物盒,49.90,河南 郑州,3万+人付款
中原一点红食品旗舰店,每日坚果礼盒30小包装混合装干果网红大礼包孕妇儿童休闲零食组合,65.50,河南 郑州,1万+人付款
派沃食品专营店,百草味零食大礼包整箱网红爆款小吃健康休闲食品男圣诞礼物送女友,59.90,浙江 杭州,5000+人付款
聚惠正品商城,山姆Member\u0027sMark芥末味夏威夷果仁500g辛香酥脆微辣芥香零食坚果,141.90,上海,3000+人付款
孕味食足旗舰店,孕味食足孕妇零食黑芝麻饼片无添加糖精解馋抗饿营养休闲食品小吃,49.90,安徽 合肥,2万+人付款
正新旗舰店,正新无骨鸡爪柠檬酸辣盒装网红爆款脱骨去骨泡椒凤爪罐装卤味零食,29.90,浙江 台州,6万+人付款
ffit8旗舰店,ffit8蛋白棒健身能量棒健康零食低饼干营养乳清卡脂代餐饱腹食品,99.00,北京,2000+人付款
tb763755032,三只松鼠零食大礼包坚果休闲大全各种美食整箱新年货礼物盒送女友,88.80,安徽 芜湖,4000+人付款
龙角散旗舰店,龙角散免水润喉糖颗粒护嗓薄荷味16包/盒龙角撒粉末日本进口零食,85.00,湖北 武汉,3000+人付款
feng06298,ROYCE若翼族生巧克力日本北海道网红进口零食原味生巧盒装送女友,54.00,广东 深圳,5000+人付款
tb_2484622,等一味|笋丝豆干 烤肉豆脯夹笋小银鱼包装五,24.80,广东 广州,3000+人付款
林弘堂旗舰店,林弘堂小花片 猫耳朵猫耳酥食品五香原味,15.80,湖南 湘潭,200+人付款
ea5168ea,黑龙江哈尔滨一手店熟食副食熏酱盐焗鸡骨架,12.87,黑龙江 哈尔滨,43人付款
忆嗑仁旗舰店,忆嗑仁新货碧根果年货罐装整箱5斤坚果奶油味果仁干果长寿果零食,18.60,浙江 杭州,2万+人付款
伊人蔬食品旗舰店,香烤虾干即食虾干大号对虾炭烤海鲜网红零食小吃解馋美食推荐特产,21.90,山东 济宁,1万+人付款
royce若翼族旗舰店,ROYCE若翼族生巧克力日本北海道进口零食圣诞生巧情人节送礼盒装,118.00,上海,6000+人付款
满铺食品专营店,靖江猪肉脯500g网红零食小吃散装猪肉干蜜汁特产肉铺休闲食品整箱,19.80,江苏 泰州,1万+人付款
纳贝莎旗舰店,乳酸菌小口袋面包整箱早餐健康零食品水果夹心菠萝吐司紫米蛋糕类,22.80,山东 临沂,3万+人付款
每果时光旗舰店,坚果夏威夷果500g散装奶油味原味干果仁夏果整箱5斤孕妇零食组合,16.80,浙江 杭州,2万+人付款
士力架官方旗舰店,德芙士力架花生巧克力1000g散装喜糖果休闲零食品家庭批发夹心,57.90,广东 广州,1万+人付款
小桃桃零食铺,三只松鼠坚果零食大礼包网红爆款干果炒货混装礼盒小吃休闲食品,158.00,河南 信阳,2000+人付款
蒙时代旗舰店,【大克重500g】牛肉干内蒙古超干手撕风干正宗肉干特产香辣小零食,139.00,内蒙古 呼和浩特,7000+人付款
万佳惠食品专营店,雀巢脆脆鲨巧克力威化饼干480g整箱网红零食小吃散装混合休闲食品,24.90,湖南 长沙,1万+人付款
成京旗舰店,牛肉干风干手撕西藏内蒙古四川特产超干耗牛肉干500g牦麻辣零食牛,69.00,西藏 拉萨,1万+人付款
品牌特惠自营店,三只松鼠零食大礼包肉食类充饥夜宵网红圣诞节整箱小吃休闲食品,99.00,河南 信阳,2000+人付款
比比妙旗舰店,正宗风干牛肉干手撕香辣即食非耗牛肉干罐装孕妇零食官方旗舰店,48.80,浙江 杭州,1万+人付款
麻辣王子旗舰店,麻辣王子辣条零食小吃大礼包儿时怀旧面筋整箱麻辣味辣条休闲食品,24.90,湖南 长沙,8万+人付款
聪明小熊旗舰店,香港珍妮曲奇聪明小熊饼干四味640g礼盒装手工圣诞节进口零食品,179.00,广东 深圳,3000+人付款
两千份旗舰店,坚果零食每日坚果组合松子夏威夷果开心果碧根果巴旦木干果礼盒装,68.80,浙江 杭州,4000+人付款
佰味良田食品旗舰店,佰味良田麻麻黑无糖黑芝麻饼孕妇零食健康小食品手工酥片脆薄营养,79.10,山东 临沂,7000+人付款
炭食光食品旗舰店,无骨鸡爪柠檬酸辣罐装网红2斤装脱骨去骨泡椒凤爪即食爆辣小零食,29.80,四川 德阳,2万+人付款
牛盟记旗舰店,牛盟记 内蒙古正宗风干牛肉干手撕小包装儿童孕妇零食官方旗舰店,139.00,内蒙古 通辽,2000+人付款
泉润鸭寨夫人旗舰店,鸭寨夫人去骨鸭掌128g泡椒无骨鸭爪休闲零食即食,25.80,山东 临沂,4万+人付款
觅菓旗舰店,觅菓原味混合纯果仁孕妇零食每日综合坚果罐装儿童大礼包1.05kg,169.00,广东 佛山,2000+人付款
觅菓旗舰店,觅菓新货A180级越南带皮紫衣大腰果仁盐焗坚果炭烧追剧零食500g罐,78.00,广东 佛山,5万+人付款
忆嗑仁旗舰店,忆嗑仁新货原味大颗粒开心果批货罐装年货盐焗孕妇干坚果零食5斤,21.60,浙江 杭州,2万+人付款
drcheese奶酪博士旗舰店,【推荐】奶酪博士金装奶酪棒儿童奶酪健康高钙乳酪零食90g*11袋,210.00,上海,3万+人付款
郝小子旗舰店,【主播推荐】郝小子高汤猪蹄熟食卤味小吃 网红休闲零食380g,59.90,山东 烟台,4万+人付款
状元蔡食品旗舰店,状元蔡酸辣无骨鸡爪网红去骨凤爪子2斤装 不辣大份量酸甜味小零食,84.90,浙江 台州,3000+人付款
天猫国际进口超市,白色恋人进口北海道白巧克力黑巧克力夹心饼干零食18枚24枚礼物,69.00,浙江 杭州,9000+人付款
良品铺子旗舰店,【良品铺子-大罐快乐每日坚果500g】混合坚果仁干果孕妇儿童零食,50.00,湖北 武汉,2万+人付款
百草味旗舰店,百草味手撕面包1kg蛋糕早餐代餐营养休闲食品充饥零食整箱囤货,89.90,浙江 杭州,10万+人付款
良品铺子旗舰店,良品铺子坚果零食大礼包礼盒2003g/11袋每日干果整箱零食年货送礼,155.00,湖北 武汉,1万+人付款
天猫国际进口超市,澳洲原装进口Maltesers麦提莎麦丽素夹心巧克力豆465g桶装零食,78.00,浙江 杭州,5000+人付款
百草味旗舰店,百草味-零食大礼包 网红休闲充饥夜宵小吃饼干组合一整箱爆款送礼,159.00,浙江 杭州,3万+人付款
天猫超市,费列罗榛果威化巧克力零食96粒婚礼装喜糖糖果礼物1.2kg*1盒,268.00,上海,1000+人付款
天猫超市,良品铺子零食大礼包1156g送女友麻辣零食小吃网红休闲整箱即食,138.00,上海,2000+人付款
天猫超市,三只松鼠每日枣夹核桃750gx1箱礼盒办公室零食小吃整箱红枣核桃仁,59.90,上海,1万+人付款
天猫超市,好丽友巧克力派30枚1020g节日送礼糕点点心新怀旧下午茶早餐零食,36.90,上海,1万+人付款
天猫超市,三只松鼠牛气款每日坚果30天装750g坚果干果休闲孕妇零食大礼包,99.90,上海,6000+人付款
三只松鼠旗舰店,【三只松鼠_夏威夷果265gx2】新货健康零食坚果干果休闲食品特产,49.90,安徽 芜湖,3万+人付款
三只松鼠旗舰店,【三只松鼠_坚果大礼包2313g/12袋】健康零食礼盒整箱休闲食品,208.00,安徽 芜湖,9000+人付款
千色千味食品专营店,百草味零食大礼包整箱送女友男友小吃休闲食品大全各种美食礼盒装,138.80,湖北 武汉,5000+人付款
哆哆瞄旗舰店,大红枣夹核桃仁葡萄干5斤 真空小包装孕妇零食夹心新疆特产干果抱,39.90,新疆 乌鲁木齐,1万+人付款
tb_2484622,等一味|笋丝豆干 烤肉豆脯夹笋小银鱼包装五,24.80,广东 广州,3000+人付款
林弘堂旗舰店,林弘堂小花片 猫耳朵猫耳酥食品五香原味,15.80,湖南 湘潭,200+人付款
亲禾食品专营店,徐福记饼干零食散装多口味大礼包小吃休闲食,29.90,浙江 宁波,100+人付款
恬康旗舰店,风干牛肉干内蒙古官方正宗手撕耗牛肉干500g牦牛麻辣零食四川特产,109.90,四川 阿坝,3000+人付款
每果时光旗舰店,原味巴旦木仁500g美国扁桃仁非大杏仁片熟坚果仁散装干果孕妇零食,18.80,浙江 杭州,3万+人付款
费列罗官方旗舰店,费列罗榛果威化巧克力60粒零食喜糖礼物自用聚会过年零食圣诞礼物,198.00,上海,1000+人付款
谷语香食品专营店,儿童零食大礼包营养健康3一6岁小孩吃的小休闲食品小吃整箱圣诞节,89.90,河南 郑州,5000+人付款
脆升升食品旗舰店,脆升升香脆薯条20g*25袋鲜切薯片蜂蜜黄油脆生生休闲零食大礼包,39.80,天津,2万+人付款
斯琴妹子旗舰店,牛肉干 内蒙古超干手撕风干牛肉干牦牛 特产香麻辣小包装零食特产,69.90,内蒙古 呼和浩特,4000+人付款
杨矮子旗舰店,安乡杨矮子酱板鸭湖南常德特产正宗酱板鸭香辣/特辣鸭肉零食小吃,46.80,湖南 长沙,1万+人付款
诺梵旗舰店,诺梵5盒装88%纯黑巧克力排块超苦可可添加蔗糖无烘焙零食礼物550g,54.90,浙江 杭州,1万+人付款
英氏旗舰店,英氏婴儿米饼3盒宝宝零食辅食 儿童添加小吃无婴幼儿磨牙饼干6月+,59.90,湖南 长沙,1万+人付款
藤桥牌旗舰店,藤桥牌精品大鸭舌 温州特产小吃熟食 卤味零食大礼包鸭舌头500g,160.00,浙江 温州,1万+人付款
潘祥记旗舰店,潘祥记鲜花饼云南特产传统糕点休闲零食小吃面包早餐玫瑰饼干礼盒,42.00,云南 昆明,4万+人付款
两千份旗舰店,每日坚果混合坚果仁干果类500g罐装孕妇专用儿童零食健康营养组合,24.80,浙江 杭州,2万+人付款
零肆零食品专营店,百草味零食大礼包送女友圣诞节一整箱猪饲料休闲食品充饥夜宵小吃,129.00,广东 广州,4000+人付款
奇圣旗舰店,奇圣风干牛肉干官方旗舰店西藏特产手撕耗牛正宗牦牛肉干麻辣零食,69.90,西藏 拉萨,9000+人付款
零肆零食品专营店,百草味干果零食大礼包圣诞节礼物水果干芒果干休闲食品小吃送女友,138.00,广东 广州,2000+人付款
草原达尔沁旗舰店,正宗内蒙古特产风干手撕牛肉干500g健身小零食香辣即熟食真空包装,139.00,内蒙古 通辽,4000+人付款
孕味食足旗舰店,孕味食足孕妇零食每日坚果干专怀孕期用无添加剂小吃解饿营养食品,139.00,安徽 合肥,4000+人付款
天虹牌食品旗舰店,天虹牌夏威夷果仁500g囤货原味烘焙新货孕妇零食夏威夷坚果无壳,114.90,广东 佛山,1000+人付款
东成食品专营,零食大礼包麻辣味网红爆款卤味肉类香辣鸭脖零食小吃休闲食品解馋,49.80,湖南 岳阳,1万+人付款
诺梵旗舰店,诺梵88%每日纯黑巧克力礼盒装送女友可可脂散装纯脂休闲烘焙零食,19.90,浙江 杭州,3万+人付款
比比妙旗舰店,比比妙新货临安山核桃仁小核桃仁肉3罐装原味儿童孕妇零食坚果仁,59.80,浙江 杭州,3万+人付款
未来可7旗舰店,未来可7 小7砖 低gi压缩轻食魔芋小蛋糕零食休闲饼干品燕麦代餐棒,199.00,湖南 长沙,2000+人付款
tb344030496,royce生巧日本北海道进口零食送女友礼盒网红原味抹茶味生巧克力,58.00,广东 深圳,5000+人付款
恒之扬食品专营店,圣诞节糖果网红糖饼干手工椪糖碰糖抠糖挑战零食游戏扣糖儿童礼物,12.54,浙江 金华,3万+人付款
山疙瘩食品专营店,百草味零食大礼包网红爆款圣诞节休闲食品整箱儿童送女友小吃男友,69.90,浙江 宁波,5000+人付款
榴芒一刻旗舰店,榴芒一刻网红榴莲千层蛋糕冰皮奶油爆浆生日小蛋糕盒子甜品零食,129.90,广东 东莞,5000+人付款
庆波食品专营店,圣诞节零食大礼包整箱小吃休闲食品猪饲料送女友儿童生日礼物巨型,69.90,上海,1万+人付款
忆嗑仁旗舰店,新货夏威夷果孕妇零食年货罐装奶油味礼盒原味坚果组合仁干果散装,18.60,浙江 杭州,4万+人付款
刺猬式拥抱xybc,风干牛肉干四川特产内蒙古超干手撕牦牛肉干500g西藏耗牛麻辣零食,69.00,四川 成都,1万+人付款
寻味喵旗舰店,坚果零食干果组合装散装称斤批发旗舰店官网孕妇儿童每日营养健康,49.80,江苏 泰州,6000+人付款
比比妙旗舰店,山核桃仁2021新货临安小核桃仁坚果小包装干果类孕妇零食杭州特产,43.80,浙江 杭州,1万+人付款
徐晓晓85,将食记无骨鸡爪网红即食酸辣柠檬桶装罐装2斤装零食蒜香脱骨凤爪,62.00,浙江 台州,9000+人付款
叶霞旗舰店,官方旗舰店超风干牛肉干内蒙古手撕风干正宗特产健身吃货网红零食,116.00,内蒙古 呼和浩特,6000+人付款
三只松鼠坚果at茶,三只松鼠零食大礼包超大巨型30包整箱送女友礼物网红小吃休闲食品,208.00,安徽 芜湖,6000+人付款
乔尔卢布松美食坊旗舰店,JR乔尔卢布松上海外滩十八号米其林网红梦巴黎迷你蝴蝶酥礼盒零食,236.00,上海,1000+人付款
良品铺子旗舰店,良品铺子每日坚果礼盒30包小包装孕妇健康混合干果零食大礼包新鲜,164.00,湖北 武汉,2万+人付款
百草味旗舰店,【百草味罐装原色开心果500g】健康网红坚果干果小零食原味无漂白,159.00,浙江 杭州,3万+人付款
百草味旗舰店,百草味-坚果礼盒2072g/12袋休闲干果零食大礼包送礼送长辈年货,199.00,浙江 杭州,5000+人付款
良品铺子旗舰店,良品铺子坚果零食大礼包1468g/8袋 年货送礼整箱干果混合坚果礼盒,108.00,湖北 武汉,4万+人付款
天猫国际进口超市,美国Kirkland科克兰盐焗混合每日坚果罐装1130g休闲食品零食进口,149.00,浙江 杭州,2000+人付款
天猫国际进口超市,瑞士进口SwissDelice狄妮诗72%黑巧克力1.3kg送女友喜糖零食糖果,169.00,浙江 杭州,1000+人付款
tb_2484622,等一味|笋丝豆干 烤肉豆脯夹笋小银鱼包装五,24.80,广东 广州,3000+人付款
ea5168ea,黑龙江哈尔滨一手店熟食副食熏酱盐焗鸡骨架,12.87,黑龙江 哈尔滨,43人付款
ea5168ea,东北特产哈尔滨一手店熏酱鸡肝零食熟食副食,29.60,黑龙江 哈尔滨,10人付款
青松怡客零食商城,三只松鼠零食大礼包圣诞节女友推荐整箱爆款网红小吃休闲食品巨型,105.00,河南 信阳,8000+人付款
每果时光旗舰店,带皮大腰果仁500g盐焗散装原味紫皮坚果干果零食整箱5斤越南干货,17.80,浙江 杭州,5万+人付款
醇点芙旗舰店,坚果组合2000g夏威夷果散装干货干果零食奶油味孕妇混合整箱5斤批,88.00,浙江 杭州,4000+人付款
西海天下食品专营店,百草味水果干零食大礼包女蜜饯果脯混合装休闲食品小吃芒果干一箱,69.80,浙江 杭州,5000+人付款
麦兜的明天29,三只松鼠零食大礼包送女友巨型休闲食品大全各种美食健康儿童整箱,198.00,湖北 武汉,2000+人付款
旺旺食品旗舰店,旺旺巨型大礼包2.8kg 网红零食袋休闲零食组合送女友旺旺大礼包,258.00,湖南 长沙,2000+人付款
劲仔旗舰店,【升级款】劲仔小鱼干深海小鱼仔湖南特产小黄鱼海味休闲零食小吃,34.90,湖南 岳阳,2万+人付款
斯琴妹子旗舰店,风干牛肉干官方旗舰店500g*2斤正宗内蒙古特产手撕小零食袋装熟食,79.90,内蒙古 呼和浩特,3000+人付款
tb9280337681,正宗内蒙古原味风干牛肉干解馋手撕香辣肉干超干特产无糖零食孕妇,85.80,内蒙古 兴安,7000+人付款
山萃仁喜堂专卖店,拍1发2】中粮山萃牛肉干内蒙古风干牛肉干特产孕妇零食手撕牦牛肉,149.00,北京,1000+人付款
酷飞乐旗舰店,湖南酱板鸭旗舰店常德特产正宗手撕板鸭辣味美食小吃熟食零食即食,34.90,湖南 长沙,2万+人付款
骄子牧场旗舰店,官方旗舰店牛肉干500g*2斤内蒙古风干正宗手撕熟食真空零食小包装,99.80,内蒙古 呼和浩特,2000+人付款
江中食疗旗舰店,江中猴姑饼干酥性20天猴头菇健康老人小孩零食囤货早餐营养食品,118.00,江西 九江,3000+人付款
乐堂旗舰店,乐堂LeTAO双层干酪蛋糕日本进口北海道芝士生日甜点网红甜品零食,238.00,上海,2000+人付款
派芙食品旗舰店,每日坚果30小包礼盒装混合坚果干果仁儿童孕妇休闲小吃零食大礼包,65.50,安徽 芜湖,5000+人付款
食味的初相旗舰店,空心山楂干无核蜜饯山楂球果脯无添加蔗糖制品小包装健康山楂零食,65.00,浙江 金华,7000+人付款
草原达尔沁旗舰店,草原达尔沁内蒙古手撕超干风干牛肉干小零食正宗香麻辣特产袋包装,89.00,内蒙古 通辽,2万+人付款
小牛拉图旗舰店,小牛拉图牛肉干内蒙古超风干手撕风干牛肉牦牛小零食正宗香辣特产,78.00,内蒙古 通辽,5000+人付款
小肥球旗舰店,3罐装罐装临安山核桃仁原味奶油味山核桃肉新货坚果零食2021孕妇,54.80,安徽 黄山,6000+人付款
厚园旗舰店,开心果500g无漂白散装原色特大颗粒批货原味坚果干果零食整箱5斤,20.60,安徽 芜湖,3万+人付款
酥茉儿旗舰店,圣诞节零食大礼包整箱送女友男友儿童小吃休闲猪饲料网红礼物进口,148.00,浙江 杭州,7000+人付款
dorabella朵娜贝拉旗舰店,Dorabella比利时进口巧克力礼盒装零食酒心圣诞节送女友生日礼物,169.90,上海,2000+人付款
蜜雪冰城雪王魔法铺,蜜雪冰城雪王魔法铺水蜜桃味咖啡味瓜子葵花子炒货休闲零食小吃,119.00,河南 焦作,5000+人付款
鱼臻多旗舰店,香酥小黄鱼干黄花鱼酥脆即食解馋孕妇零食小吃休闲食品网红爆款,34.90,广西 北海,2万+人付款
疆域名珠旗舰店,红枣新疆和田大枣特级5斤特大无核玉枣零食干果孕妇特产一级枣子,29.00,新疆 和田,2万+人付款
万佳惠食品专营店,劲仔小鱼仔40包麻辣香辣小鱼干毛毛鱼小包装湖南特产休闲零食小吃,17.90,湖南 长沙,2万+人付款
宝珠山旗舰店,宝珠山大红枣夹核桃仁葡萄干3斤整箱枣夹心抱抱干果孕妇零食礼盒,29.90,山西 太原,1万+人付款
蜜雪冰城雪王魔法铺,蜜雪冰城蜂蜜黄油味薯条香脆独立小包番茄味薯片零食膨化食品小吃,129.00,河南 焦作,6000+人付款
贝格美食品专营店,零食大礼包小吃休闲食品小饼干整箱送女友网红爆款猪饲料组合饼干,64.50,浙江 杭州,1万+人付款
爱巧旗舰店,德芙巧克力礼盒装碗装香浓黑巧白巧克力零食送女友圣诞糖果旗舰店,23.90,广东 深圳,2万+人付款
豫竹食品旗舰店,脆司令干脆面豫竹方便面整箱袋装掌心面干吃面怀旧零食速食食品,25.80,河南 焦作,1万+人付款
果芝贝旗舰店,风干牛肉干西藏特产内蒙古手撕耗牛肉干500g西藏牦牛正宗麻辣零食,89.00,西藏 拉萨,1万+人付款
laderach旗舰店,Laderach莱德拉坚果小袋装瑞士进口巧克力零食纯可可脂圣诞节礼物,288.00,上海,1000+人付款
子丰食品专营店,百草味零食大礼包圣诞节休闲食品儿童送女友小吃大全各种美食男友,59.90,浙江 杭州,1万+人付款
三只松鼠坚果at茶,推荐_三只松鼠每日坚果750g/30包网红孕妇健康零食大礼包干果礼盒,149.00,安徽 芜湖,5000+人付款
和运百货商行1008,风干牛肉干正宗四川特产香辣手撕牦牛肉干麻辣内蒙古零食500g袋装,36.00,浙江 金华,1万+人付款
比比妙旗舰店,开心果散装原味500g零食坚果干果仁孕妇无漂白批货盐焗原色批发,20.80,浙江 杭州,7000+人付款
青煮旗舰店,舟山特级烤虾碳烤虾干500g特大虾干即食大号对虾干货海鲜孕妇零食,49.80,浙江 舟山,5000+人付款
青海牧哥,青海特产风干牦牛肉干内蒙古超干手撕耗牛肉干500g正宗麻辣零食,119.80,青海 西宁,4000+人付款
博策食品专营店,零食大礼包送女友小整箱猪饲料小吃休闲食品网红圣诞节生日礼物男,29.90,江苏 南京,3万+人付款
蒙都旗舰店,蒙都手撕牛肉干内蒙古风干牛肉干草原500g牛肉零食健身官方旗舰店,129.00,内蒙古 呼和浩特,5000+人付款
tb_2484622,等一味|笋丝豆干 烤肉豆脯夹笋小银鱼包装五,24.80,广东 广州,3000+人付款
ea5168ea,东北特产哈尔滨一手店熏酱鸡肝零食熟食副食,29.60,黑龙江 哈尔滨,10人付款
ea5168ea,黑龙江哈尔滨一手店熟食副食熏酱盐焗鸡骨架,12.87,黑龙江 哈尔滨,43人付款
百草味旗舰店,百草味麻辣零食大礼包1642g休闲小吃牛肉夜宵送女友全肉熟食整箱,289.00,浙江 杭州,1万+人付款
良品铺子旗舰店,良品铺子食力满满零食大礼包送女友网红小吃休闲食品礼盒2027g,169.00,湖北 武汉,7000+人付款
良品铺子旗舰店,【良品铺子-高蛋白肉脯500g】肉干解馋零食小吃休闲食品,66.70,湖北 武汉,9000+人付款
百草味旗舰店,百草味华夫饼1kg整箱营养早餐蛋糕食品点心办公室甜点休闲零食,49.90,浙江 杭州,2万+人付款
三只松鼠旗舰店,【三只松鼠_坚果大礼包2405g/14袋】坚果礼盒健康零食送礼整箱,288.00,安徽 芜湖,2000+人付款
三只松鼠旗舰店,【三只松鼠_坚果大礼包2561g/14袋】小零食品每日干果送礼盒整箱,268.00,安徽 芜湖,1000+人付款
lzcwzxx,百亿补贴【费列罗婚礼装巧克力96粒】金莎零食喜糖散装礼盒费力罗,246.00,上海,2000+人付款
悠趣熊旗舰店,山核桃仁2021新货临安小核桃仁500g袋装奶油味山核桃坚果干果零食,43.80,浙江 杭州,7000+人付款
比比赞旗舰店,kdv俄罗斯紫皮糖进口小零食品批发巧克力糖果圣诞节网红散装喜糖,19.90,福建 泉州,2万+人付款
莉莉娅8899,新疆特产丝绸果路西梅干无糖精无添加500g低脂零食原味特级非乌梅,28.90,新疆 乌鲁木齐,1万+人付款
友臣旗舰店,友臣肉松饼1kg礼盒装早餐整箱网红健康零食休闲小吃食品面包糕点,38.80,福建 泉州,1万+人付款
沃隆旗舰店,沃隆妈妈每日坚果750g30包礼盒装混合干果孕妇营养健康零食大礼包,198.00,山东 青岛,1000+人付款
枣粮先生旗舰店,枣粮先生巴旦木奶枣网红杏仁夹心红枣奶酪枣抹茶休闲零食独立包装,39.80,山东 德州,10万+人付款
米多奇食品旗舰店,米多奇烤香馍片馍丁40包整箱早餐食品烤馍馒头片饼干批发零食,30.80,河南 新乡,1万+人付款
无穷食品旗舰店,无穷食品旗舰店蜂蜜烤鸡小腿鸡翅肉类休闲小吃小鸡腿熟食零食整箱,49.80,广东 广州,1万+人付款
忠意食品专营店,百草味零食大礼包一整箱推荐送女生网红爆款小吃休闲食品解馋吃货,85.90,河南 信阳,4000+人付款
净馨食品专营店,正品水果奶盖沙琪玛软糯休闲零食网红爆款早餐推荐380g/盒批发,16.90,山东 临沂,1万+人付款
食验室旗舰店,食验室鳕鱼肉鸡胸肉薯片控卡轻卡囤货零食低大礼包脂小零食礼物,99.00,湖北 武汉,8000+人付款
德芙官方旗舰店,德芙麦提莎麦丽素桶装黑巧牛奶夹心巧克力豆休闲食品零食小吃糖果,79.90,广东 广州,900+人付款
棒棒娃旗舰店,【主播推荐】棒棒娃牛肉干零食大礼包麻辣牛肉四川特产小吃508g,128.00,四川 成都,1万+人付款
玛呖德旗舰店,玛呖德紫米面包整箱奶酪味夹心代餐吐司蛋糕点网红早餐健康零食品,13.90,上海,4万+人付款
比比赞旗舰店,比比赞龙岩泡鸭爪福建特产香脆鸭掌辣味网红零食小吃休闲卤味食品,9.90,福建 泉州,2万+人付款
马龙461,正宗风干牦牛肉干青海特产高原手撕超干耗牛肉干500g零食麻辣香辣,136.00,青海 西宁,2000+人付款
东东和暖暖旗舰店,坚果夏威夷果旗舰店奶油味袋装整箱5斤孕妇干果零食散装10斤批发,25.80,山东 潍坊,9000+人付款
卜珂巧克力旗舰店,卜珂零点麦丽素桶装怀旧黑巧克力夹心麦芽脆心球零食童年糖果回忆,68.00,山东 枣庄,1万+人付款
沂蒙优品企业店,瓜子酥小包装整箱5斤花生糖饼芝麻散装葵花籽仁糖酥片吃货零食,10.90,山东 临沂,3000+人付款
candyrod旗舰店,圣诞节糖果碰糖图案挑战扣糖网红抠糖游戏零食糖饼干小礼物好玩糖,9.99,四川 成都,3万+人付款
新果农特产店,每日坚果混合坚果30小包孕妇成人儿童款干果零食组合大礼包礼盒装,19.90,安徽 芜湖,3万+人付款
合肥真谛,三只松鼠坚果组合大礼包夏威夷果核桃健康干果孕妇混合小零食礼盒,27.60,安徽 芜湖,9000+人付款
天猫超市,王小卤多口味虎皮鸡爪鸡肉凤爪800g网红小吃休闲食品熟食爆款零食,117.40,上海,4000+人付款
元午秋阳食品专营店,GEMEZ印尼进口enaak小鸡面干脆面干吃点心方便面解馋网红爆款零食,18.80,上海,2万+人付款
德芙官方旗舰店,【李铢衔推荐】德芙零糖黑巧克力0糖纯可可脂每日应急零食8盒装,109.90,广东 广州,600+人付款
乐哥旗舰店,越南特产紫皮腰果仁500g罐装原味盐焗炭烧坚果干果散装称斤零食,18.80,浙江 杭州,1万+人付款
卫龙食品旗舰店,卫龙辣条礼盒零食大礼包亲嘴烧魔芋麻辣小包装宿舍零食休闲食品,34.90,河南 漯河,8000+人付款
秋知仁旗舰店,琥珀核桃仁500g净重罐装焦糖蜂蜜味坚果零食散装新鲜熟小山核桃肉,28.80,浙江 杭州,2万+人付款
宝宝馋了旗舰店,宝宝馋了无添加山楂棒棒糖儿童零食山楂棒送一岁婴儿幼儿辅食食谱,29.80,浙江 舟山,1万+人付款
不老林旗舰店,沈阳特产不老林糖 牛轧糖1000g正宗花生牛扎糖果零食喜糖散装批发,35.60,辽宁 沈阳,9000+人付款
肖三婆旗舰店,肖三婆酸辣无骨鸡爪柠檬凤爪泡椒网红小零食去骨美食小吃脱骨休闲,29.90,四川 成都,2万+人付款
达利集团旗舰店,达利园法式软面包整箱营养早餐糕点蛋糕年货礼盒零食小吃休闲食品,14.90,福建 泉州,2万+人付款
暴肌独角兽旗舰店,【0脂肪】魔芋蛋糕无糖精低代餐饱腹卡热量减早小面包健康零食品,34.90,江苏 扬州,9000+人付款
akoko烘焙旗舰店,小花曲奇饼干礼盒装 AKOKO进口黄油曲奇抹茶小零食品圣诞饼干送礼,188.00,浙江 杭州,1000+人付款
tb_2484622,等一味|笋丝豆干 烤肉豆脯夹笋小银鱼包装五,24.80,广东 广州,3000+人付款
林弘堂旗舰店,林弘堂小花片 猫耳朵猫耳酥食品五香原味,15.80,湖南 湘潭,200+人付款
ea5168ea,东北特产哈尔滨一手店熏酱鸡肝零食熟食副食,29.60,黑龙江 哈尔滨,10人付款
三夫食品专营店,印尼进口丽芝士nabati纳宝帝奶酪威化饼干散装宿舍儿童零食整箱,15.80,广东 广州,1万+人付款
两千份旗舰店,2021新货临安山核桃仁小核桃仁500g罐装坚果小包装孕妇零食核桃肉,43.80,浙江 杭州,6000+人付款
好利来官方旗舰店,好利来×RIO微醺联名雪绒芝士蛋糕圣诞零食礼盒网红甜品糕点点心,49.00,北京,1万+人付款
天猫超市,德芙丝滑牛奶巧克力252g碗装零食分享装办公室解馋小吃休闲糖果,29.90,上海,2万+人付款
秋田满满旗舰店,秋田满满秋梨膏棒棒糖木糖醇无糖添加零食送宝宝婴儿儿童辅食食谱,29.90,湖南 长沙,1万+人付款
乱人心c1,网红零食光头老爹无骨鸡爪酸辣蒜味桶装即食吃播同款璐哥脱骨凤爪,48.00,浙江 台州,1000+人付款
俏美味旗舰店,俏美味综合蔬菜干果蔬脆水果干混合装果蔬脆片秋葵香菇脆儿童零食,12.80,安徽 阜阳,2万+人付款
哈肉联旗舰店,哈肉联正宗哈尔滨红肠85g*5组合 东北特产中华老字号香肠腊肠零食,59.00,黑龙江 哈尔滨,2万+人付款
靓点smile,小当家干脆面干吃面整箱装48包办公室吃货网红小零食小吃休闲食品,9.80,江苏 苏州,4万+人付款
良品铺子旗舰店,良品铺子肉松海苔吐司面包整箱早餐代餐食品营养健康零食小吃糕点,31.90,湖北 武汉,3万+人付款
百草味旗舰店,百草味麻辣零食大礼包鸭脖小吃网红肉类熟食即食卤味整箱四川特产,139.00,浙江 杭州,7万+人付款
良品铺子旗舰店,良品铺子酥脆薄饼干零食小吃休闲食品散装咸多口味小包装网红600g,26.90,湖北 武汉,8万+人付款
百草味旗舰店,百草味水果干大礼包芒果草莓干网红吃货休闲零食蜜饯果脯混合装,139.00,浙江 杭州,5万+人付款
三只松鼠旗舰店,【三只松鼠_碧根果仁165g】休闲网红小零食健康原味坚果仁长寿果,33.90,安徽 芜湖,2000+人付款
三只松鼠旗舰店,【三只松鼠_坚果大礼包2313g/12袋装】健康零食礼盒整箱休闲食品,208.00,安徽 芜湖,2000+人付款
比比赞旗舰店,乳酸菌小口袋面包整箱早餐酸奶蛋糕类健康零食小吃休闲美食品推荐,23.80,福建 泉州,8000+人付款
比比赞旗舰店,网红日式小圆饼干散装日本多口味海盐小圆饼零食小吃休闲食品整箱,8.90,福建 泉州,10万+人付款
轩妈食品旗舰店,轩妈家蛋黄酥礼盒雪媚娘糕点点心网红零食休闲食品早餐大礼包送礼,139.00,广西 南宁,2000+人付款
香先笙旗舰店,每日坚果干果混合坚果仁500g罐装小包散装新货儿童孕妇健康零食,19.90,浙江 杭州,2万+人付款
渝美滋食品旗舰店,网红2斤麻辣香菇豆干小包装零食小吃即食香辣豆腐干辣条休闲食品,12.90,重庆,1万+人付款
荣放旗舰店,农家自制倒蒸红薯干地瓜干软糯无糖精无油无添加0低脂卡热量零食,18.80,浙江 杭州,4万+人付款
鱼臻多旗舰店,鱿鱼仔墨鱼仔满籽丝海鲜解馋小零食小吃休闲食品熟食小包装Q弹,12.80,广西 北海,3万+人付款
faya888,三只松鼠每日坚果750g30天休闲零食孕妇礼盒混合干果大礼包小包装,71.30,安徽 芜湖,4000+人付款
卫龙食品旗舰店,【卫龙_风吃海带】海带结海带小零食即食解馋小零食小吃休闲食品,15.90,河南 漯河,3万+人付款
贝格美食品专营店,零食大礼包麻辣小吃网红小休闲食品卤味整箱鸭脖辣味解馋香辣美食,11.80,浙江 杭州,1万+人付款
天猫超市,蒙都风干牛肉干手撕原味内蒙6成风干休闲儿童零食400g×1袋,129.00,上海,4000+人付款
香先笙旗舰店,巴旦木仁坚果仁盐焗大杏仁500g扁桃仁坚果干果零食整箱5斤散装,18.80,浙江 杭州,1万+人付款
味芝元旗舰店,味芝元香辣鱼排/鱼尾巴30包*16g 可混搭洞鱼块湖南特产庭烟熏零食,9.90,湖南 长沙,2万+人付款
卧龙食品旗舰店,卧龙手工老灶麻辣味锅巴400g*4大份量囤货休闲零食老襄阳花椒锅巴,39.90,湖北 襄阳,1万+人付款
刘一点旗舰店,圣诞节糖果糖饼干游戏手工抠糖椪糖扣糖挑战碰糖零食糖果小礼物,6.99,四川 成都,1万+人付款
东成食品专营,香辣鱿鱼仔带籽满籽鱿鱼丝干墨鱼仔即食海味零食熟食小吃休闲食品,15.80,湖南 岳阳,1万+人付款
天一方食品专营店,有零有食冻干榴莲大袋网红水果干正宗金枕榴莲干泰国风味水果零食,69.80,北京,3000+人付款
天猫超市,士力架花生夹心巧克力460g桶装分享装休闲全家桶补充能量棒零食品,29.90,上海,2万+人付款
欧贝拉旗舰店,压缩饼干家庭应急代餐饱腹食品充饥储备干粮零食散装多口味小包装,8.90,福建 泉州,2万+人付款
小鹿蓝蓝旗舰店,【小鹿蓝蓝_婴儿米饼】宝宝零食6个月幼儿辅食无添加糖盐磨牙饼干,26.90,安徽 芜湖,1万+人付款
天猫超市,阿华田蛋糕卷400g*2箱可可风味面包饼干整箱网红圣诞华夫饼零食,39.80,上海,1万+人付款
蜜禾食品旗舰店,牛肉粒内蒙古牛肉干零食即食五香沙爹味孕妇熟食美食官方旗舰店,48.80,安徽 宣城,7000+人付款
godiva歌帝梵官方旗舰店,GODIVA歌帝梵双享经典巧克力礼盒12颗比利时进口零食圣诞礼物送礼,389.00,上海,600+人付款
哆丫食品旗舰店,高级零食大礼包巨型整箱进口送女朋友男女生日礼物网红圣诞节礼盒,198.00,广东 广州,1000+人付款
卫龙食品旗舰店,【卫龙_大面筋】辣条麻辣味豆干小零食网红辣棒辣片小吃休闲食品,15.90,河南 漯河,4万+人付款
蛋蛋的优桑xo,泰国风味芒果干500g一斤大袋酸甜水果干蜜饯整箱散装零食中通包邮,15.60,广东 广州,2万+人付款
tb_2484622,等一味|笋丝豆干 烤肉豆脯夹笋小银鱼包装五,24.80,广东 广州,3000+人付款
ea5168ea,东北特产哈尔滨一手店熏酱鸡肝零食熟食副食,29.60,黑龙江 哈尔滨,10人付款
千喜食品旗舰店,蜜汁酱卤猪蹄猪脚即食真空零食特产千禧,9.90,福建 宁德,100+人付款
babycare旗舰店,babycare无糖棒棒糖光合星球梨膏棒儿童零食木糖醇糖果无添加12支,39.90,上海,1万+人付款
苏三先旗舰店,山核桃仁新货临安小核桃仁肉独立小包装奶香儿童孕妇零食营养坚果,22.90,浙江 杭州,1万+人付款
江南老知青,三只松鼠零食大礼包送女友巨型宠爱网红爆款大全各种美食儿童整箱,218.00,安徽 芜湖,1000+人付款
比比妙旗舰店,手撕牛肉干麻辣五香味熟即食肉脯酱牛肉粒美食小吃孕妇休闲小零食,38.80,浙江 杭州,8000+人付款
中粮食品旗舰店,中粮坚果腰果扁桃仁官方旗舰店每日原味什锦干果休闲零食混合坚果,119.00,北京,1000+人付款
tb4473354281,卫龙魔芋爽散装500g素毛肚辣条称重超市同款香辣麻辣休闲零食素肉,14.80,河南 驻马店,3万+人付款
比比妙旗舰店,新坚果组合混合干果零食大礼包夏威夷果散装整箱5斤装批发旗舰店,89.80,浙江 杭州,3000+人付款
乐然食品专营店,零食大全各种美食大礼包休闲食品小吃排行榜追剧耐吃零食辣味肉类,59.90,湖南 岳阳,5000+人付款
百味福食品专营,零食大礼包送女友整箱猪饲料小吃网红圣诞节生日礼物男休闲小食品,69.80,安徽 合肥,4000+人付款
费列罗官方旗舰店,费列罗榛果威化巧克力48粒零食散装喜糖分享过年零食圣诞礼物,148.00,上海,1000+人付款
德芙官方旗舰店,德芙盒盒美美牛奶黑巧克力礼盒装士力架m豆多口味应急零食大礼包,109.90,广东 广州,200+人付款
好想你官方旗舰店,【好想你_轻颜脆枣420g】香酥甜脆新疆灰枣无核去核零食红枣礼盒,29.90,河南 郑州,1万+人付款
粮悦食品旗舰店,大吃兄手工糯米锅巴袋装休闲零食安徽粮悦老灶儿时小包装批发零食,39.90,安徽 合肥,1万+人付款
卡尔顿旗舰店,卡尔顿奶皮面包400g手撕早餐营养蛋糕软夹心糕点食品小吃零食整箱,29.90,福建 漳州,1万+人付款
休闲农场旗舰店,休闲农场压缩饼干花生芝麻早餐包装户外代餐饱腹干粮散装零食整箱,14.80,山东 枣庄,1万+人付款
易品馋旗舰店,新货临安山核桃仁小核桃仁500g小包装袋装孕妇儿童坚果零食特产,85.50,浙江 杭州,3000+人付款
宋善闯,牛肉干内蒙古风干手撕牛肉干500g 3斤正宗特产小零食真空独立包邮,88.00,内蒙古 呼和浩特,5000+人付款
轩妈食品旗舰店,轩妈家芝士酥蛋黄酥早餐网红零食小吃休闲食品办公室零食点心甜点,55.80,广西 南宁,5000+人付款
良品铺子旗舰店,良品铺子零食大礼包麻辣解馋熟食小吃休闲食品网红鸭脖推荐整箱,47.90,湖北 武汉,5万+人付款
百草味旗舰店,【百草味-每日坚果750g】网红健康混合干果整箱休闲零食,158.00,浙江 杭州,1000+人付款
良品铺子旗舰店,良品铺子披荆斩棘的哥哥高蛋白鸡猪肉脯干100g网红零食小吃熟食品,19.90,湖北 武汉,4万+人付款
百草味旗舰店,百草味肉松饼1kg早餐面包传统糕点网红休闲零食特色小吃美食点心,49.90,浙江 杭州,2万+人付款
三只松鼠旗舰店,【满300减210】三只松鼠樱花曲奇85g_好吃网红零食小吃休闲饼干,19.60,安徽 芜湖,1000+人付款
三只松鼠旗舰店,百亿补贴_【三只松鼠_蜀香牛肉100gx2袋】零食小吃肉脯麻辣牛肉干,39.90,安徽 芜湖,1000+人付款
比比赞旗舰店,比比赞海苔肉松吐司面包整箱早餐蛋糕网红健康小零食小吃休闲食品,6.90,福建 泉州,10万+人付款
比比赞旗舰店,比比赞乳酸菌小口袋面包整箱蛋糕小零食小吃健康早餐推荐休闲食品,5.90,福建 泉州,10万+人付款
洽洽食品官方旗舰店,洽洽每日坚果进化论750g/30日装恰恰小包装混合坚果礼包囤货零食,149.00,安徽 合肥,1万+人付款
天猫超市,【现做现发】轩妈家蛋黄酥红豆味55g*6枚休闲零食年货礼盒糕点,45.00,上海,5000+人付款
王小卤旗舰店,【王小卤旗舰店】虎皮凤爪鸡爪卤味五香网红零食即食真空办公200g,29.80,北京,1万+人付款
秋和食品专营店,统一小浣熊干脆面方便面干吃面充饥夜宵零食小吃休闲食品整箱装,16.80,湖南 长沙,1万+人付款
苏二娃旗舰店,风干牦牛肉干官方旗舰店四川特产麻辣手撕西藏耗牛正宗内蒙古零食,69.80,四川 成都,3000+人付款
每果时光旗舰店,新货坚果奶油味碧根果500g袋装散装称斤长寿果干果仁零食整箱5斤,16.80,浙江 杭州,1万+人付款
唯叮食品专营店,kdv俄罗斯紫皮糖正品进口kpokaht巧克力糖果散装圣诞节小零食喜糖,19.80,浙江 金华,2万+人付款
秋和食品专营店,米多奇烤香馍片烤馍片多口味散装整箱馍片馍丁饼干零食烤馒头片,11.90,湖南 长沙,2万+人付款
天猫超市,三只松鼠风干牛肉干500g*1袋手撕牛肉熟食特产休闲零食网红小吃,139.00,上海,3000+人付款
aficion歌斐颂旗舰店,歌斐颂小黑巧克力85%礼盒装送女友纯可可脂烘焙散装网红零食生日,89.00,浙江 嘉兴,3000+人付款
天猫超市,旺旺仙贝膨化零食400g休闲饼干儿童小吃礼包网红下午茶,23.90,上海,3万+人付款
认食牛旗舰店,正宗内蒙古手撕风干肉风干牛肉干套餐四川特产猪黄牛牦牛耗牛零食,99.80,内蒙古 呼和浩特,3000+人付款
苏宁易购官方旗舰店,孕妇零食蜂蜜黑芝麻薄饼干酥小吃无蔗糖手工营养零食【昔日773】,39.90,江苏 淮安,1000+人付款
欧贝拉旗舰店,华夫饼面包整箱早餐软饼干蛋糕类网红健康小零食小吃休闲食品推荐,7.90,福建 泉州,4万+人付款
天虹牌食品旗舰店,天虹牌原味巴旦木仁500g囤货美国进口大杏仁新鲜孕妇坚果零食干果,64.90,广东 佛山,4000+人付款
tb_2484622,等一味|笋丝豆干 烤肉豆脯夹笋小银鱼包装五,24.80,广东 广州,3000+人付款
林弘堂旗舰店,林弘堂小花片 猫耳朵猫耳酥食品五香原味,15.80,湖南 湘潭,200+人付款
ea5168ea,黑龙江哈尔滨一手店熟食副食熏酱盐焗鸡骨架,12.87,黑龙江 哈尔滨,43人付款
悠然时光食品专营店,靖江猪肉脯干特产120包独立小包装散装大礼包手撕蜜汁味休闲零食,42.80,江苏 泰州,7000+人付款
食尚物语食品专营店,豪士乳酸菌酸奶小口袋面包整箱营养健康早餐蛋糕休闲零食小吃食品,22.90,河南 焦作,1万+人付款
每果时光旗舰店,原色无漂白特大颗粒开心果500g散装批货原味坚果干果零食整箱5斤,23.80,浙江 杭州,1万+人付款
舌里旗舰店,舌里黑麦全麦面包  0脂无糖精代餐早餐吐司健康零食休闲食品欧包,9.90,河南 郑州,10万+人付款
天猫超市,三只松鼠益生菌每日坚果30天750g礼物孕妇儿童礼包干果零食,159.00,上海,4000+人付款
轩辕歌徒,良品铺子网红爆款巨型猪饲料零食大礼包送女友男友整箱混合组合装,118.00,四川 成都,1000+人付款
童年记食品旗舰店,童年记南瓜子500g*2小包装原味炒货五香熟南瓜籽仁袋装新货零食,25.90,湖南 长沙,1万+人付款
憨豆熊旗舰店,【憨豆熊】南瓜子原味500g新货五香袋装熟白瓜籽仁炒货散装零食斤,16.90,安徽 芜湖,9000+人付款
上海圣托尼食品专营店,法丽兹夹心曲奇饼干58g*5盒网红抹茶黑巧克力柠檬酸奶夹心零食,16.30,上海,1万+人付款
来伊份官方旗舰店,来伊份零食贩卖机零食囤货礼盒2459g礼包休闲整箱零食（约100包）,168.00,上海,2000+人付款
靓点smile,常记干脆面掌心脆干吃方便面整箱装网红宿舍耐吃零食小吃休闲食品,5.90,江苏 苏州,7万+人付款
徽味和旗舰店,正宗安徽特产黄山烧饼梅干菜扣肉酥饼网红美食糕点心饼干零食小吃,22.90,安徽 黄山,2万+人付款
源氏食品旗舰店,源氏大辣片老式辣条麻辣味零食小吃休闲食品8090后怀旧网红小豆皮,9.80,河南 洛阳,3万+人付款
天猫国际进口超市,【直营】ZEK韩国进口深海鳕鱼肠1kg分享装50小根鱼肠儿童休闲零食,95.00,浙江 杭州,1万+人付款
小浣熊食品旗舰店,统一小浣熊干脆面经典怀旧版网红爆款零食大礼包多口味整箱囤货,16.80,江苏 苏州,1万+人付款
爱静静在风里打转,新枣5斤新疆若羌灰枣大一级原生态未清洗自然吊干孕妇零食粥红枣,65.00,新疆 巴音郭楞,5000+人付款
efieler旗舰店,艾菲勒法式马卡龙甜点24枚西式糕点情人节蛋糕点心零食甜品礼盒装,37.80,上海,5000+人付款
初吉食品旗舰店,初吉低GI饱腹代餐全麦饼干无糖精热量魔芋卡脂肪压缩0零食品粗粮,39.90,上海,1万+人付款
缘滋缘味728,圣诞节网红糖果手工椪糖碰挑战零食游戏休闲儿童礼物彩色扣抠糖饼,6.50,山东 潍坊,3万+人付款
天猫国际进口超市,美国进口Kirkland科克兰无盐综合坚果 1130g*2桶每日零食果仁干果,269.00,浙江 杭州,200+人付款
来伊份官方旗舰店,来伊份蒸黑米蛋糕240g营养早餐食品粗粮面包糕点点心休闲零食小吃,16.90,上海,3万+人付款
闲食缤纷旗舰店,统一小当家干脆面48袋整箱充饥怀旧速食品干吃方便面休闲零食小吃,20.80,湖南 长沙,2万+人付款
享鲜人旗舰店,享鲜人每日坚果混合坚果500g混合装罐装小包装孕妇零食干果大礼包,11.90,安徽 芜湖,1万+人付款
宝中食品专营店,达利园蛋黄派早餐手撕面包蛋糕类吃货小零食网红糕点整箱健康食品,5.90,福建 泉州,1万+人付款
德芙官方旗舰店,【李铢衔推荐】德芙零糖黑巧巧克力控糖每日零食0糖纯可可礼盒装,79.90,广东 广州,2000+人付款
费列罗官方旗舰店,费列罗臻品巧克力三色球48粒婚庆散装喜糖分享过年零食圣诞礼物,165.00,上海,900+人付款
旺通食品专营店,旺仔牛奶糖1000g散装结婚喜糖批发 旺旺软糖儿童圣诞节糖果小零食,9.80,浙江 杭州,1万+人付款
百草味旗舰店,【百草味芒果干120gx3】水果干厚切果脯蜜饯网红爆款小吃休闲零食,49.90,浙江 杭州,3万+人付款
百草味旗舰店,【百草味-罐装紫皮腰果仁500g】健康坚果干果孕妇零食2021年新货,89.90,浙江 杭州,1万+人付款
良品铺子旗舰店,良品铺子猪肉脯干靖江网红解馋即食熟零食小吃休闲食品200g,30.90,湖北 武汉,2万+人付款
良品铺子旗舰店,良品铺子黑麦吐司低脂全麦面包黑麦代餐面包整箱早餐食品健康零食,11.00,湖北 武汉,6万+人付款
三只松鼠旗舰店,百亿补贴_【三只松鼠_猪肉脯150gx2袋】麻辣零食风干熟食小吃肉脯,59.00,安徽 芜湖,1000+人付款
三只松鼠旗舰店,百亿补贴_【三只松鼠_手剥巴旦木185gx2袋】休闲零食坚果炒货特产,70.00,安徽 芜湖,1000+人付款
比比赞旗舰店,比比赞花椒锅巴耐吃小零食小吃袋装网红爆款老式怀旧休闲食品推荐,29.90,福建 泉州,8000+人付款
比比赞旗舰店,比比赞岩烧乳酪吐司面包整箱早餐速食蛋糕类零食小吃网红休闲食品,17.80,福建 泉州,2万+人付款
天猫超市,三只松鼠猪肉脯自然片150g*3袋零食小吃熟食靖江特产休闲肉干,42.90,上海,1万+人付款
天猫超市,日本进口Calbee卡乐比北海道薯条三兄弟180g*2礼盒网红膨化零食,148.00,上海,1000+人付款
天猫国际进口超市,calbee卡乐比海太蜂蜜黄油味薯片休闲零食膨化韩国进口 zb,100.80,浙江 杭州,1万+人付款
天猫超市,Lay’s/乐事薯片超值大礼包400g×1包零食小吃送女友办公室囤货,36.90,上海,2万+人付款
天猫超市,包邮三只松鼠坚果大礼包2313g整箱12袋礼盒休闲食品零食小吃坚果,359.00,上海,1000+人付款
天猫超市,包邮三只松鼠蒸蛋糕520gX1箱面包早餐糕点网红食品休闲零食,29.90,上海,8万+人付款
ea5168ea,黑龙江哈尔滨一手店熟食副食熏酱盐焗鸡骨架,12.87,黑龙江 哈尔滨,43人付款
林弘堂旗舰店,林弘堂小花片 猫耳朵猫耳酥食品五香原味,15.80,湖南 湘潭,200+人付款
tb_2484622,等一味|笋丝豆干 烤肉豆脯夹笋小银鱼包装五,24.80,广东 广州,3000+人付款
lh13712184811,瑞士进口瑞士莲巧克力600g软心球lindt牛奶圣诞网红零食散装喜糖,110.00,上海,3000+人付款
比比妙旗舰店,每日坚果混合坚果仁干果类小包散装500g孕妇专用儿童健康营养零食,27.90,浙江 杭州,1万+人付款
美心官方旗舰店,美心原味鸡蛋卷礼盒零食饼干儿童香港糕点送礼特产休闲进口小吃,169.00,上海,2000+人付款
易海购美国代购直邮,山姆芝士夹心饼干1kg独立包装56袋咸香酥脆饼干休闲点心零食代购,65.90,上海,6000+人付款
和情旗舰店,进口Lotus和情比利时焦糖饼干独立装100片咖啡伴侣夹心零食囤货,66.40,浙江 嘉兴,2000+人付款
亿滋官方旗舰店,亿滋官方趣多多爆逗曲奇饼干牛奶蔓越莓味巧克力味休闲零食384g,69.00,上海,3000+人付款
珍妮星座旗舰店,珍妮星座曲奇小熊饼干黄油咖啡四味小花下午茶休闲零食圣诞礼物盒,168.00,广东 深圳,1000+人付款
枣缘梦食品旗舰店,【2021年新货】特等新疆若羌灰枣原生态未清洗吊干灰枣特产零食,21.90,新疆 巴音郭楞,1万+人付款
二阳旗舰店,二阳锅巴手工小零食网红老襄阳花椒袋装小吃休闲食品麻辣推荐爆款,7.90,湖北 襄阳,1万+人付款
享鲜人旗舰店,老北京冻干冰糖葫芦山楂空心无核传统小吃特产网红零食休闲食品,14.80,安徽 芜湖,1万+人付款
tb157048554812,老海公黄鱼酥旗舰店海工香酥小黄鱼干孕妇零食休闲食品网红鱼尾仔,68.00,浙江 金华,3000+人付款
a1旗舰店,杨洋推荐a1云蛋糕小面包整箱早餐手工网红零食纯蛋糕a1零食研究所,29.90,福建 厦门,9000+人付款
曙光食品song,蓝威斯顿薯条冷冻半成品粗薯油炸小吃零食小厨大乐冰冻商用2kg,28.90,上海,1万+人付款
洽洽食品官方旗舰店,洽洽小蓝袋益生菌每日坚果750g30包恰恰孕妇零食果仁酸奶礼盒囤货,179.00,安徽 合肥,1000+人付款
shilongfei1994,正宗北京三禾稻香村传统手工点心零食老式中式小吃送礼大礼包,57.00,北京,3000+人付款
田园主义旗舰店,田园主义无蔗糖全麦杂粮薄脆饼健康零食解馋饱腹轻食酥脆粗粮饼干,19.90,江苏 泰州,9000+人付款
石榴红了就娶我吧,新枣一级新疆红枣若羌红枣5斤装袋即食灰枣楼兰小枣粥枣孕妇零食,11.90,新疆 巴音郭楞,1万+人付款
elic_zhu,2021新货味你好吊瓜子500g奶油椒盐原味坚果特产零食年货非瓜蒌子,26.90,安徽 宣城,6000+人付款
颖点食品专营店,冰皮蛋糕网红零食面包整箱早餐即食麻薯小吃健康爆款休闲食品月亮,9.90,福建 厦门,2万+人付款
甜爱坊食品专营店,网红猪饲料零食大礼包送女友男友整箱小吃休闲食品生日圣诞节礼物,29.90,浙江 杭州,9000+人付款
华味亨旗舰店,华味亨芒果干500g 风味水果干厚切果脯蜜饯芒果片一斤装休闲零食,23.90,浙江 杭州,1万+人付款
欧贝拉旗舰店,纯蛋糕面包整箱早餐营养即食类健康零食小吃休闲食品推荐网红爆款,17.90,福建 泉州,9000+人付款
轩辕歌徒,良品铺子超大巨型包猪饲料零食大礼包网红爆款送女友一整箱组合装,208.00,四川 成都,1000+人付款
欧贝拉旗舰店,蔓越莓雪花酥零食小吃休闲食品饼干推荐网红爆款耐吃牛轧糖沙琪玛,4.90,福建 泉州,4万+人付款
蜀道香食品旗舰店,蜀道香全肉大礼包麻辣牛肉干四川成都特产小吃辣味解馋小零食追剧,148.00,四川 成都,1000+人付款
豪士旗舰店,豪士早餐吐司面包夹心健康小零食小吃休闲食品夜宵网红爆款整箱,24.90,河南 郑州,2万+人付款
卡尔顿旗舰店,卡尔顿潘啦哆呢手撕面包吐司夹心早餐糕点食品蛋糕营养零食整箱,39.90,福建 漳州,7000+人付款
keep食品旗舰店,Keep高蛋白黑巧脆脆球健康麦丽素纯可可脂无蔗糖添加巧克力零食,72.00,江苏 镇江,6000+人付款
松香谷旗舰店,新货自然开口盐焗开心果净含量500g原色无漂白坚果零食干果1000g,22.80,浙江 杭州,1万+人付款
春江食品旗舰店,春江泡椒去骨鸭掌120g无骨脱骨鸭爪零食小吃休闲,25.90,广西 南宁,5万+人付款
格力高官方旗舰店,【百醇10】格力高百醇休闲零食大礼包囤货小吃夹心饼干棒儿童零食,69.90,上海,1000+人付款
姚当家旗舰店,虎皮蛋糕卷夹心肉松面包整箱学生营养早餐休闲零食懒人充饥速食品,15.88,河北 邯郸,1万+人付款
金恩食品专营店,金恩凡提猪油渣温州特产干炸香酥猪肉渣条脂渣粕零食生酮子五花肉,39.80,浙江 温州,3000+人付款
卫龙食品旗舰店,【卫龙小面筋】辣条吃货零食麻辣味零食儿时怀旧零食小吃休闲食品,14.90,河南 漯河,3万+人付款
燕旋风旗舰店,丹麦红豆手撕面包整箱健康早餐零食小吃营养休闲食品充饥夜宵即食,29.90,山东 济宁,8000+人付款
阿婆家的食品旗舰店,阿婆家薯片网红小吃零食大礼包一箱儿童休闲食品宿舍追剧年货批发,14.90,浙江 杭州,5万+人付款
百草味旗舰店,刘昊然专享 百草味全坚果每日坚果750g/30包零食健康混合坚果,219.00,浙江 杭州,4000+人付款
百草味旗舰店,百草味-坚果礼盒2040g/13袋高档送礼年货大礼包休闲干果健康零食,259.00,浙江 杭州,2000+人付款
良品铺子旗舰店,【零食购物金】会员专属全店通用购物金—至高立省80元,380.00,浙江 杭州,8000+人付款
三只松鼠旗舰店,百亿补贴_【三只松鼠_黄金肉松饼456gx2袋】早餐食品办公室零食,50.00,安徽 芜湖,400+人付款
三只松鼠旗舰店,百亿补贴_【三只松鼠_蛋黄酥320gx2盒】雪媚娘流心网红零食糕点,60.00,安徽 芜湖,400+人付款
tb_2484622,等一味|笋丝豆干 烤肉豆脯夹笋小银鱼包装五,24.80,广东 广州,3000+人付款
林弘堂旗舰店,林弘堂小花片 猫耳朵猫耳酥食品五香原味,15.80,湖南 湘潭,200+人付款
千喜食品旗舰店,蜜汁酱卤猪蹄猪脚即食真空零食特产千禧,9.90,福建 宁德,100+人付款
天猫超市,无穷盐焗鸡蛋大礼包20只早餐办公室美味零食小吃卤蛋熟食网红零食,58.00,上海,1万+人付款
天猫超市,三只松鼠蜀香牛肉干麻辣味100g*4袋牛肉条办公室零食熟食特产小吃,44.90,上海,1万+人付款
天猫超市,【包邮】百草味荤素礼盒520g卤味礼包鸭脖鸭肉鸭翅休闲零食小吃,54.90,上海,3万+人付款
两千份旗舰店,新货大颗粒开心果500g罐装原味无漂白孕妇坚果零食散装干果类批货,21.80,浙江 杭州,6000+人付款
天猫超市,达利园蛋糕软面包1.5kg*1箱早餐晚上解饿零食家庭量贩整箱充饥,39.90,上海,1万+人付款
沃隆旗舰店,沃隆超级每日坚果30包混合坚果750g学生款零食大礼包礼盒装小包装,168.00,山东 青岛,1000+人付款
和香玉旗舰店,【买1送1】红枣夹核桃仁葡萄干新疆和田大枣干果什锦夹心抱抱零食,29.90,安徽 芜湖,1万+人付款
休闲农场旗舰店,休闲农场三明治蒸蛋糕营养早餐夹心网红零食品整箱小面包小吃点心,26.80,广东 揭阳,5万+人付款
keep食品旗舰店,Keep每日蛋白棒健康网红新零食能量健身代餐乳清蛋白加餐黑巧酸奶,79.00,江苏 镇江,2000+人付款
丝农优品食品专营店,枣仁派红枣夹核桃夹心大枣糕干果枣泥派新疆和田特产孕妇儿童零食,17.80,河北 沧州,1万+人付款
欧贝拉旗舰店,欧贝拉蛋黄酥雪媚娘糕点面包整箱早餐网红爆款休闲零食品小吃推荐,5.90,福建 泉州,2万+人付款
皓月小咖牛旗舰店,【直播间】皓月焱烤牛肉原味/香辣味250g 休闲零食手撕牛肉,99.00,吉林 长春,1万+人付款
beazero未零旗舰店,beazero海绵宝宝溶豆4盒水果味无白砂糖添加买2组送6个月婴儿零食,72.00,江苏 苏州,1万+人付款
萌妖小厨旗舰店,网红无骨鸡爪柠檬酸辣脱骨泡椒凤爪爆款罐装整箱零食小吃休闲食品,27.80,重庆,1万+人付款
蜜赞旗舰店,蜜赞脆枣小包装无核独立酥脆红枣嘎嘣脆香酥灰枣零食小吃休闲食品,16.90,浙江 金华,5万+人付款
轩妈食品旗舰店,轩妈家蛋黄酥芝士酥组合装12枚 低糖雪媚娘咸鸭蛋黄零食点心小吃,93.80,广西 南宁,2000+人付款
欧贝拉旗舰店,松露黑巧克力糖果散装圣诞节零食品麦丽素喜糖礼盒装（代可可脂）,9.90,福建 泉州,5万+人付款
零趣食品旗舰店,手撕面包整箱早餐全麦蛋糕懒人速食休闲小吃货健康零食品推荐即食,5.90,福建 泉州,9万+人付款
索伊食品专营店,利拉比利时风味饼干多口味饼干整箱早餐黑糖焦糖休闲散装零食批发,13.50,上海,1万+人付款
健元堂旗舰店,代餐饼干红豆薏米燕麦粗粮低0早餐饱腹无糖精脂卡压缩健康零食品,26.00,山东 烟台,6000+人付款
tb32386622,三只松鼠零食大礼包每日坚果礼盒夏威夷果碧根果开心果整箱混合装,78.90,安徽 芜湖,3000+人付款
小鹿蓝蓝旗舰店,满减【小鹿蓝蓝_鳕鱼肠300g】宝宝零食儿童鱼肠肉肠送婴幼儿食谱,59.90,安徽 芜湖,9000+人付款
沃隆旗舰店,沃隆每日坚果750g混合坚果礼盒装营养休闲零食谁是凶手同款坚果,139.00,山东 青岛,1000+人付款
老街口旗舰店,老街口多味香瓜子500gx4袋 脱皮古法打手葵花籽休闲零食坚果炒货,23.90,浙江 金华,1万+人付款
天猫超市,三只松鼠氧气吐司面包800gX1箱乳酪夹心糕点网红零食蛋糕营养,29.90,上海,2万+人付款
姜墨先生,暴肌独角兽】乳清威化能量蛋白棒健身运动饱腹代餐质0低零食品脂,29.90,福建 泉州,1万+人付款
冰思绕指柔407,湖岭牛肉干温州特产手撕风干孕妇休闲零食罐装五香牛肉片连通500g,42.80,浙江 温州,4000+人付款
抢鲜季旗舰店,半梅干500g散装称斤话梅半边梅鸳鸯梅情人梅李子果干蜜饯孕妇零食,13.80,浙江 杭州,2万+人付款
每日黑巧旗舰店,【王一博代言】每日黑巧黑巧克力圣诞节送女朋友礼物爆款网红零食,62.90,江苏 苏州,4000+人付款
友臣旗舰店,友臣散装肉松饼500g营养早餐糕点网红零食美食小吃休闲食品点心,19.90,福建 泉州,3万+人付款
启忆旗舰店,酸辣柠檬无骨鸡爪零食熟食卤味小吃网红脱骨盒装200g微辣去骨凤爪,13.80,浙江 温州,300+人付款
爱巧旗舰店,士力架巧克力全家桶德芙家庭装花生夹心批发块散装圣诞零食旗舰店,23.90,广东 深圳,7000+人付款
棠品旗舰店,巴旦木仁500g原味大杏仁片坚果散装美国扁桃仁干果孕妇零食大罐,12.80,浙江 杭州,7000+人付款
享皇食品专营店,阿尔卑斯巧禾棒果仁巧克力味夹心米果能量棒零食小吃好吃排行榜,12.80,江苏 常州,3万+人付款
周小贱旗舰店,周小贱嗨鸭脖60g*12根整根风干手撕即食肉类鸭货小吃网红休闲零食,24.80,江苏 南通,7000+人付款
徐锦杨,新货临安山核桃仁小核桃肉独立包装袋装原味奶油孕妇宝宝坚果零食,32.80,浙江 杭州,3000+人付款
佳运食品专营店,陈皮糖宏源糖果话梅糖散装喜糖酸糖小零食混合水果糖橙皮硬糖批发,9.90,浙江 金华,2万+人付款
calbee官方旗舰店,卡乐比北海道薯条三兄弟日本进口网红膨化小吃零食品好吃休闲年货,99.00,浙江 金华,900+人付款
天猫国际进口超市,SAVANNA蜂蜜味碳烤混合坚果850g夏威夷果休闲食品零食小吃果仁,139.00,浙江 杭州,800+人付款
嗨多多食品专营店,网红麻辣零食大礼包小吃休闲食品整箱卤味肉类鸭脖鸭货充饥夜宵,29.90,湖南 长沙,1万+人付款
七口鲜果,超大巨型一桶进口零食大礼包组合装整箱猪饲料圣诞节礼盒装定制,126.00,安徽 合肥,1000+人付款
亲禾食品专营店,徐福记饼干零食散装多口味大礼包小吃休闲食,29.90,浙江 宁波,100+人付款
关公传奇食品专营店,品品牛板筋条状450g四川特产小包装麻辣香辣,16.90,四川 成都,72人付款
wedding24198007,贵州特产麻辣土豆片香辣土豆丝休闲零食香脆,12.00,贵州 毕节,300+人付款
楼兰蜜语旗舰店,楼兰蜜语每日维C糖心脆冻干冬枣脆片15gx30袋无核酥脆无添加零食,24.90,湖北 武汉,1万+人付款
百草味旗舰店,百草味每日抱抱果758g新疆特产大红枣夹核桃仁枣子孕妇零食礼盒装,79.90,浙江 杭州,7000+人付款
三只松鼠旗舰店,【满300减210】三只松鼠山楂条208g_休闲零食果脯山楂卷,19.90,安徽 芜湖,3000+人付款
三只松鼠旗舰店,百亿补贴_【三只松鼠_薄脆饼干308gx3盒】休闲早餐食品小零食推荐,50.00,安徽 芜湖,300+人付款
百草味旗舰店,【百草味坚果礼盒1892g/11袋】每日干果零食大礼包装混合整箱送礼,239.00,浙江 杭州,1000+人付款
良品铺子旗舰店,良品铺子-蛋黄酥320g雪媚娘网红零食小吃休闲食品早餐食品糕点心,16.90,湖北 武汉,5万+人付款
良品铺子旗舰店,良品铺子鸭肉零食大礼包女鸭舌鸭爪麻辣卤味鸭脖鸭货整箱休闲食品,60.90,湖北 武汉,9000+人付款
比比赞旗舰店,乐事薯片大礼包零食小吃货网红整箱散装推荐耐吃夜宵爆款休闲食品,9.90,河南 焦作,3万+人付款
比比赞旗舰店,比比赞鸭舌头温州特产卤味肉熟食香辣下酒菜小零食小吃休闲美食品,29.90,福建 泉州,5000+人付款
天猫超市,旺旺雪饼膨化米果饼400g休闲饼干小吃儿童零食网红礼包,23.90,上海,1万+人付款
天猫超市,盼盼法式小面包奶香味1.5kg*1箱面包整箱囤货早餐糕点零食品营养,29.90,上海,1万+人付款
天猫超市,进口印尼GEMEZ网红膨化零食大礼包烧烤味小鸡干脆干吃面16g×30包,69.90,上海,9000+人付款
初旭食品官方旗舰店,【主播推荐】官方店 初旭散装熟鸭舌168g 温州酱鸭舌头卤味零食,69.90,浙江 温州,2万+人付款
科尔沁食品旗舰店,科尔沁风干牛肉干400g*2袋内蒙古特产零食手撕香辣原味牛肉干,278.00,内蒙古 通辽,800+人付款
鼠大厨旗舰店,零食大礼包送女友整箱大全各种美食解馋网红爆款推荐小吃休闲食品,29.90,江苏 泰州,1万+人付款
a8876825,11月150个乡巴佬卤蛋乡吧佬五香卤蛋五香茶叶卤鸡蛋零食整箱包邮,18.80,上海,1万+人付款
米乐谷旗舰店,米乐谷微波炉爆米花网红小吃袋装专用玉米粒奶油膨化零食整箱批发,9.80,河南 洛阳,1万+人付款
天猫国际进口超市,科克兰kirkland进口开心果盐焗1.36kg零食坚果仁干果孕妇零食美国,169.00,浙江 杭州,1000+人付款
枫巢食品专营店,泡吧金牌鸡蛋糕1000g营养礼盒早餐零食云小蛋糕点心面包整箱批发,36.80,福建 泉州,3000+人付款
其妙旗舰店,其妙肉松饼面包早餐整箱绿豆饼干吃货小零食小吃休闲食品充饥夜宵,5.90,福建 厦门,2万+人付款
海试罐军专卖店,10型可可脂巧克力18型非08空勤情人节正品非军粮礼盒生日部队零食,39.80,河北 秦皇岛,4000+人付款
王小二旗舰店,德州脱骨扒鸡五香即食熟食卤味鸡肉正宗特产叫花烧鸡零食真空整只,29.80,山东 德州,1万+人付款
聚福堂6,苏州花园饼屋奶酪包网红手工乳酪蛋糕零食原味奶油夹心早餐面包,36.00,江苏 苏州,5000+人付款
秋田满满旗舰店,秋田满满米饼无盐添加磨牙饼干零食送宝宝12个月婴儿儿童辅食食谱,26.90,湖南 长沙,3万+人付款
元气乖乖旗舰店,元气乖乖黑金松露芝麻片饼干孕妇零食黑芝麻饼无糖精休闲食品小吃,78.80,江西 南昌,3万+人付款
费列罗官方旗舰店,费列罗金球榛果威化巧克力30粒零食浪漫圣诞表白送礼礼盒新春礼盒,111.60,上海,24人付款
唯叮食品专营店,宏源话梅糖酸甜水果味正品陈皮糖散装混合糖果休闲小零食硬糖喜糖,9.90,浙江 金华,3万+人付款
royce若翼族旗舰店,ROYCE若翼族生巧克力日本北海道进口零食礼盒装生巧2盒装送女朋友,236.00,上海,900+人付款
皓月食品旗舰店,皓月焱烤牛肉原味/香辣味250g 零食手撕牛肉休闲清真小吃,99.00,吉林 长春,700+人付款
丝农优品食品专营店,香酥脆枣无核酥脆小包装冻干红枣干新疆灰枣嘎嘣脆冬枣儿童小零食,17.90,河北 沧州,1万+人付款
百花妃旗舰店,蜂蜜黑芝麻片薄饼干酥无糖精孕妇孕期营养手工小零食小吃休闲食品,24.90,山东 济南,7000+人付款
休普食品专营店,德芙士力架1000g散装花生夹心巧克力结婚庆喜糖果休闲零食品批发,17.80,上海,8000+人付款
tb54512165,内蒙古风干手撕牛肉干500g*3斤正宗特产香辣小零食独立真空牛肉干,88.00,内蒙古 呼和浩特,3000+人付款
良品铺子高端零食旗舰店,良品铺子零食大礼包送女友网红爆款小吃巨型整箱全肉食品官方旗舰,189.00,湖北 武汉,1000+人付款
qw泉旺旗舰店,圣诞节糖果礼盒装网红棉花糖圣诞老人软糖儿童零食小礼物圣诞糖果,28.80,福建 泉州,2000+人付款
御仙林旗舰店,纯黑巧克力无糖可可脂卡低健身减脂零食品俄罗斯100%生酮烘焙散装,29.90,广东 广州,9000+人付款
洽洽食品官方旗舰店,洽洽小黄袋每日坚果恰恰孕妇混合小包装礼盒干果囤货零食175g*2盒,69.00,安徽 合肥,3000+人付款
山里情一家人旗舰店,4斤焦糖瓜子炒货零食山核桃五香原味瓜子葵花籽批发散装5斤小包袋,15.80,山东 济南,9000+人付款
每果时光旗舰店,碧根果仁大碎仁袋装500g散装称斤零食坚果边角料干果奶油味长寿果,17.80,浙江 杭州,1万+人付款
吴玉源旗舰店,温州特产手工传统糕点桂花糕糯米糕网红零食夹心糕小米糕食品早餐,14.90,浙江 温州,5万+人付款
天天特卖工厂店,网红无骨鸡爪柠檬酸辣脱骨泡椒凤爪即食袋装麻辣零食小吃休闲食品,22.80,浙江 杭州,8000+人付款
tb_2484622,等一味|笋丝豆干 烤肉豆脯夹笋小银鱼包装五,24.80,广东 广州,3000+人付款
ea5168ea,黑龙江哈尔滨一手店熟食副食熏酱盐焗鸡骨架,12.87,黑龙江 哈尔滨,43人付款
噶己人食品专营店,软糖经典怀旧零食猪油糖400 g传统休闲,15.80,广东 潮州,2000+人付款
聪明小熊旗舰店,香港珍妮曲奇聪明小熊饼干640g双味2mix咖啡牛油小花进口零食特产,186.00,广东 东莞,1000+人付款
每果时光旗舰店,坚果组合4斤装混合干果零食大礼包无礼盒散装夏威夷果整箱批发10,85.80,浙江 杭州,2000+人付款
呆小帝旗舰店,12种综合果蔬脆 非膨化休闲零食 健康果蔬脆片,35.90,山东 烟台,7万+人付款
天猫超市,德芙丝滑牛奶巧克力喜糖果500g×1袋散装结婚庆追剧网红休闲零食,48.90,上海,5000+人付款
黄金香旗舰店,黄金香中华老字号香酥肉松400g儿童早餐配粥寿司烘焙猪肉老人零食,39.90,福建 厦门,1万+人付款
幽栖轩食品旗舰店,网红蟹黄锅巴蟹香咸蛋黄锅巴糯米锅巴整箱散装小包装手工休闲零食,19.80,安徽 滁州,2万+人付款
丑果旗舰店,列巴俄罗斯大面包大列巴新疆全麦坚果西式早餐零食核桃仁500g包邮,19.80,陕西 咸阳,1万+人付款
drcheese奶酪博士旗舰店,【推荐】奶酪博士金装棒棒奶酪棒儿童高钙健康干乳酪零食12袋,209.00,上海,2000+人付款
dgi食品旗舰店,控能威化棒蛋白棒充能量乳清蛋白粉无糖精健身饱腹代餐饼干零食品,49.90,上海,7000+人付款
东赛良品旗舰店,带皮大腰果仁500g新货坚果干果紫皮原味孕妇零食小吃散装整箱5斤,17.40,浙江 金华,1万+人付款
三只松鼠旗舰店,百亿补贴_【三只松鼠_益生菌每日坚果750g/30包】干果休闲零食,188.00,安徽 芜湖,39人付款
三只松鼠旗舰店,百亿补贴_【三只松鼠_全麦吐司600g】健康零食品早餐面包整箱代餐,50.00,安徽 芜湖,1000+人付款
百草味旗舰店,【百草味-抱抱零食大礼包1517g/13袋】巨型网红休闲爆款小吃送礼,159.00,浙江 杭州,7000+人付款
百草味旗舰店,百草味32层长条手撕面包800g千层软手撕早餐面包蛋糕零食点心整箱,29.90,浙江 杭州,4万+人付款
良品铺子旗舰店,良品铺子新疆免洗红枣煲汤泡水零食孕妇大枣灰枣干货枣子500g,12.90,湖北 武汉,4万+人付款
良品铺子旗舰店,良品铺子厚蛋烧吐司455g整箱面包早餐食品营养代餐零食小吃糕点,34.00,湖北 武汉,4万+人付款
比比赞旗舰店,比比赞手撕素肉豆干辣条素牛肉辣味素牛排网红小零食小吃休闲食品,8.90,福建 泉州,4万+人付款
比比赞旗舰店,比比赞海盐无糖薄荷糖清新口气喜糖散装发批圣诞节糖果小零食强劲,9.90,福建 泉州,1万+人付款
天猫超市,奥利奥畅享零食礼盒饼干23盒休闲网红超值送礼早餐美味食品912g,69.90,上海,3万+人付款
糖派甜心旗舰店,现货！同款糖饼韩国椪糖饼抠挑战扣糖饼干游戏圣诞节礼物零食碰糖,11.99,浙江 杭州,8000+人付款
健元堂旗舰店,正宗手工莱阳秋梨膏棒棒糖儿童宝宝健康小吃零食品搭无糖无添加品,24.80,山东 烟台,8000+人付款
藤桥牌旗舰店,【人气推荐】藤桥牌精品大鸭舌温州特产熟食卤味下酒零食180g,69.90,浙江 温州,6万+人付款
青松食品专营店,百草味零食大礼包芒果干猪饲料组合超大巨型肉食类网红整箱送女友,138.00,河南 信阳,1000+人付款
稻田村旗舰店,稻田村牛油果酸奶溶豆宝宝益生菌零食无添加蔗糖非6个月婴儿辅食,29.80,山东 日照,9000+人付款
好想你官方旗舰店,【好想你_香酥脆枣630g×2盒】无核去核酥脆新疆红枣小零食轻颜脆,79.90,河南 郑州,2000+人付款
天猫超市,百草味熟制板栗仁80g*6包坚果炒货零食小吃特产甘栗仁熟食栗子,34.80,上海,5000+人付款
阿里健康大药房,梨膏棒棒糖5瓶装儿童宝宝零食无添加化喉痰止咳润搭配枇杷秋梨膏,59.90,广东 广州,2000+人付款
沃隆旗舰店,沃隆每日坚果礼盒770g混合干果仁小包装零食大礼包坚果组合礼盒装,99.00,山东 青岛,5000+人付款
天猫超市,周黑鸭零食大礼包好多肉肉500g×1盒辣味小吃休闲食品年货礼盒,59.90,上海,8000+人付款
张家界山里人家食品专营店,味芝元香辣鱼排26g*30包湖南特产麻辣零食小吃洞香辣鱼块庭湖鱼尾,13.30,湖南 长沙,8000+人付款
觅牵旗舰店,新货越南带皮腰果净重500g包邮大罐装炭烧腰果散装坚果零食炒货,13.00,浙江 杭州,6万+人付款
小可艾阿嬷旗舰店,圣诞节棒棒糖礼盒装圣诞老人创意硬糖圣诞树儿童零食圣诞糖果礼物,16.80,福建 泉州,1万+人付款
米多奇食品旗舰店,米多奇烤馍片散装小馍丁零食整箱馍香小趣多口味混合装馒头片饼干,19.80,河南 新乡,2万+人付款
dgi食品旗舰店,控能低脂鸡胸肉肠即食鸡肉肠卡无淀粉高蛋白健身代餐饱腹零食解馋,29.90,上海,7万+人付款
好想你官方旗舰店,【好想你_网红奶枣】巴旦木夹心奶酪枣新疆红枣零食独立小包袋装,20.90,河南 郑州,9000+人付款
a1旗舰店,杨洋推荐a1西瓜吐司面包早餐孕妇儿童营养土司食品夹心零食研究所,29.90,湖北 孝感,1万+人付款
乐锦记旗舰店,【乐锦记手撕面包750g整箱】营养早餐网红零食蛋糕点心口袋小面包,29.80,安徽 合肥,9000+人付款
阿华田旗舰店,阿华田官方旗舰店官网蛋糕卷早餐食品即食瑞士卷蛋糕面包零食网红,69.80,上海,6000+人付款
三多食品专营店,嘉士利果乐果香果酱夹心饼干680g整箱茶饮糕点心休闲零食小吃送礼,12.00,广东 广州,9000+人付款
老街口旗舰店,老街口焦糖山核桃味红枣瓜子500g 炒货坚果葵花籽特产零食品批发,11.90,浙江 金华,1万+人付款
鼠状元旗舰店,坚果零食大礼包整箱女生宿舍办公室解馋小吃网红送女友休闲食品,39.90,江苏 泰州,1万+人付款
tb_2484622,等一味|笋丝豆干 烤肉豆脯夹笋小银鱼包装五,24.80,广东 广州,3000+人付款
林弘堂旗舰店,林弘堂小花片 猫耳朵猫耳酥食品五香原味,15.80,湖南 湘潭,200+人付款
ea5168ea,黑龙江哈尔滨一手店熟食副食熏酱盐焗鸡骨架,12.87,黑龙江 哈尔滨,43人付款
tb511472773,手撕牦牛肉干正宗蒙古特产牛肉干500g内蒙古风干香辣四川零食 2斤,68.80,内蒙古 鄂尔多斯,2000+人付款
草原犇牛旗舰店,【买1送1】内蒙古正宗风干牛肉干手撕肉类小零食特产熟食真空包装,62.50,内蒙古 呼和浩特,2000+人付款
麻辣王子旗舰店,麻辣王子辣条地道网红麻辣湖南特产小零食儿时怀旧大礼包休闲食品,17.90,湖南 长沙,2万+人付款
宝宝馋了旗舰店,宝宝馋了鲜虾片虾饼儿童零食磨牙饼干无添加送婴儿幼儿辅食食谱,35.80,浙江 舟山,4000+人付款
卫龙食品旗舰店,【卫龙_大刀肉】辣条零食麻辣儿时吃货零食辣味零食小吃休闲食品,13.90,河南 漯河,2万+人付款
小鹿蓝蓝旗舰店,【小鹿蓝蓝推荐_山楂棒棒糖】无添加盐儿童零食宝宝水果条送食谱,19.90,安徽 芜湖,1万+人付款
宝中食品专营店,达利园软面包法式小蛋糕健康营养早餐糕点心整箱零食小吃休闲食品,9.90,福建 泉州,8000+人付款
有零有食食品旗舰店,有零有食冻干榴莲干泰国进口榴莲零食金枕头网红榴璃水果干小包装,35.90,福建 泉州,2万+人付款
俏美味旗舰店,蟹香咸蛋黄糯米锅巴网红爆款蟹黄零食小吃休闲食品大礼包袋装整箱,11.80,安徽 阜阳,2万+人付款
tb468014501516,宅猫日记岩烧芝士脆饼干118g*5盒咸味蔬菜薄脆炭烧黑金小饼干零食,34.80,福建 漳州,9000+人付款
yiquansp,老玉泉干鸭脖250g椒盐油炸风干手撕麻辣三明特产休闲零食网红小吃,108.90,福建 三明,7000+人付款
欧贝拉旗舰店,海苔肉松吐司面包整箱早餐速食蛋糕类小零食小吃休闲食品宿舍即食,15.90,福建 泉州,1万+人付款
猫诚旗舰店,比利时lotus和情缤咖时焦糖饼干进口网红零食小吃休闲食品大礼包,16.90,安徽 合肥,6000+人付款
萨啦咪食品旗舰店,萨啦咪温州鸭舌小零食小吃休闲食品鸭舌头熟食年货大礼包称重500g,160.00,浙江 温州,1000+人付款
楼兰蜜语旗舰店,楼兰蜜语新疆一等和田大枣500g特大精品特产红枣干可夹核桃仁零食,17.90,湖北 武汉,4000+人付款
幻食心味旗舰店,酸辣柠檬无骨去骨鸡爪凤爪罐装盒装网红小吃即食零食熟食大礼包,8.70,浙江 温州,2万+人付款
小梅屋旗舰店,小梅屋梅子3味3袋 休闲解馋零食无核梅饼话梅干酸梅乌梅网红蜜饯,39.80,广东 揭阳,5000+人付款
沈小善旗舰店,沈小善风干鸡胸肉干高蛋白鸡肉干低小罐肉零食健身脂人吃烘鸡肉条,19.80,上海,1万+人付款
卡尔顿旗舰店,卡尔顿迷你法棍夹心面包500g 糕点休闲食品早餐零食营养小吃整箱,39.90,福建 漳州,6000+人付款
三只松鼠旗舰店,推荐_【三只松鼠_每日坚果750g/30包】休闲小吃健康零食大礼包,139.00,安徽 芜湖,900+人付款
三只松鼠旗舰店,【三只松鼠_山核桃仁500g】 21年新货坚果炒货健康零食干果整箱,149.00,安徽 芜湖,1000+人付款
百草味旗舰店,百草味岩烧乳酪吐司面包400g营养早餐学生零食充饥蛋糕整箱手撕,29.90,浙江 杭州,1万+人付款
百草味旗舰店,【百亿补贴】【百草味-罐装紫皮腰果仁500g】健康坚果干果零食,79.00,浙江 杭州,1万+人付款
良品铺子旗舰店,良品铺子香酥脆灰枣400g新疆红枣干货无核网红脆枣小包装零食,34.90,湖北 武汉,1万+人付款
良品铺子旗舰店,良品铺子-手撕风干牛肉约250g内蒙古牛肉干小吃休闲零食即食熟食,61.00,湖北 武汉,3000+人付款
比比赞旗舰店,比比赞小麻花整箱零食品小吃网红爆款饼干袋装充饥夜宵休闲排行榜,4.90,福建 泉州,4万+人付款
比比赞旗舰店,比比赞花椒锅巴办公室耐吃小零食排行榜小吃休闲食品网红爆款推荐,4.90,福建 泉州,5万+人付款
爱婴乳业丶,薄荷健康全餐21天代餐主食零食控卡饱腹营养早中晚餐健身食品套餐,1590.00,上海,200+人付款
天猫国际进口超市,【直营】GODIVA歌帝梵黑巧克力21片装x2盒比利时进口办公室零食,338.00,浙江 杭州,300+人付款
天猫超市,一件包邮  昔日印象黑芝麻饼250g孕妇解馋休闲无糖精健康营养零食,29.90,上海,6000+人付款
三胖蛋食品旗舰店,三胖蛋食品旗舰店原味香大瓜子180g*5袋装内蒙葵花籽休闲零食囤货,95.00,北京,3000+人付款
江曲食品专营店,阿尔卑斯糖果散装硬糖500g结婚喜糖水果棒棒糖软糖圣诞节零食批发,8.20,浙江 金华,1万+人付款
糖友饱饱旗舰店,糖友饱饱早餐蛋糕面包孕妇零食无糖精糖尿主食糖尿饼病人专用食品,38.90,浙江 杭州,4000+人付款
每果时光旗舰店,鳗鱼片500g散装健康孕妇小吃现烤鱼干边角料零食海鲜海味即食鱼排,29.80,浙江 杭州,1万+人付款
天猫超市,良品铺子肉松饼面包糕点囤货1000g整箱营养早餐健康代餐加班零食,39.90,上海,3万+人付款
天猫国际进口超市,SAVANNA进口香烤蜂蜜味混合坚果干果零食果仁休闲食品850g每日,129.00,浙江 杭州,1000+人付款
x15904897748,牛肉干内蒙古风干正宗特产500g*4斤散装手撕五香零食小吃牛肉干片,98.60,内蒙古 赤峰,3000+人付款
洽洽食品官方旗舰店,洽洽小黄袋每日坚果780g孕妇儿童30小包装混合大礼包干果零食囤货,169.00,安徽 合肥,1000+人付款
兴科旗舰店,兴科普莱赞100%可可原浆黑巧克力105g健身可可脂零食热科院巧克力,29.90,海南 海口,7000+人付款
天猫超市,【新鲜短保】桃李酵母面包900g网红零食早餐食品小吃休闲囤货整箱,59.90,上海,4000+人付款
上海圣托尼食品专营店,a1西瓜吐司面包奶撕面包蛋糕孕妇儿童营养早餐代餐夹心吐司零食品,24.90,上海,6000+人付款
卡米达食品旗舰店,满29包邮日本卡米达空心脆米果追剧ktv,15.90,江苏 苏州,42人付款
稻香淋雨,鲜虾片 单包 小包装 随手包 鲜虾 零食鲜虾,0.55,辽宁 沈阳,300+人付款
千喜食品旗舰店,蜜汁酱卤猪蹄猪脚即食真空零食特产千禧,9.90,福建 宁德,100+人付款
洞庭哥衡宇专卖店,洞庭哥香辣鱼排26g*40包湖南特产香辣麻辣小吃零食洞鱼块庭湖鱼尾,14.90,湖南 益阳,1万+人付款
不多言旗舰店,俄罗斯风味100%每日纯黑巧克力纯可可脂卡低无糖烘焙零食生酮健身,39.90,广东 东莞,5000+人付款
薄荷健康旗舰店,薄荷健康  蛋白棒 健身饱腹营养早餐零食含乳清蛋白能量控卡食品,119.00,江苏 无锡,2000+人付款
来伊份官方旗舰店,来伊份居司令4号精制猪肉脯200g零食肉脯肉干靖江小吃网红解馋肉,29.90,上海,1万+人付款
农品汇食品专营店,百草味零食大礼包小吃休闲食品整箱圣诞送女友猪饲料礼盒男友儿童,89.90,河北 石家庄,3000+人付款
两千份旗舰店,榴莲干冻干榴莲正宗泰国特产金枕头猫山王榴莲脆块有有零食水果干,58.80,浙江 杭州,2000+人付款
百味零食,综合什锦果蔬脆片蔬菜干水果干零食混合装脱水即食秋葵香菇脆袋装,11.90,山东 济宁,9000+人付款
天猫超市,好时之吻KISSES巧克力500g好时炫彩多口味混合装婚庆糖果零食散装,86.90,上海,3000+人付款
津津食品旗舰店,津津卤汁豆腐干苏州特产五香豆干零食素食休闲食品网红小吃90g*10,39.90,江苏 苏州,4000+人付款
虎头局渣打饼行旗舰店,虎头局渣打饼行虎爪曲奇饼干225g囤货网红零食小吃糕点心天花板,129.90,上海,1万+人付款
天子乐旗舰店,新货原味腰果仁500g越南生腰果散装称斤烘焙熟干果炒货坚果零食,16.80,浙江 杭州,7000+人付款
babycare旗舰店,babycare辅食光合星球米饼宝宝零食磨牙棒婴幼儿童饼干无添加6月+,39.00,上海,1万+人付款
沂蒙优品企业店,红豆薏米饼干零食整箱粗粮代餐早餐无蔗糖紫薯燕麦黑芝麻杂粮饼,7.90,山东 临沂,900+人付款
tb18135334893,风干牛肉干内蒙古特产500g*3手撕牛肉干正宗独立小包装麻辣零食,59.80,内蒙古 包头,3000+人付款
卫龙食品旗舰店,【卫龙_亲嘴烧600g/30条】辣条零食麻辣儿时辣味零食小吃休闲食品,21.90,河南 漯河,5万+人付款
一果倾城旗舰店,新疆红枣特级和田大枣2500g特大红枣干一级骏枣特产特大枣子零食,11.90,陕西 咸阳,8万+人付款
drcheese奶酪博士旗舰店,奶酪博士A2β酪蛋白白金棒棒儿童奶酪棒营养零食高钙健康宝宝成长,89.00,上海,3000+人付款
dgi食品旗舰店,DGI低GI饱腹代餐全麦饼干无糖精孕妇零食卡脂魔芋粗粮高纤维早餐,29.00,上海,7000+人付款
lzcwzxx,中国香港美心原味鸡蛋卷448g礼盒装糕点吃货网红休闲零食进口送礼,138.00,上海,1000+人付款
两千份旗舰店,孕妇零食烤鳕鱼片罐装500g海味海鲜类吃货零食大全各种美食即食,20.80,浙江 杭州,9000+人付款
修文食品官方旗舰店,修文酱鸭舌头大鸭舌温州特产原味腊鸭舌即食休闲零食礼包称重500g,160.00,浙江 温州,1000+人付款
王辣辣旗舰店,王辣辣魔芋制毛肚 辣味零食魔芋爽毛肚 即食饱腹解馋休闲零食小吃,29.60,安徽 滁州,1万+人付款
聚香客旗舰店,新货手剥巴旦木仁500g大杏仁散装坚果仁干果扁桃仁孕妇零食巴塔木,22.90,安徽 芜湖,1万+人付款
鲜尝厚买旗舰店,【林依轮推荐】阿华田蛋糕卷早餐零食面包阿华田风味蛋糕食品点心,39.90,山东 临沂,9000+人付款
优之良品食品专营店,脆升升薯条30包600g香脆蜂蜜黄油薯条薯片脆生生零食小吃休闲食品,15.90,上海,1万+人付款
babycare旗舰店,babycare棒棒奶酪棒光合星球儿童零食高钙牛奶干酪乳酪奶酪棒即食,79.90,上海,2000+人付款
初吉食品旗舰店,初吉乳清蛋白棒饱腹无糖精零食品粉卡脂肪威化能量代餐0饼干健身,69.90,上海,1万+人付款
欧贝拉旗舰店,华夫饼面包整箱早餐营养饼干蛋糕点类小零食小吃休闲食品网红爆款,29.90,福建 泉州,3000+人付款
三只松鼠旗舰店,【三只松鼠_泡芙蛋糕400g】面包整箱早餐糕点心奶油夹心零食小吃,33.90,安徽 芜湖,3万+人付款
三只松鼠旗舰店,【三只松鼠_开口甘栗120gx2袋】零食坚果特产带壳板栗能栗子即食,22.90,安徽 芜湖,400+人付款
百草味旗舰店,百草味无骨鸡爪135g柠檬酸辣去骨脱骨凤爪小吃即食袋装零食休闲,39.90,浙江 杭州,2万+人付款
百草味旗舰店,百草味霸王梅桶500g梅子全家桶零食话梅青梅西梅酸梅蜜饯果干果脯,49.90,浙江 杭州,1万+人付款
比比赞旗舰店,比比赞巴旦木仁原味干果零食坚果巴坦木扁桃仁批发杏仁巴达木散装,16.80,福建 泉州,9000+人付款
良品铺子旗舰店,良品铺子岩焗乳酪吐司面包早餐食品岩烧吐司蛋糕食品整箱零食小吃,37.00,湖北 武汉,2万+人付款
比比赞旗舰店,比比赞爆浆曲奇小丸子夹心饼干小零食小吃休闲食品网红爆款推荐批,9.90,福建 泉州,5万+人付款
良品铺子旗舰店,良品铺子小食仙-小兔山楂棒85gx2袋山楂棒棒糖儿童零食休闲小吃,20.90,湖北 武汉,2万+人付款
谷福优旗舰店,孕妇黑芝麻饼无糖精零食饼干片高钙薄脆儿童营养食品小吃孕期解馋,39.90,山东 济南,5000+人付款
泽小惜食品旗舰店,小糯米酥锅巴手工网红休闲零食小包装散袋装小吃安徽特产整箱5斤,23.90,安徽 马鞍山,1万+人付款
aji果子町专卖店,aji苏打饼干酵母减盐咸味孕妇梳打养无低糖治脂胃酸小零食整箱2kg,26.80,广东 东莞,8000+人付款
天猫超市,奥利奥元气满满小红盒网红礼盒饼干超值送礼美味零食858g多口味,59.90,上海,1万+人付款
兵王的炊事班旗舰店,0脂肪魔芋蛋糕减低脂低0无糖精卡热量零食代餐饱腹食品早餐小面包,49.90,山东 潍坊,4000+人付款
