评论内容,评论时间,评论人等级,评论类型,评论内容-新,情感分值
老师傅们思想不守旧，愿意革新与新事物结合，这是难得可贵的。我们应该多多支持老师傅!期待下一期的到来!,2021-02-16 12:13:36,5,评论,老师傅们思想不守旧，愿意革新与新事物结合，这是难得可贵的。我们应该多支持老师傅!期待下一期的到来!,0.9872
是的，当时还担心老师会因为不喜欢这些而拒绝，但老师都接受下来并且很认真的用很多过去都没有用过的手法去表现，真的很感谢！,2021-02-16 12:57:33,6,回复,是的，当时还担心老师会因为不喜欢这些而拒绝，但老师都接受下来并且很认真的用很多过去都没有用过的手法去表现，真的很感谢！,0.9947
回复 @昙露拾珠Channel :灵梦……阿不，昙露加油吖[doge],2021-02-16 13:43:45,5,回复,回复 @昙露拾珠Chanel :灵梦…阿不，昙露加油吖,0.9394
[星星眼],2021-02-16 15:02:27,5,回复,,0.5678
支持,2021-02-16 12:02:12,6,评论,支持,0.9827
你都来了,2021-02-16 12:47:39,4,回复,你都来了,0.4864
谢谢支持~~[tv_微笑][tv_微笑][tv_微笑],2021-02-16 12:59:52,6,回复,谢支持~,0.9852
捞起来了[泠鸢yousa_干杯][泠鸢yousa_干杯],2021-02-16 15:01:03,5,回复,捞起来了,0.4736
我觉得下次的剧本可以像前辈说的那样，搞像水浒那样的白话文，不必刻意追求古文，不然我看着有点尴尬，收到的效果也不会太好,2021-02-16 12:15:06,6,评论,我觉得下次的剧本可以像前辈说的那样，搞像水浒那样的白话文，不必刻意追求古文，不然我看着有点尴尬，收到的效果也不会太好,0.6595
嗯，已经从很文的一些古文，向着方言和白话转变了,2021-02-16 12:58:10,6,回复,嗯，已经从很文的一些古文，向着方言和白话转变了,0.3698
回复 @昙露拾珠Channel :建议上gzz剧情,2021-02-16 13:02:25,5,回复,回复 @昙露拾珠Chanel :建议上gz剧情,0.8544
回复 @昙露拾珠Channel :比方说最开始看风神录那个的时候，我就奇怪唱戏的老师是怎么一本正经的念出来这样的台词，要是是我的话早笑场了,2021-02-17 13:13:44,4,回复,回复 @昙露拾珠Chanel :比方说最开始看风神录那个的时候，我就奇怪唱戏的老师是怎么一本正经的念出来这样的台词，要是我的话早笑场了,0.6167
当时问这些问题的时候，其实想要的答案并不是这样的，但老师回答出来的答案既出乎意料，又符合老师们真实的想法，思前想后，认为很多问题真的是不仅仅对于老腔和皮影戏，更多的是关于传统文化与年轻人之间的问题，我也想了很久....,2021-02-16 13:03:20,6,评论,当时问这些问题的时候，其实想要的答案并不是这样的，但老师回答出来的答案既出乎意料，又符合老师们真实的想法，思前想后，认为很多问题真的是不仅对于老腔和皮影戏，更多的是关于传统文化与年轻人之间的问题，我也想了很久.,0.9706
所以……原本想要的是什么呢[吃瓜],2021-02-16 13:05:31,5,回复,所以…原本想要的是什么呢,0.2522
回复 @奥布泽尔 :想做搞笑的hhhh,2021-02-16 13:14:40,6,回复,回复 @奥布泽尔 :想做搞笑的h,0.2854
老师傅说的很现实啊。。。。所以根本笑不出来。。。,2021-02-16 13:46:39,6,回复,老师傅说的很现实啊。所以根本笑不出来。,0.2147
我三年级的时候研学旅行就见了这位老师傅，如果我没记错的话临渭区现在还有展子陈列着他家三兄弟的作品（我官底人不知道有没有老乡www）大概四年前老先生还登上了春晚，其实挺让人惊喜的，就平常总是见面老爷爷一下子就上了电视，自己脸上“也是争光了”没来得及看华灯宴，刚刚才看完皮影。很难不承认这是一个很有新意的创作形式，能将pop culture溶于陕西纸片人之中。看上去很多朋友也都支持“多整点活”“发扬现代化改良传统艺术什么的”但其实我个人觉得，如果继续的话，这条路子可能并不会一帆风顺（较开始而言）刚刚我将这几次皮影节目拿去给我爷爷辈的老人看（他们平常会看秦腔，皮影啥的），大多数人的反应也仅仅是一笑而过或发出是像张师傅那样的感慨“看不惯”（没关系，这是年轻人看的，老一辈人看不了很正常）但有多少人是被这种新奇的表演方式和东方元素吸引过来的，又有多少人是被其中真正的古典内涵吸引的？（事实上，这是一个好作品，却未必是一个好的东方二创）新旧结合固然是好的，但也要意识到横空出世的创新难以遏制住文化衰微的大流。正如文化兴起一般，文化消亡的过程也是缓慢不可逆的。与新潮文化适当结合可以“续命”，但是千万要把控得当，不要染上世俗化的气息。…所以说我说了啥…我只是表示对家乡这种古老文化的多舛命运表示同情与悲哀而已（悲）,2021-02-16 17:36:06,3,评论,我三年级的时候研学旅行就见了这位老师傅，如果我没记错的话临渭区现在还有展子陈列着他家三兄弟的作品（我官底人不知道有没有老乡w）大概四年前老先生还登上了春晚，其实挺让人惊喜的，就平常总是见面老爷一下子就上了电视，自己脸上“也是争光了”没来得及看华灯宴，刚才看完皮影。很难不承认这是一个很有新意的创作形式，能将pop culture溶于陕西纸片人之中。看上去很多朋友也都支持“多整点活”“发扬现代化改良传统艺术什么的”但其实我个人觉得，如果继续的话，这条路子可能并不会一帆风顺（较开始而言）刚我将这几次皮影节目拿去给我爷辈的老人看（他们平常会看秦腔，皮影啥的），大多数人的反应也仅是一笑而过或发出是像张师傅那样的感慨“看不惯”（没关系，这是年轻人看的，老一辈人看不了很正常）但有多少人是被这种新奇的表演方式和东方元素吸引过来的，又有多少人是被其中真正的古典内涵吸引的？（事实上，这是一个好作品，却未必是一个好的东方二创）新旧结合固然是好的，但也要意识到横空出世的创新难以遏制住文化衰微的大流。正如文化兴起一般，文化消亡的过程也是缓慢不可逆的。与新潮文化适当结合可以“续命”，但是千万要把控得当，不要染上世俗化的气息。…所以说我说了啥…我只是表示对家乡这种古老文化的多舛命运表示同情与悲哀而已（悲）,0.0067
世俗化没什么吧，水浒三国在当时不也是不入流的俗世读物，之后却成为经典，堂吉诃德亦然，老腔皮影戏披着东方皮，其实换汤不换药，没必要如此悲观,2021-02-18 00:53:12,5,回复,世俗化没什么吧，水浒三国在当时不也是不入流的俗世读物，之后却成为经典，堂吉诃德亦然，老腔皮影戏披着东方皮，其实换汤不换药，没必要如此悲观,0.095
回复 @征岚的业魔丶岚月六郎 :并不是说东方皮影流于世俗啦，而是说类似于这种的创新也难以拯救皮影,2021-02-18 15:05:38,3,回复,回复 @征岚的业魔丶岚月六郎 :并不是说东方皮影流于世俗啦，而是说类似于这种的创新也难以拯救皮影,0.4729
没事，以后在幻想乡说不定能看到老腔了（,2021-02-22 17:38:27,6,回复,没事，以后在幻想乡说不定能看到老腔了（,0.5269
如果有下回，建议做gzz，因为中国元素浓厚，剧情深度也足够,2021-02-16 12:03:07,5,评论,如果有下回，建议做gz，因为中国元素浓厚，剧情深度也足够,0.994
而且中国元素一定要浓(毕竟是中国的非遗),2021-02-16 12:05:13,6,回复,而且中国元素一定要浓(毕竟是中国的非遗),0.6857
老人们乐演《封神》，感觉鬼形兽也不错，神啊兽啊啥的（,2021-02-16 15:00:28,5,回复,老人们乐演《封神》，感觉鬼形兽也不错，神啊兽啊啥的（,0.9669
回复 @西行寺悠悠子 :植伦智械一类的东西，理解起来有点难度吧，毕竟现代性很强,2021-02-17 22:03:46,5,回复,回复 @西行寺悠子 :植伦智械一类的东西，理解起来有点难度吧，毕竟现代性很强,0.6414
“问渠哪得清如许，为有源头活水来。”张老师是个实在的人，个人感觉也很亲切可 爱啊！是啊，诚如老师所言，老艺术如何焕发新生机，这是文化人永远的课题、担当与使命！东方与皮影的交相映汇，应该是一次大胆的尝试，大胆的革新！我，谨慎看好她的未来发展！当东方与皮影交织，传统艺术的精髓由此得到不断向前延伸的机会，焕发出新的生机，书写出新的开始、新的篇章！不要停下来啊！再次顶起！！！！,2021-02-16 12:30:10,6,评论,“问渠哪得清如许，为有源头活水来。”张老师是个实在的人，个人感觉也很亲切可 爱啊！是啊，诚如老师所言，老艺术如何焕发新生机，这是文化人永远的课题、担当与使命！东方与皮影的交相映汇，应该是一次大胆的尝试，大胆的革新！我，谨慎看好她的未来发展！当东方与皮影交织，传统艺术的精髓由此得到不断向前延伸的机会，焕发出新的生机，书写出新的开始、新的篇章！不要停下来啊！再次顶起！,0.9952
老师很亲切，对于剧本其中一些问题都在虚心学习和认真思考，真的很用心！,2021-02-16 12:58:57,6,回复,老师很亲切，对于剧本其中一些问题都在虚心学习和认真思考，真的很用心！,0.9954
"老师傅们口中的年轻人, 也已经是老人了, 悲",2021-02-16 12:30:47,5,评论,"老师傅们口中的年轻人, 也已经是老人了, 悲",0.291
还有我们呢,2021-02-16 12:41:54,5,回复,还有我们呢,0.8007
发明皮影戏的古人如果生活在现代，那一定会成为当代动画工作者之一，并且热爱这份工作。皮影戏的表现技术是有时代局限性的，但又是人类想象力表现方式的发展历程之一，是应当有人传承或者宣传的。,2021-02-16 12:27:18,6,评论,发明皮影戏的古人如果生活在现代，那一定会成为当代动画工作者之一，并且热爱这份工作。皮影戏的表现技术是有时代局限性的，但又是人类想象力表现方式的发展历程之一，是应当有人传承或者宣传的。,0.9333
皮影戏和动画存在原理上的不同，一个借住光和影，另外一个是逐格拍摄，但是动画的确有受到皮影戏影响就是了，但更多是美术上的。动画可以传承，应该说是运用皮影戏的一些东西（主要还是音乐和美术吧），但动画不是皮影戏的未来。抱歉啊，看到前半句就说这些，有些断章取义了，不过都是真心希望皮影能在新时代有着更好的发展[支持],2021-02-16 12:43:48,5,回复,皮影戏和动画存在原理上的不同，一个借住光和影，另外一个是逐格拍摄，但是动画的确有受到皮影戏影响就是了，但更多是美术上的。动画可以传承，应该说是运用皮影戏的一些东西（主要还是音乐和美术吧），但动画不是皮影戏的未来。抱歉啊，看到前半句就说这些，有些断章取义了，不过都是真心希望皮影能在新时代有着更好的发展,0.8282
其实下次可以做不是车万的，会有更多人看，也对up的发展有好处，只要别把最开始的开心（东方project）忘记就可以。顺便我是很喜欢这个唱腔，就很有味道，虽然不传统，但是很感激有点中国风味的东方二次创作视频。,2021-02-16 13:25:16,6,评论,其实下次可以做不是车万的，会有更多人看，也对up的发展有好处，只要别把最开始的开心（东方project）忘记就可以。顺便我是很喜欢这个唱腔，就很有味道，虽然不传统，但是很感激有点中国风味的东方二次创作视频。,0.9885
那做什么的呢？东方游戏特点和皮影戏表现形式已经算比较相似的了，别的改编恐怕更困难,2021-02-18 18:32:20,6,回复,那做什么的呢？东方游戏特点和皮影戏表现形式已经算比较相似的了，别的改编恐怕更困难,0.0531
[吃瓜]讲真，东方会因为“越共”这个属性，看的人反而比较多。除此之外我个人还能想到的有，将galgame做成皮影，还有反犬TDog的讽刺向视频，四迹的短动画之类？总觉得皮影会像产品摄影一样被电脑制作的相同效果代替掉。。。嘶？,2021-02-26 15:59:29,5,回复,讲真，东方会因为“越共”这个属性，看的人反而比较多。除此之外我个人还能想到的有，将galgame做成皮影，还有反犬TDog的讽刺向视频，四迹的短动画之类？总觉得皮影会像产品摄影一样被电脑制作的相同效果代替掉。嘶？,0.0163
回复 @不拘一嗝降人才 :淦，想象到皮影戏复原忍者杀手(＠_＠;),2021-02-21 12:23:04,5,回复,回复 @不拘一嗝降人才 :淦，想象到皮影戏复原忍者杀手(＠_＠;),0.6252
被时代主流忽视的东西是需要相互扶持的,2021-02-16 12:50:08,6,评论,被时代主流忽视的东西是需要相互扶持的,0.1604
头像艹,2021-02-16 15:02:02,5,回复,头像艹,0.0074
哇橙龙,2021-02-17 00:18:19,5,回复,哇橙龙,0.7849
我这边还有亲戚看到我在看这个的时候说是四旧的......任重道远啊,2021-02-16 14:02:47,5,评论,我这边还有亲戚看到我在看这个的时候说是四旧的.任重道远啊,0.554
没想到现在还可以看到“四旧”这个词......,2021-02-16 16:46:55,5,回复,没想到现在还可以看到“四旧”这个词.,0.3825
都21年了还能看见“四旧”这个词啊…………心情各种意义上的复杂눈_눈,2021-06-15 03:16:34,6,回复,都21年了还能看见“四旧”这个词啊…心情各种意义上的复杂눈_눈,0.2555
评论里说尽量多白话是一方面，但个人觉得不能因为是白话了就恣意妄为，有些梗或者专有名词可以考虑用另一种描述方式来表达出来,2021-02-16 14:44:43,6,评论,评论里说尽量多白话是一方面，但个人觉得不能因为是白话了就恣意妄为，有些梗或者专有名词可以考虑用另一种描述方式来表达出来,0.3879
恣意妄为加个双引号，没那么严重倒是[笑哭],2021-02-16 14:48:47,6,回复,恣意妄为加个双引号，没那么严重倒是,0.1193
确实，这样是很缺失文化敬畏心的行为（,2021-02-16 22:43:29,5,回复,确实，这样是很缺失文化敬畏心的行为（,0.2525
传统文化的宝藏可不能丢了，要让它在现代社会得到发扬[洛天依_可以][洛天依_可以][洛天依_可以],2021-02-16 13:13:34,6,评论,传统文化的宝藏可不能丢了，要让它在现代社会得到发扬,0.6076
是的！,2021-02-16 13:15:17,6,回复,是的！,0.5614
有没有这个老先生唱的正宗老腔皮影戏呢？现在已经把人吸引过来了，想对真正的皮影戏有一个概念，不然我们也不知道他说的正宗老腔是什么样子。,2021-02-16 15:17:40,6,评论,有没有这个老先生唱的正宗老腔皮影戏呢？现在已经把人吸引过来了，想对真正的皮影戏有一个概念，不然我们也不知道他说的正宗老腔是什么样子。,0.481
找了一圈没找到皮影戏，但看到了他唱歌。在b站搜张喜民就有,2021-02-16 20:56:56,6,回复,找了一圈没找到皮影戏，但看到了他唱歌。在b站搜张喜民就有,0.631
非常理解老腔的现状，因为现在东方基本上也是这个处境。不如说传统事物都是这个处境（觉得如果把东方和老腔的历史，现状讲给爷爷听的话，即使可能没有多大帮助，也算是一种慰藉（举杯邀明月，对影成三人的顾影自怜）最后，希望二者以至中国的日本的传统文化都能延祚千年吧ww,2021-02-16 22:41:23,5,评论,非常理解老腔的现状，因为现在东方基本上也是这个处境。不如说传统事物都是这个处境（觉得如果把东方和老腔的历史，现状讲给爷听的话，即使可能没有多大帮助，也算是一种慰藉（举杯邀明月，对影成三人的顾影自怜）最后，希望二者以至中国的日本的传统文化都能延祚千年吧w,0.3839
创新但是还是先要保留本质，被开除二籍的东方反而在我看来是二次元浓度最高的圈子了，老的东西还是不能扔，但是新的也要有二者达成平衡才是王道,2021-02-23 05:09:05,6,回复,创新但是还是先要保留本质，被开除二籍的东方反而在我看来是二次元浓度最高的圈子了，老的东西还是不能扔，但是新的也要有二者达成平衡才是王道,0.2847
华阴人来了！看完视频真的感触良多，我们当地的年轻人其实对这些传统的东西了解也不多了，只有那些长辈偶尔会看看，这些非遗的传承真的刻不容缓，势在必行了[微笑],2021-02-16 13:44:13,5,评论,华阴人来了！看完视频真的感触良多，我们当地的年轻人其实对这些传统的东西了解也不多了，只有那些长辈偶尔会看，这些非遗的传承真的刻不容缓，势在必行了,0.9877
老师傅有这些想法我们观众不能让老师傅失望才是[2233娘_大笑],2021-02-16 12:04:59,5,评论,老师傅有这些想法我们观众不能让老师傅失望才是,0.0417
虽然三国演义，隋唐演义，封神演义也有人喜欢看的说，不过能够创新，有更多人知道，了解，在未来可以走上更大的舞台，这也不失为一种传承文化好方法。一个文化，我个人认为最重要的是活着。,2021-02-16 12:30:16,5,评论,虽然三国演义，隋唐演义，封神演义也有人喜欢看的说，不过能够创新，有更多人知道，了解，在未来可以走上更大的舞台，这也不失为一种传承文化好方法。一个文化，我个人认为最重要的是活着。,0.9784
《真·三国无双》《全面战争：三国》,2021-02-16 13:05:21,5,回复,《真·三国无双》《全面战争：三国》,0.624
回复 @智障椅士8号 :重点是隋唐演义和封神演义啊[笑哭]，三国毕竟在国外都有热度，但是后面这两个就鲜有名气。虽然几部作品文学性的确有差距，但是二创的话只要有设定就行了吧（,2021-02-16 13:25:01,5,回复,回复 @智障椅士8号 :重点是隋唐演义和封神演义啊，三国毕竟在国外都有热度，但是后面这两个就鲜有名气。虽然几部作品文学性的确有差距，但是二创的话只要有设定就行了吧（,0.013
回复 @智障椅士8号 :全站三国你怕不是想累死老师傅们[doge][doge][doge],2021-02-17 21:21:23,5,回复,回复 @智障椅士8号 :全站三国你怕不是想累死老师傅们,0.0201
非常的现实，希望所有传统艺术都能有好的出路😢,2021-02-16 12:13:42,6,评论,非常的现实，希望所有传统艺术都能有好的出路😢,0.9164
皮影戏也曾经是年轻人的潮流，后来积淀为经典。实际上对于真正的文化大师和高明的传承人而言，都是很自觉的在考虑与时俱进的问题，想不到这一层，本身就是对不起自己所传承的东西的。老先生很开明，也本来就应当很开明。,2021-02-17 07:30:27,6,评论,皮影戏也曾经是年轻人的潮流，后来积淀为经典。实际上对于真正的文化大师和高明的传承人而言，都是很自觉的在考虑与时俱进的问题，想不到这一层，本身就是对不起自己所传承的东西的。老先生很开明，也本来就应当很开明。,0.9272
个人还是希望生草的东西少些，更正经的内容多一些,2021-02-16 14:57:54,5,评论,个人还是希望生草的东西少些，更正经的内容多一些,0.3401
民间艺术就是让大家享受的，我觉得都可以融合融合，当然，大家口味各不相同，只是我的一点见解,2021-02-17 00:09:24,6,回复,民间艺术就是让大家享受的，我觉得都可以融合，当然，大家口味各不相同，只是我的一点见解,0.8482
很多民间艺术其实未必就很正经，但也因此流进了大众心里，现在春晚不好看有一些原因与这个问题有关,2021-02-17 21:19:53,5,回复,很多民间艺术其实未必就很正经，但也因此流进了大众心里，现在春晚不好看有一些原因与这个问题有关,0.2002
太严谨了就刻板了，生草才是喜闻乐见的，君不见沦为形式的春晚,2021-07-24 14:59:55,6,回复,太严谨了就刻板了，生草才是喜闻乐见的，君不见沦为形式的春晚,0.1814
好专业的感觉啊，灯光正好打在皮影戏的工具台上，正是此次采访的主题。老艺术家的回答非常漂亮，这正是此次皮影戏与现代文化结合的产生的最好结果！[tv_点赞],2021-02-17 00:24:23,6,评论,好专业的感觉啊，灯光正好打在皮影戏的工具台上，正是此次采访的主题。老艺术家的回答非常漂亮，这正是此次皮影戏与现代文化结合的产生的最好结果！,0.9906
“皮影戏”当然从小便听说过，然而自己却从未想过去看，所以上次的风神录皮影戏实际是本人第一次真正接触皮影。而正是老腔与文言文使此类视频有了独特之处，若艺术家们为年轻人考虑将其弱化，反而使皮影失去了这一特色。故我个人更倾向于原汁原味。不论如何，感谢各位老艺术家们为我们带来精彩节目，期待下一个。,2021-02-16 18:18:01,5,评论,“皮影戏”当然从小便听说过，然而自己却从未想过去看，所以上次的风神录皮影戏实际是本人第一次真正接触皮影。而正是老腔与文言文使此类视频有了独特之处，若艺术家们为年轻人考虑将其弱化，反而使皮影失去了这一特色。故我个人更倾向于原汁原味。不论如何，感谢各位老艺术家们为我们带来精彩节目，期待下一个。,0.9763
这个太强了，真的,2021-02-16 15:44:31,6,评论,这个太强了，真的,0.5136
[热词系列_大师球],2021-02-16 16:01:50,4,回复,,0.5678
[笑哭]其实没事了，我一个年轻人也挺喜欢文言文句式的啦,2021-02-16 12:22:27,5,评论,其实没事了，我一个年轻人也挺喜欢文言文句式的啦,0.9443
皮影戏真的很有趣，硬要说的话，皮影是一种原始的动画展现手法，通过器具来展现出无法用实际的动作与肢体表演来展现的天马行空的故事，自古以来，中华民族对于幻想，对于梦，对于神话的追索都是永无止境的。用传统的皮影戏来展现新的文化内容，何不是一种创新的尝试，感谢这些老先生们用皮影表现出了如此生动的剧情，这正是皮影戏的生命力蓬勃发展的最有力的展现。,2021-02-17 19:34:56,6,评论,皮影戏真的很有趣，硬要说的话，皮影是一种原始的动画展现手法，通过器具来展现出无法用实际的动作与肢体表演来展现的天马行空的故事，自古以来，中华民族对于幻想，对于梦，对于神话的追索都是永无止境的。用传统的皮影戏来展现新的文化内容，何不是一种创新的尝试，感谢这些老先生们用皮影表现出了如此生动的剧情，这正是皮影戏的生命力蓬勃发展的最有力的展现。,0.9966
考虑到受众层面，老艺术要在当下的文化群体中挣到口饭吃实属不易致敬,2021-02-16 14:13:30,6,评论,考虑到受众层面，老艺术要在当下的文化群体中挣到口饭吃实属不易致敬,0.9703
很难不支持,2021-02-16 12:51:14,6,评论,很难不支持,0.0655
有句话叫新瓶装旧酒。瓶是形式，酒是内容。就我个人理解而言，皮影戏是形式（如皮影，灯光，皮人）和内容（皮影戏要演的故事）的合一。如果要说振兴皮影戏的话，皮影戏的故事应该革新，可以拿皮影戏的形式讲新的故事，也可以把以前的故事改成现在的人喜欢的样子，针对现在的潮流的话，我觉得老师傅们可以先做一些浅度的简单的戏曲，我觉得演一出范进中举或者改编一些鲁迅的知名小说会更有意思。另外，皮影戏的舞台也可以设置一番，，像PS那样加上图层背景之类的，比如演范进中举可以画一个让范进摔倒的水坑，演闰土刺猹的话可以铺一个画着西瓜地的图层。艺术是要与时俱进的，也更应该像汪曾祺老爷子说的那样应该争取有思想的年轻一代（详见汪曾祺的同名散文）。,2021-02-18 23:42:03,5,评论,有句话叫新瓶装旧酒。瓶是形式，酒是内容。就我个人理解而言，皮影戏是形式（如皮影，灯光，皮人）和内容（皮影戏要演的故事）的合一。如果要说振兴皮影戏的话，皮影戏的故事应该革新，可以拿皮影戏的形式讲新的故事，也可以把以前的故事改成现在的人喜欢的样子，针对现在的潮流的话，我觉得老师傅们可以先做一些浅度的简单的戏曲，我觉得演一出范进中举或者改编一些鲁迅的知名小说会更有意思。另外，皮影戏的舞台也可以设置一番，像PS那样加上图层背景之类的，比如演范进中举可以画一个让范进摔倒的水坑，演闰土刺猹的话可以铺一个画着西瓜地的图层。艺术是要与时俱进的，也更应该像汪曾祺老爷子说的那样应该争取有思想的年轻一代（详见汪曾祺的同名散文）。,0.9921
以前对老戏真的没有任何兴趣，根本不想看，自从去年出了风神录，今年直奔皮影戏来，真是好看，让老腔这种形式迸发了新的生机。老腔作为一个传统的文化事务，和其他很多传统文化一样，逐渐失去了新的生机，掌握和传承的人、关注和喜欢的人都在逐渐流失（和多年前的相声一样），无论是多么高尚的文化瑰宝，曲高和寡总是路越走越窄。如何扩宽喜欢的人群，保留表现形式反而是迫在眉睫。说起来，当年相声也基本上是走到了死路，后面德云社起来之后，观众多起来，市场培养了起来，自然从业者的生活和生计也得到了解决，目前的市场也是越做越大，等到市场蛋糕做起来了，德云社再重新把传统剧目再演绎，如此既保证了生存又传承了传统文化，这是一个非常值得借鉴的经验。说到底，所谓文化产品，没有受众就没有前途，引用周恩来总理在人民艺术大会上说的，“人民群众喜闻乐见的”作品，才有生机，曲高和寡 的端着，还是“从人民里来到人民里去”，多贴近更广大的人民需求。,2021-02-19 21:08:22,6,评论,以前对老戏真的没有任何兴趣，根本不想看，自从去年出了风神录，今年直奔皮影戏来，真是好看，让老腔这种形式迸发了新的生机。老腔作为一个传统的文化事务，和其他很多传统文化一样，逐渐失去了新的生机，掌握和传承的人、关注和喜欢的人都在逐渐流失（和多年前的相声一样），无论是多么高尚的文化瑰宝，曲高和寡总是路越走越窄。如何扩宽喜欢的人群，保留表现形式反而是迫在眉睫。说起来，当年相声也基本上是走到了死路，后面德云社起来之后，观众多起来，市场培养了起来，自然从业者的生活和生计也得到了解决，目前的市场也是越做越大，等到市场蛋糕做起来了，德云社再重新把传统剧目再演绎，如此既保证了生存又传承了传统文化，这是一个非常值得借鉴的经验。说到底，所谓文化产品，没有受众就没有前途，引用周恩来总理在人民艺术大会上说的，“人民群众喜闻乐见的”作品，才有生机，曲高和寡 的端着，还是“从人民里来到人民里去”，多贴近更广大的人民需求。,0.9652
按照主次来讲，目前主要目的是保护和传承传统文化，次要的才是手段和方法。而主要目的中又分为传承和生存的问题。那么为了达到主要目的，采用不同的方法和手段都是可以商榷的，比如老段子不能吸引人，不如编些新段子，传承途径除了现场表演，联系当地的文化部门、宣传部门进行网络投放一次的潜在受众比单纯限制在剧场里的人可多太多了；,2021-02-19 21:16:42,6,回复,按照主次来讲，目前主要目的是保护和传承传统文化，次要的才是手段和方法。而主要目的中又分为传承和生存的问题。那么为了达到主要目的，采用不同的方法和手段都是可以商榷的，比如老段子不能吸引人，不如编些新段子，传承途径除了现场表演，联系当地的文化部门、宣传部门进行网络投放一次的潜在受众比单纯限制在剧场里的人可多太多了；,0.126
回复 @goiken :说得好！,2021-02-19 23:30:12,6,回复,回复 @goiken :说得好！,0.6076
这些老文化的传承一直是个大问题，其中一个原因就是老一辈比较抵触在这上面做创新，会认为丢了传统的“魂”，没那味儿了，但年轻人恰恰对创新的方面兴趣更浓厚，这就产生了一个矛盾，这几位师傅思想不迂腐，愿意创新以图发展，是很难能可贵的，向各位师傅们致敬！,2021-02-17 18:34:37,6,评论,这些老文化的传承一直是个大问题，其中一个原因就是老一辈比较抵触在这上面做创新，会认为丢了传统的“魂”，没那味儿了，但年轻人恰对创新的方面兴趣更浓厚，这就产生了一个矛盾，这几位师傅思想不迂腐，愿意创新以图发展，是很难能可贵的，向各位师傅们致敬！,0.956
其实主要是有没有新意的原因吧，什么封神榜啥的，你偶尔看一次还行，看多了再好也会无聊。。。东方X皮影戏，一看，哇新鲜，也不错，自然看的人就多了[笑哭],2021-02-17 11:00:29,6,评论,其实主要是有没有新意的原因吧，什么封神榜啥的，你偶尔看一次还行，看多了再好也会无聊。东方X皮影戏，一看，哇新鲜，也不错，自然看的人就多了,0.7226
唉，很多非遗不再让人传承下去不就是让棒子国剽窃了吗？或消失了吗？但老师说的也很现实，现在人都为了生活，不可能去学习非遗，导致出现了传统文化失传不过各位老师真的辛苦了，制作一个好作品很花时间了，看见老师傅们居然接受了新文化与皮影的结合，也感觉很惊讶不过确实应该像老师傅说的文言文少一点[笑哭],2021-02-17 10:38:30,5,评论,唉，很多非遗不再让人传承下去不就是让棒子国剽窃了吗？或消失了吗？但老师说的也很现实，现在人都为了生活，不可能去学习非遗，导致出现了传统文化失传不过各位老师真的辛苦了，制作一个好作品很花时间了，看见老师傅们居然接受了新文化与皮影的结合，也感觉很惊讶不过确实应该像老师傅说的文言文少一点,0.9768
更多的是自己不去创新传承，就像京剧一样，顶着国粹的名头，不思进取，不想着搞新花样还想着分流派，比谁更正宗。更多的传统文化是我们自己都不会去接触而消失的东西，说到底，没人欣赏继承的东西自然就衰落了，如果有人继承，哪怕韩国文化强十倍也剽窃不了,2021-07-24 15:04:40,6,回复,更多的是自己不去创新传承，就像京剧一样，顶着国粹的名头，不思进取，不想着搞新花样还想着分流派，比谁更正宗。更多的传统文化是我们自己都不会去接触而消失的东西，说到底，没人欣赏继承的东西自然就衰落了，如果有人继承，哪怕韩国文化强十倍也剽窃不了,0.0036
内容生艹，幕后心酸。。。两样东西又何其的相似呢,2021-02-16 14:05:58,6,评论,内容生艹，幕后心酸。两样东西又何其的相似呢,0.0092
这两样都是纯粹的热爱，可惜流量和资本才是支配者,2021-02-16 17:42:21,5,回复,这两样都是纯粹的热爱，可惜流量和资本才是支配者,0.6531
不守旧的老匠人最值得尊敬了,2021-02-16 12:14:58,5,评论,不守旧的老匠人最值得尊敬了,0.7853
《中国新东方》,2021-02-16 12:06:00,6,评论,《中国新东方》,0.6626
其实也不一定要生草，或者说搞严肃一点的剧情也没问题，比如花映冢这种（,2021-02-16 21:35:52,6,评论,其实也不一定要生草，或者说搞严肃一点的剧情也没问题，比如花映冢这种（,0.0767
支持。,2022-01-20 10:27:30,4,回复,支持。,0.9511
说起来老先生们觉得哪种剧情比较适合改编呢。。大家都提绀珠传，但是绀珠传背景对老先生们来说很难理解的样子，仅仅是中国元素多还不够吧……我个人倒是感觉妖妖梦和绯想天好些……没有什么太宏大的背景故事，剧情也方便理解，还可以发挥老艺术的特点细致刻画一下人物情感什么的……总之在让老师傅们来迎合新事物的同时还要注意怎么让年轻人更好理解到这种艺术形式的魅力吧，毕竟根本目的是传承非遗嘛……以上个人理解，有误请批评,2021-02-18 12:32:51,0,评论,说起来老先生们觉得哪种剧情比较适合改编呢。大家都提绀珠传，但是绀珠传背景对老先生们来说很难理解的样子，仅是中国元素多还不够吧…我个人倒是感觉妖梦和绯想天好些…没有什么太宏大的背景故事，剧情也方便理解，还可以发挥老艺术的特点细致刻画一下人物情感什么的…总之在让老师傅们来迎合新事物的同时还要注意怎么让年轻人更好理解到这种艺术形式的魅力吧，毕竟根本目的是传承非遗嘛…以上个人理解，有误请批评,0.0959
尤其是天子那个“神器”特别适合这种形式2333,2021-02-18 12:35:06,0,回复,尤其是天子那个“神器”特别适合这种形式23,0.7864
有褒有贬，明白很多，太赞了[tv_点赞],2021-02-16 15:26:57,5,评论,有褒有贬，明白很多，太赞了,0.9749
好耶！居然有访谈,2021-02-16 12:00:46,6,评论,好耶！居然有访谈,0.895
老一辈艺术家不容易啊，他们能做到这个程度已经是非常棒了，本来像车万这些都是年轻人喜欢整，这么大岁数的老师傅要一下子接受本身就是很难的事情，只能说希望中华民族的传统文化能够不被就此淹没，继续发光发热(反正视频里面老师傅说的那个老唱腔我非常喜欢听[doge],2021-02-16 21:38:21,5,评论,老一辈艺术家不容易啊，他们能做到这个程度已经是非常棒了，本来像车万这些都是年轻人喜欢整，这么大岁数的老师傅要一下子接受本身就是很难的事情，只能说希望中华民族的传统文化能够不被就此淹没，继续发光发热(反正视频里面老师傅说的那个老唱腔我非常喜欢听,0.9974
老师傅思想觉悟很高，我十分敬佩,2021-02-17 00:00:46,5,评论,老师傅思想觉悟很高，我十分敬佩,0.9918
[洛天依·夜航星_起飞]其实现在东方就有点像皮影，要做大做强就得不能固守老的一亩三分地，得不断的寻求和融合新的才能继续长存。,2021-02-18 15:46:49,6,评论,其实现在东方就有点像皮影，要做大做强就得不能固守老的一亩三分地，得不断的寻求和融合新的才能继续长存。,0.6439
有没有考虑过把老人家变成东方厨？（迷乱胡话,2021-02-16 23:40:33,5,评论,有没有考虑过把老人家变成东方厨？（迷乱胡话,0.0189
好！,2021-02-16 12:12:44,6,评论,好！,0.8846
有褒有贬，很好[嗑瓜子],2021-02-16 12:09:46,5,评论,有褒有贬，很好,0.9764
不守旧这是好的,2021-02-16 12:06:41,5,评论,不守旧这是好的,0.204
快速与现代文化融合的确是老艺术形式在现代文化冲击中自保的最优解了，吸引年轻人才能得到新的血液，这门艺术才能流传下来。Darklight博士：为什么你们不再让人感到快乐，而散发出这样的哀伤？SCP-CN-033-1：我们在尽力向你们奉献快乐的演出。SCP-CN-033-2：但我们自身无法掩饰这样一种哀伤。SCP-CN-033-3：我们的至亲正在消失SCP-CN-033-4：我们的血脉正在消散SCP-CN-033-5：我们正在死去Darklight博士：为什么在孩子面前你们不会再悲伤？SCP-CN-033-1：我们更喜欢孩子SCP-CN-033-2：孩子不应该悲伤SCP-CN-033-3：童年应该更快乐SCP-CN-033-4：我们原本就是为了孩子而制造的SCP-CN-033-5：孩子是希望          ——来自SCP基金会异常项目CN-033【悲喜皮影】-02号附录的问话,2021-02-18 16:28:19,5,评论,快速与现代文化融合的确是老艺术形式在现代文化冲击中自保的最优解了，吸引年轻人才能得到新的血液，这门艺术才能流传下来。Darklight博士：为什么你们不再让人感到快乐，而散发出这样的哀伤？SCP-CN-03-1：我们在尽力向你们奉献快乐的演出。SCP-CN-03-2：但我们自身无法掩饰这样一种哀伤。SCP-CN-03-3：我们的至亲正在消失SCP-CN-03-4：我们的血脉正在消散SCP-CN-03-5：我们正在死去Darklight博士：为什么在孩子面前你们不会再悲伤？SCP-CN-03-1：我们更喜欢孩子SCP-CN-03-2：孩子不应该悲伤SCP-CN-03-3：童年应该更快乐SCP-CN-03-4：我们原本就是为了孩子而制造的SCP-CN-03-5：孩子是希望 —来自SCP基金会异常项目CN-03【悲喜皮影】-02号附录的问话,0.6601
呜呜呜但凡家里有点钱学艺术，我也不至于学化工这个↓↑专业,2021-02-17 19:33:58,5,评论,呜但凡家里有点钱学艺术，我也不至于学化工这个↓↑专业,0.3765
作为一个在校学生想说一下自己的想法这种创新模式表演主要作用是应该扩大受众面，以此吸引更多年轻人来关注华阴老腔（其他非遗也一样），受众面足够大总会有人真正喜欢上这种文化，从中就更有可能有人传承。如果只是单纯的线下传播效率低更难以传承。我也是通过这次这个东方风神录的皮影戏才知道，原来华阴老腔是皮影戏的唱法，以前也知道华阴老腔，但是却仅限于知道是一种唱法不知其具体状况。年轻人感兴趣了，就会有人去了解，溯源，这样就在年轻人的心里种下一颗种子，也许哪次真正接触到了就成为了传承者,2021-02-16 19:07:10,5,评论,作为一个在校学生想说一下自己的想法这种创新模式表演主要作用是应该扩大受众面，以此吸引更多年轻人来关注华阴老腔（其他非遗也一样），受众面足够大总会有人真正喜欢上这种文化，从中就更有可能有人传承。如果只是单纯的线下传播效率低更难以传承。我也是通过这次这个东方风神录的皮影戏才知道，原来华阴老腔是皮影戏的唱法，以前也知道华阴老腔，但是却仅限于知道是一种唱法不知其具体状况。年轻人感兴趣了，就会有人去了解，溯源，这样就在年轻人的心里种下一颗种子，也许哪次真正接触到了就成为了传承者,0.7678
我的意见就是做纯白话文比较好，不然不仅东方众看着累，觉得好的话还没办法分享给周围人，因为他们肯定看不懂。[tv_笑哭],2021-02-16 14:16:31,6,评论,我的意见就是做纯白话文比较好，不然不仅东方众看着累，觉得好的话还没办法分享给周围人，因为他们肯定看不懂。,0.5045
但这就没有古韵味了，总觉得不适合皮影戏，还是半文言文半白话文可能更好[笑哭],2021-02-16 16:18:10,5,回复,但这就没有古韵味了，总觉得不适合皮影戏，还是半文言文半白话文可能更好,0.0569
讲道理，动画是会动的画，皮影看着就像会动的画看动漫要在透光的屏幕上看，皮影也要在透光的屏幕上看皮影的日语影絵芝居读音Kageeshibai拼音20划，动画片的拼音donghuapian也是20划所以皮影=最古动画,2021-02-21 18:36:51,5,评论,讲道理，动画是会动的画，皮影看着就像会动的画看动漫要在透光的屏幕上看，皮影也要在透光的屏幕上看皮影的日语影絵芝居读音Kageshibai拼音20划，动画片的拼音donghuapian也是20划所以皮影=最古动画,0.9638
但是就是因为这一点，比起动画能出现的各种爆炸特效和演出形式，皮影戏真的是毫无优势可言，加上演出内容又是现代社会发展中不好接受的，现在的皮影戏几乎无路可走了,2021-02-21 18:42:27,5,回复,但是就是因为这一点，比起动画能出现的各种爆炸特效和演出形式，皮影戏真的是毫无优势可言，加上演出内容又是现代社会发展中不好接受的，现在的皮影戏几乎无路可走了,0.0692
大概是因为社会和艺术观念的发展速度超前文化发展太多了吧。我们现在是应该停下来等一等文化呢，还是狠下心来甩开文化呢？反正对我来说就是千言万语汇成一句话：,2021-02-21 18:47:04,5,回复,大概是因为社会和艺术观念的发展速度超前文化发展太多了吧。我们现在是应该停下来等一等文化呢，还是狠下心来甩开文化呢？反正对我来说就是千言万语汇成一句话：,0.9436
比起现在的动漫那种特效，咱们肯定是做不出来的，但是我们可以用那种更炫酷的来整，比如首先幕布他是透光的，所以我想到可不可以用 LED灯做弹幕手电筒做激光，签手这时候就只操作一个角色躲避（其实就是多了一些表演的感觉在里面）,2021-02-21 23:34:42,5,回复,比起现在的动漫那种特效，咱们肯定是做不出来的，但是我们可以用那种更炫酷的来整，比如首先幕布他是透光的，所以我想到可不可以用 LED灯做弹幕手电筒做激光，签手这时候就只操作一个角色躲避（其实就是多了一些表演的感觉在里面）,0.9816
老先生自己都觉得过于生草,2021-02-16 13:38:18,5,评论,老先生自己都觉得过于生草,0.0136
对了，我觉得也可以让老师傅们拍一拍她们熟悉的老作品，这样不仅仅是做给我们年轻人看，也可以放给我们的爷爷奶奶看，让他们老一辈也能乐呵一下，大家都能乐在其中，我觉得这才是戏曲存在的意义，相信大家都会一起支持的，也祝老师傅们在新的一年里身体健康，永远开心！[tv_点赞][福到了],2021-02-17 23:16:44,5,评论,对了，我觉得也可以让老师傅们拍一拍她们熟悉的老作品，这样不仅是做给我们年轻人看，也可以放给我们的爷奶看，让他们老一辈也能乐呵一下，大家都能乐在其中，我觉得这才是戏曲存在的意义，相信大家都会一起支持的，也祝老师傅们在新的一年里身体健康，永远开心！,0.9977
正解！,2022-01-20 10:28:57,4,回复,正解！,0.9158
生草部分还是接受不了。,2021-02-16 19:19:23,5,评论,生草部分还是接受不了。,0.1612
就是那种有点缺乏文化敬畏心的感觉大众审美和传统审美的冲突（之前看的一篇文章《假自我中心主义症状》写的挺深刻的这也是现在东方和传统文化面临的矛盾之一,2021-02-16 23:42:48,5,回复,就是那种有点缺乏文化敬畏心的感觉大众审美和传统审美的冲突（之前看的一篇文章《假自我中心主义症状》写的挺深刻的这也是现在东方和传统文化面临的矛盾之一,0.6442
好看！！喜欢！！,2021-02-16 15:26:02,5,评论,好看！喜欢！,0.9936
好希望这个视频和皮影戏能再上热门啊,2021-02-16 12:49:41,5,评论,好希望这个视频和皮影戏能再上热门啊,0.92
支持,2021-02-16 12:41:34,5,评论,支持,0.9827
老爷子笑得好开心啊[呲牙],2021-02-16 12:13:12,5,评论,老爷子笑得好开心啊,0.9915
欢迎收看，百家讲坛（大雾）,2021-02-17 10:22:37,6,评论,欢迎收看，百家讲坛（大雾）,0.9085
老艺术家们为了传承和创新真的操碎了心啊…,2021-02-17 00:51:34,5,评论,老艺术家们为了传承和创新真的操碎了心啊…,0.0482
老师傅声音鸿亮了，都快以为自己进了CCTV戏曲,2021-02-16 15:44:22,5,评论,老师傅声音鸿亮了，都快以为自己进了CTV戏曲,0.1828
很难不支持,2021-02-16 12:05:21,5,评论,很难不支持,0.0655
[热词系列_好耶],2021-02-16 12:03:44,5,评论,,0.5678
大家都是很厉害的人啊，原来之前谭维维合作的人就是这几位老先生。厉害，可敬。,2021-02-18 13:57:22,6,评论,大家都是很厉害的人啊，原来之前谭维合作的人就是这几位老先生。厉害，可敬。,0.927
我们那么多人还不抓紧保护非遗还在等什么？快关注啊...........http://www.ihchina.cn/quyizhou_video/p/6.html这个网站是非遗一次线上展演.......找找有没有你想了解的鸭........[热词系列_知识增加][热词系列_锤],2021-02-17 17:58:40,5,评论,我们那么多人还不抓紧保护非遗还在等什么？快关注啊,0.1361
虽然我不是很喜欢看这些，因为属实看着不是很起劲儿。。。但要支持非遗！而且老事物，看着充满了以前味道，很舒服，比现在某些事情看着舒服太多了,2021-02-17 10:51:35,5,评论,虽然我不是很喜欢看这些，因为属实看着不是很起劲儿。但要支持非遗！而且老事物，看着充满了以前味道，很舒服，比现在某些事情看着舒服太多了,0.9738
UP主可以发一点以前的东西，在这个短视频化的时代，只要质量硬核，发出反潮流的东西一定是一股清流,2021-02-16 17:51:11,5,评论,UP主可以发一点以前的东西，在这个短视频化的时代，只要质量硬核，发出反潮流的东西一定是一股清流,0.6945
新 东 方,2021-02-16 16:03:16,5,评论,新 东 方,0.8356
好耶,2021-02-16 15:39:03,6,评论,好耶,0.9699
致敬老艺术家,2021-02-16 13:55:25,6,评论,致敬老艺术家,0.9533
谢谢老先生。中华文化，经久不衰,2021-02-16 13:35:58,6,评论,谢老先生。中华文化，经久不衰,0.954
真好,2021-02-16 12:52:12,6,评论,真好,0.9908
特别严肃的一期，[热词系列_三连],2021-02-16 12:14:33,5,评论,特别严肃的一期，,0.7913
[花园Serena_？？？]好活，是没见过的内容,2021-02-16 12:04:27,5,评论,好活，是没见过的内容,0.1407
好耶[不问天_好耶][不问天_好耶][不问天_好耶],2021-02-16 12:01:49,5,评论,好耶,0.9699
小心，别让韩国人抢了,2021-02-16 14:51:56,4,评论,小心，别让韩国人抢了,0.0466
渭南市的车车人不请自来，看到自己家乡的非遗能和东方结合，就特别高兴[初音未来_nice][初音未来_nice][初音未来_nice],2021-02-20 12:55:47,6,评论,渭南市的车人不请自来，看到自己家乡的非遗能和东方结合，就特别高兴,0.9284
嘿嘿~渭南好地方~,2021-02-20 13:03:24,6,回复,嘿~渭南好地方~,0.9837
下次小姐姐也可以献声,2021-02-19 11:45:59,0,评论,下次小姐也可以献声,0.8685
hhhh我唱不了那个啦,2021-02-19 12:05:29,6,回复,h我唱不了那个啦,0.2327
回复 @昙露拾珠Channel :好吧,2021-02-19 13:03:11,0,回复,回复 @昙露拾珠Chanel :好吧,0.8847
还会有下一期吗[星星眼],2021-02-17 15:36:55,5,评论,还会有下一期吗,0.7204
感谢,2021-02-17 00:08:14,6,评论,感谢,0.9569
老师傅好认真啊,2021-02-16 14:50:49,5,评论,老师傅好认真啊,0.9602
很高兴能看到这个视频,2021-02-16 14:42:08,5,评论,很高兴能看到这个视频,0.9521
好耶,2021-02-16 14:26:48,6,评论,好耶,0.9699
好,2021-02-16 13:54:25,5,评论,好,0.8911
这视频意外的正经啊,2021-02-16 13:53:07,5,评论,这视频意外的正经啊,0.8759
加油加油，做的很棒了,2021-02-16 13:49:43,5,评论,加油，做的很棒了,0.993
老先生的眼光是真的实在啊[小电视_笑],2021-02-16 13:39:14,6,评论,老先生的眼光是真的实在啊,0.7999
我们也觉得行,2021-02-16 13:12:43,5,评论,我们也觉得行,0.8663
厉害，希望能上热门吧,2021-02-16 13:03:54,5,评论,厉害，希望能上热门吧,0.4974
这才是真正的东方文化,2021-02-16 12:29:25,6,评论,这才是真正的东方文化,0.6574
致敬匠人[给心心],2021-02-16 12:09:22,5,评论,致敬匠人,0.9716
热评有人推gzz，我觉得 绀珠传并不好，故事复杂，而且背景故事牵扯太多。如果想传教，首先宗教系列和后面相关作都不能使用。经验证明中国元素浓厚并不吸引人，反而因国内各种参杂传统元素的游戏、电影等等，使得这些中国元素反而显得普通，比如泛滥的三国、西游、封神题材。最好故事简单直白，人物对话生动有趣，还不会牵扯各种隐晦暗示的好一些，我个人首推红魔乡40秒前回复,2021-07-24 15:14:21,6,评论,热评有人推gz，我觉得 绀珠传并不好，故事复杂，而且背景故事牵扯太多。如果想传教，首先宗教系列和后面相关作都不能使用。经验证明中国元素浓厚并不吸引人，反而因国内各种参杂传统元素的游戏、电影等，使得这些中国元素反而显得普通，比如泛滥的三国、西游、封神题材。最好故事简单直白，人物对话生动有趣，还不会牵扯各种隐晦暗示的好一些，我个人首推红魔乡40秒前回复,0.0233
可以也拍些老一辈那些纯粹的东西，然后再反复调整把能现代化的部分现代化,2021-03-15 09:42:30,6,评论,可以也拍些老一辈那些纯粹的东西，然后再反复调整把能现代化的部分现代化,0.6572
那个劈山救母....完全没人看....,2021-03-15 09:44:48,6,回复,那个劈山救母.完全没人看.,0.064
回复 @昙露拾珠Channel :害。。。毕竟刚开始吧，不会顺利的，得在传统和现代之间找平衡是个难事加油！,2021-03-15 09:54:34,6,回复,回复 @昙露拾珠Chanel :害。毕竟刚开始吧，不会顺利的，得在传统和现代之间找平衡是个难事加油！,0.9485
我觉得张猛说的在理  皮影戏骨子里的技巧工艺是不变的  变的只是外在的形象 ，老一辈觉得现在的内容跟以前的不一样，没内味，大前提是在以前的背景下观众有足够的鉴赏能力的习惯，随着岁月的流逝，老一辈的观众渐渐消失，新的观众很难再培养成老一辈的鉴赏习惯，就只能从自身改变，去迎合新观众的喜好。追根究底一句话，先考虑活着，再考虑传承文化。老一辈的皮影戏传承人也是看到这一点，一方面觉得新皮影戏没以前内味感到遗憾，一方面觉得新皮影戏在老皮影戏的内容上的革新让皮影戏在物质上有传承下去的希望而高兴。,2021-02-23 14:20:19,6,评论,我觉得张猛说的在理 皮影戏骨子里的技巧工艺是不变的 变的只是外在的形象 ，老一辈觉得现在的内容跟以前的不一样，没内味，大前提是在以前的背景下观众有足够的鉴赏能力的习惯，随着岁月的流逝，老一辈的观众渐消失，新的观众很难再培养成老一辈的鉴赏习惯，就只能从自身改变，去迎合新观众的喜好。追根究底一句话，先考虑活着，再考虑传承文化。老一辈的皮影戏传承人也是看到这一点，一方面觉得新皮影戏没以前内味感到遗憾，一方面觉得新皮影戏在老皮影戏的内容上的革新让皮影戏在物质上有传承下去的希望而高兴。,0.9862
说到了找老师傅学皮影的都是50朝上的，我就在想：要是结合养老服务多一条传承的道路呢？毕竟老龄人口肯定越来越多，再一个老年人基本不打工了，有相当多的自由时间，而且需要丰富精神生活。也有养老机构里教剪纸，画画，书法什么的例子，找好途径，皮影也能行。（当然我孤陋寡闻，这方面的事听的少，不知道老师傅们有没有过这种尝试）,2021-02-23 09:18:16,5,评论,说到了找老师傅学皮影的都是50朝上的，我就在想：要是结合养老服务多一条传承的道路呢？毕竟老龄人口肯定越来越多，再一个老年人基本不打工了，有相当多的自由时间，而且需要丰富精神生活。也有养老机构里教剪纸，画，书法什么的例子，找好途径，皮影也能行。（当然我孤陋寡闻，这方面的事听的少，不知道老师傅们有没有过这种尝试）,0.9716
没没没，这个顺序反了，不是老人喜欢皮影戏，而是喜欢皮影戏的人老了，事实上我在华阴当地就询问过很多四五十岁，到五六十岁的退休干部和一些老人，他们对于皮影的态度也是认可，但不会自己去学习的，老人们更愿意要么去听，要么去等着皮影被发掘，让一个人主观的能动起来，难度还是很大的，而且老腔学习，也不是一朝一夕，简单的板凳锣鼓都是很多年，就不说二胡，主唱和皮影了，所以要等老人学习的话，反而会出问题...所以应该是年轻人学习，受众要包含老人，不然也做不活的....,2021-02-23 10:23:24,6,回复,没，这个顺序反了，不是老人喜欢皮影戏，而是喜欢皮影戏的人老了，事实上我在华阴当地就询问过很多四五十岁，到五六十岁的退休干部和一些老人，他们对于皮影的态度也是认可，但不会自己去学习的，老人们更愿意要么去听，要么去等着皮影被发掘，让一个人主观的能动起来，难度还是很大的，而且老腔学习，也不是一朝一夕，简单的板凳锣鼓都是很多年，就不说二胡，主唱和皮影了，所以要等老人学习的话，反而会出问题.所以应该是年轻人学习，受众要包含老人，不然也做不活的.,0.6282
回复 @昙露拾珠Channel :[笑哭]看来不管学什么本事都得下大力才能成。,2021-02-23 10:35:34,5,回复,回复 @昙露拾珠Chanel :看来不管学什么本事都得下大力才能成。,0.2624
已经爱上皮影戏啦(°∀°)ﾉ,2021-02-21 12:48:16,0,评论,已经爱上皮影戏啦(°∀°)ﾉ,0.9868
给艺术家致敬,2021-02-21 02:12:52,5,评论,给艺术家致敬,0.9959
可以把风哭了搞成皮影戏试试,2021-02-19 22:43:28,0,评论,可以把风哭了搞成皮影戏试,0.6972
回复 @威严满满的巫女殿下 :抱歉，已自裁,2021-02-20 16:35:10,5,回复,回复 @威严满的巫女殿下 :抱歉，已自裁,0.5977
回复 @bili_82089710293 :风哭了是东方的同人漫画。。。,2021-02-20 16:30:18,5,回复,回复 @bili_82089710293 :风哭了是东方的同人漫画。,0.4779
我刚开始看到这个标题的时候，还以为又是个加错了tag的[tv_笑哭]支持！,2021-02-18 11:17:41,5,评论,我刚开始看到这个标题的时候，还以为又是个加错了tag的支持！,0.6973
千万别被韩国人偷了啊,2021-02-17 15:20:49,5,评论,千万别被韩国人偷了啊,0.0351
甚至可以试着和老师傅做网络教程。,2021-02-17 01:27:06,5,评论,甚至可以试着和老师傅做网络教程。,0.6279
加油,2021-02-17 01:14:16,6,评论,加油,0.9596
感触良多啊,2021-02-16 23:49:20,5,评论,感触良多啊,0.971
我爱看，想再看。。。,2021-02-16 16:37:06,5,评论,我爱看，想再看。,0.6663
老师傅说的实在啊,2021-02-16 16:16:49,6,评论,老师傅说的实在啊,0.5759
厉害[支持][支持],2021-02-16 16:14:07,6,评论,厉害,0.4954
人怎么这么少哇[委屈],2021-02-16 16:08:22,5,评论,人怎么这么少哇,0.1964
好（赞美）,2021-02-16 15:10:59,6,评论,好（赞美）,0.9006
致敬老艺术家,2021-02-16 15:06:30,4,评论,致敬老艺术家,0.9533
三连(๑•̀ㅂ•́)و✧有内容[热词系列_三连],2021-02-16 13:45:06,6,评论,三连(๑•̀ㅂ•́)و✧有内容,0.3427
好！,2021-02-16 13:34:10,6,评论,好！,0.8846
好,2021-02-16 13:12:46,5,评论,好,0.8911
老师傅很可爱啊×,2021-02-16 13:05:33,5,评论,老师傅很可爱啊×,0.8976
这个笑声的箭头就很灵性,2021-02-16 13:00:40,5,评论,这个笑声的箭头就很灵性,0.8032
ao,2021-02-16 12:03:41,6,评论,ao,0.6462
如果师傅们不介意，其实我也很想听一个经典老腔版本的皮影戏。就像是台湾布袋戏或者日本的能乐，虽然太古典的唱法乍听是不好懂，但是现在有了‘字幕’这种东西，理解能通过字幕，然后我们就能有余力去品味古典唱法的美感，并且也把这种感动记下，传递出去。仅仅是个人意见，无论如何向各位师傅们致敬，也感谢UP将东方和皮影戏牵起了美好的线！,2021-02-21 22:59:54,6,评论,如果师傅们不介意，其实我也很想听一个经典老腔版本的皮影戏。就像是台湾布袋戏或者日本的能乐，虽然太古典的唱法乍听是不好懂，但是现在有了‘字幕’这种东西，理解能通过字幕，然后我们就能有余力去品味古典唱法的美感，并且也把这种感动记下，传递出去。仅是个人意见，无论如何向各位师傅们致敬，也感谢UP将东方和皮影戏牵起了美好的线！,0.9914
（转） 2021 2022中韩文化交流年要启动了，希望大家多留意一下，多关注下此类活动，并做好万全准备，准备战斗！！多多转发给自己身边的或是认识的中国传统文化手艺人或手艺组织，只有我们自己做好，并为自己留个心眼，我们才能防患于未然，拜托了！！我们的文化只能由我们来守护！！！！,2021-02-17 21:53:58,5,评论,（转） 2021 202中韩文化交流年要启动了，希望大家多留意一下，多关注下此类活动，并做好万全准备，准备战斗！多转发给自己身边的或是认识的中国传统文化手艺人或手艺组织，只有我们自己做好，并为自己留个心眼，我们才能防患于未然，拜托了！我们的文化只能由我们来守护！,0.9412
想起了之前舰b和北京皮影戏的合作，我觉得皮影想要发扬光大还是真有可能的,2021-02-24 12:55:15,5,评论,想起了之前舰b和北京皮影戏的合作，我觉得皮影想要发扬光大还是真有可能的,0.8731
|ω・）,2021-02-24 12:07:56,5,评论,|ω・）,0.6073
支持,2021-02-19 16:56:07,5,评论,支持,0.9827
支持~[tv_点赞],2021-02-19 13:46:40,6,评论,支持~,0.9829
真的很喜欢这样传播的，好,2021-02-18 21:00:03,5,评论,真的很喜欢这样传播的，好,0.9887
这个口音爱了爱了,2021-02-18 17:55:03,5,评论,这个口音爱了,0.827
高产，，👍🏻！,2021-02-18 00:45:44,5,评论,高产，👍🏻！,0.8229
希望好好传承,2021-02-17 20:29:50,5,评论,希望好传承,0.8737
标题少了个Bww,2021-02-17 19:47:34,5,评论,标题少了个Bw,0.0318
可以搞一段传统唱腔让咱听听看吗？再用决定哪个,2021-02-17 18:15:03,5,评论,可以搞一段传统唱腔让咱听看吗？再用决定哪个,0.1999
老师傅们的思想与时俱进，也开明，不墨守成规，传承也发展,2021-02-17 17:58:30,5,评论,老师傅们的思想与时俱进，也开明，不墨守成规，传承也发展,0.5952
支持,2021-02-17 17:23:47,5,评论,支持,0.9827
好,2021-02-17 16:31:38,5,评论,好,0.8911
希望国家把这些传承人当公务员发工资，继续这样下去肯定会失传的。,2021-02-17 15:39:46,4,评论,希望国家把这些传承人当公务员发工资，继续这样下去肯定会失传的。,0.1099
好,2021-02-17 15:15:38,6,评论,好,0.8911
"老师傅说的很好，传统文化还是要寻找新的出路才能更好的留存下来，让更多的年轻人借由东方这个渠道了解到皮影戏,老腔的魅力，这是好的",2021-02-17 13:40:22,6,评论,"老师傅说的很好，传统文化还是要寻找新的出路才能更好的留存下来，让更多的年轻人借由东方这个渠道了解到皮影戏,老腔的魅力，这是好的",0.9848
ao,2021-02-17 10:42:03,6,评论,ao,0.6462
加油,2021-02-17 02:30:39,5,评论,加油,0.9596
要修音啊！！！,2021-02-17 02:23:55,5,评论,要修音啊！,0.3017
太牛逼了，支持支持,2021-02-16 23:19:31,6,评论,太牛逼了，支持,0.9539
任重道远,2021-02-16 22:08:32,5,评论,任重道远,0.6115
这个虚拟主播中国味太浓了【[妙啊]大草】,2021-02-16 19:12:16,6,评论,这个虚拟主播中国味太浓了【大草】,0.1485
不支持都不行好吧！,2021-02-16 19:08:23,6,评论,不支持都不行好吧！,0.0344
老先生看的很透彻，传统文化用新兴的眼光去看，台前生🌿幕后现实。,2021-02-16 18:48:15,6,评论,老先生看的很透彻，传统文化用新兴的眼光去看，台前生🌿幕后现实。,0.9885
[doge]这波啊，这波是华阴人的大胜利,2021-02-16 18:31:19,5,评论,这波啊，这波是华阴人的大胜利,0.3216
up主，出一期介绍老腔的视频吧[嘟嘟],2021-02-16 18:06:43,6,评论,up主，出一期介绍老腔的视频吧,0.5841
唉，毕竟资本和新媒体的冲击太大了，传统文化还是要抓啊[捂脸][捂脸],2021-02-16 17:55:29,4,评论,唉，毕竟资本和新媒体的冲击太大了，传统文化还是要抓啊,0.141
推动中华优秀传统文化创造性发展，创造性转化,2021-02-16 17:38:45,6,评论,推动中华优秀传统文化创造性发展，创造性转化,0.9812
老艺术家们在坚守中又有创新啊,2021-02-16 16:20:59,5,评论,老艺术家们在坚守中又有创新啊,0.9003
好耶！,2021-02-16 13:49:10,5,评论,好耶！,0.9733
啊，好像就是我的问题，[笑哭],2021-02-16 13:16:42,6,评论,啊，好像就是我的问题，,0.5737
感觉老爷爷好慈祥啊w~~,2021-02-16 13:08:54,4,评论,感觉老爷好慈祥啊w~,0.9654
旧瓶新酒，这是好的[鸡腿],2021-02-16 13:02:15,6,评论,旧瓶新酒，这是好的,0.2514
tradimorden,2021-02-16 13:02:09,5,评论,tradimorden,0.6105
挺好的,2021-02-16 13:00:58,4,评论,挺好的,0.9429
[热词系列_三连],2021-02-16 12:43:32,5,评论,,0.5678
cool,2021-02-16 12:29:55,5,评论,col,0.6105
[热词系列_泪目],2021-02-16 12:23:37,6,评论,,0.5678
好！,2021-02-16 12:23:25,5,评论,好！,0.8846
好！,2021-02-16 12:20:26,6,评论,好！,0.8846
传统文化现代化是唯一的出路,2021-02-16 12:17:55,5,评论,传统文化现代化是唯一的出路,0.6014
[支持],2021-02-16 12:17:34,5,评论,,0.5678
致敬老艺术家,2021-02-16 12:17:04,5,评论,致敬老艺术家,0.9533
好！说的很有道理,2021-02-16 12:15:16,5,评论,好！说的很有道理,0.8726
口音亲切哈哈哈,2021-02-16 12:13:54,6,评论,口音亲切哈,0.8917
支持,2021-02-16 12:13:54,5,评论,支持,0.9827
好！,2021-02-16 12:12:13,5,评论,好！,0.8846
厉害,2021-02-16 12:09:11,5,评论,厉害,0.4954
支持,2021-02-16 12:04:36,5,评论,支持,0.9827
真挺好的[2021][牛年],2021-02-16 12:03:13,5,评论,真挺好的,0.9577
可以！,2021-02-16 12:04:43,6,评论,可以！,0.8436
支持,2021-02-16 12:04:42,4,评论,支持,0.9827
好，支持,2021-02-16 12:03:29,5,评论,好，支持,0.994
如果有下回，建议撒一些纸片代表弹幕,2022-02-25 02:56:29,5,评论,如果有下回，建议撒一些纸片代表弹幕,0.7899
