è¯„è®ºå†…å®¹,è¯„è®ºæ—¶é—´,è¯„è®ºäººç­‰çº§,è¯„è®ºç±»åž‹,è¯„è®ºå†…å®¹-æ–°,æƒ…æ„Ÿåˆ†å€¼
ä¸ç¦æ€è€ƒä¸€ä¸ªé—®é¢˜ï¼Œå¾ˆå¤šå¤æ—§å·¥è‰ºç©¶ç«Ÿæ€Žä¹ˆæµä¼ ä¸‹åŽ»ï¼ŒçŽ°åœ¨å¾ˆå¤šäººç”šè‡³è§‰å¾—å°±ç®—è¿›åŽ‚æ‰“å·¥éƒ½æ¯”è¿™ä¸ªèµšé’±ï¼Œæ‰€ä»¥å›½å®¶çº¯ç²¹çš„ä¿æŠ¤èƒ½æœ‰å¤šå¤§ä½œç”¨ï¼Œæ²¡æœ‰ä¼ æ‰¿è€…æ‰æ˜¯æœ€ä¸å¯é¿å…è€Œåˆç³Ÿå¿ƒçš„ä¸€ä»¶äº‹æƒ…ï¼ŒåŠ ä¹‹å¾ˆå¤šè€ä¸€è¾ˆå·¥è‰ºè€…åšæŒä¸ä¼ å¤–äººçš„æ€æƒ³ï¼Œä¸€æ—¦å…¶å­å­™ä¸æ„¿æŽ¥æ‰‹ï¼Œè¿Žæ¥çš„ç»ˆæ˜¯ä¼ æ‰¿çš„æ–­ç»,2021-09-16 18:17:15,5,è¯„è®º,ä¸ç¦æ€è€ƒä¸€ä¸ªé—®é¢˜ï¼Œå¾ˆå¤šå¤æ—§å·¥è‰ºç©¶ç«Ÿæ€Žä¹ˆæµä¼ ä¸‹åŽ»ï¼ŒçŽ°åœ¨å¾ˆå¤šäººç”šè‡³è§‰å¾—å°±ç®—è¿›åŽ‚æ‰“å·¥éƒ½æ¯”è¿™ä¸ªèµšé’±ï¼Œæ‰€ä»¥å›½å®¶çº¯ç²¹çš„ä¿æŠ¤èƒ½æœ‰å¤šå¤§ä½œç”¨ï¼Œæ²¡æœ‰ä¼ æ‰¿è€…æ‰æ˜¯æœ€ä¸å¯é¿å…è€Œåˆç³Ÿå¿ƒçš„ä¸€ä»¶äº‹æƒ…ï¼ŒåŠ ä¹‹å¾ˆå¤šè€ä¸€è¾ˆå·¥è‰ºè€…åšæŒä¸ä¼ å¤–äººçš„æ€æƒ³ï¼Œä¸€æ—¦å…¶å­å­™ä¸æ„¿æŽ¥æ‰‹ï¼Œè¿Žæ¥çš„ç»ˆæ˜¯ä¼ æ‰¿çš„æ–­ç»,0.5497
è®°å¾—ä»¥å‰çœ‹åˆ°ä¸€ä¸ªæ•…äº‹ï¼Œä¸€ä¸ªå¤§å­¦ç”Ÿæ‰¾ä¸åˆ°å·¥ä½œï¼Œå›žåˆ°ä¹¡ä¸‹é—²ç€æ²¡äº‹å¹²ç”¨æ³¥å·´æ¥çŽ©ï¼Œç„¶åŽæ­£å¥½ä»–æ˜¯ä¸“ä¸šå¯¹å£å­¦è€ƒå¤çš„ï¼Œè®¤è¯†ä¸€ä¸ªé™¶åŒ å¸ˆå‚…å°±è¿™æ ·ä¸€ä¸ªå·®ç‚¹å¤±ä¼ çš„æ‰‹è‰ºç¨€é‡Œç³Šæ¶‚çš„ç»§æ‰¿äº†ä¸‹æ¥ï½ž(ï¿£â–½ï¿£ï½ž)~,2021-09-16 20:11:52,4,å›žå¤,è®°å¾—ä»¥å‰çœ‹åˆ°ä¸€ä¸ªæ•…äº‹ï¼Œä¸€ä¸ªå¤§å­¦ç”Ÿæ‰¾ä¸åˆ°å·¥ä½œï¼Œå›žåˆ°ä¹¡ä¸‹é—²ç€æ²¡äº‹å¹²ç”¨æ³¥å·´æ¥çŽ©ï¼Œç„¶åŽæ­£å¥½ä»–æ˜¯ä¸“ä¸šå¯¹å£å­¦è€ƒå¤çš„ï¼Œè®¤è¯†ä¸€ä¸ªé™¶åŒ å¸ˆå‚…å°±è¿™æ ·ä¸€ä¸ªå·®ç‚¹å¤±ä¼ çš„æ‰‹è‰ºç¨€é‡Œç³Šæ¶‚çš„ç»§æ‰¿äº†ä¸‹æ¥ï½ž(ï¿£â–½ï¿£ï½ž)~,0.9793
å›žå¤ @æˆ‘å«å•¥åå­—ä½ ç®¡çš„ç€å— :é‚£è¿˜å¥½ï¼Œæœ‰äº›äººæ˜¯ä¸ä¼ å¤–äººçš„,2021-09-17 08:27:06,5,å›žå¤,å›žå¤ @æˆ‘å«å•¥åå­—ä½ ç®¡çš„ç€å— :é‚£è¿˜å¥½ï¼Œæœ‰äº›äººæ˜¯ä¸ä¼ å¤–äººçš„,0.4551
æ¯ä¸ªäººçš„å°å®‡å®™éƒ½è•´å«è€…å·¨å¤§çš„èƒ½é‡ï¼Œå°å®‡å®™è®¡åˆ’çš„æ¯éƒ¨ä½œå“éƒ½å¾ˆå¥½çœ‹,2021-09-15 23:07:36,4,è¯„è®º,æ¯ä¸ªäººçš„å°å®‡å®™éƒ½è•´å«è€…å·¨å¤§çš„èƒ½é‡ï¼Œå°å®‡å®™è®¡åˆ’çš„æ¯éƒ¨ä½œå“éƒ½å¾ˆå¥½çœ‹,0.9976
æˆ‘è§‰å¾—ä¸­å›½åŠ¨ç”»åº”è¯¥æœ‰ä¸­å›½è‡ªå·±çš„ç”»é£Žï¼Œæ¯”å¦‚è¯´è§†é¢‘çš„è¿™ç§ç”»é£Žï¼Œè¿™æ‰æ˜¯è´´åˆä¸­å›½äººè‡ªå·±çš„ç”»é£Žã€‚æ—¥æ¼«çš„ç”»é£Žç”¨æ¥ç”»å›½æ¼«çœŸçš„çœ‹è…»äº†ã€‚ä¸ªäººè§‚ç‚¹ã€‚ä¸å–œå‹¿å–·,2021-09-16 20:02:41,0,è¯„è®º,æˆ‘è§‰å¾—ä¸­å›½åŠ¨ç”»åº”è¯¥æœ‰ä¸­å›½è‡ªå·±çš„ç”»é£Žï¼Œæ¯”å¦‚è¯´è§†é¢‘çš„è¿™ç§ç”»é£Žï¼Œè¿™æ‰æ˜¯è´´åˆä¸­å›½äººè‡ªå·±çš„ç”»é£Žã€‚æ—¥æ¼«çš„ç”»é£Žç”¨æ¥ç”»å›½æ¼«çœŸçš„çœ‹è…»äº†ã€‚ä¸ªäººè§‚ç‚¹ã€‚ä¸å–œå‹¿å–·,0.1285
è¿™ä¹Ÿæ˜¯æˆ‘ä¸€ç›´æƒ³è¯´çš„ï¼Œæƒ³èµ·æŸäº›æ‰“ç€å›½æ¼«å´›èµ·çš„æ——å·ï¼Œç»“æžœæ˜¯æ—¥ç³»ç”»é£Žè¿˜è‡ªé…äº†æ—¥è¯­ç‰ˆ[2233å¨˜_æ±—],2021-09-17 02:02:22,3,å›žå¤,è¿™ä¹Ÿæ˜¯æˆ‘ä¸€ç›´æƒ³è¯´çš„ï¼Œæƒ³èµ·æŸäº›æ‰“ç€å›½æ¼«å´›èµ·çš„æ——å·ï¼Œç»“æžœæ˜¯æ—¥ç³»ç”»é£Žè¿˜è‡ªé…äº†æ—¥è¯­ç‰ˆ,0.394
çœŸçš„ï¼ŒçŽ°åœ¨æ¸…ä¸€è‰²çš„æ—¥ç³»ç”»é£Žâ€¦.,2021-09-17 12:31:01,5,å›žå¤,çœŸçš„ï¼ŒçŽ°åœ¨æ¸…ä¸€è‰²çš„æ—¥ç³»ç”»é£Žâ€¦.,0.5996
å¥½å–œæ¬¢ä¸Šç¾Žçš„ç”»é£Žï¼Œå“ªå’é—¹æµ·ï¼Œå¤§é—¹å¤©å®«ï¼Œå¤©ä¹¦å¥‡è°­ï¼Œè¿™äº›çœŸçš„å¥½å¥½çœ‹å•Š,2021-09-17 23:41:15,5,å›žå¤,å¥½å–œæ¬¢ä¸Šç¾Žçš„ç”»é£Žï¼Œå“ªå’é—¹æµ·ï¼Œå¤§é—¹å¤©å®«ï¼Œå¤©ä¹¦å¥‡è°­ï¼Œè¿™äº›çœŸçš„å¥½çœ‹å•Š,0.9968
æœ‰å¹¸ä¸Žè¿™ä¹ˆå¥½çš„ä½œå“åˆä½œé…ä¹[æ‰“call],2021-09-11 11:48:42,2,è¯„è®º,æœ‰å¹¸ä¸Žè¿™ä¹ˆå¥½çš„ä½œå“åˆä½œé…ä¹,0.9952
è€å¸ˆçš„éŸ³ä¹çœŸçš„å¤ªæ£’äº†ï¼ï¼,2021-09-11 12:48:45,5,å›žå¤,è€å¸ˆçš„éŸ³ä¹çœŸçš„å¤ªæ£’äº†ï¼,0.9836
ä¸€ç›´å¾ˆå–œæ¬¢è¿™ç§é£Žæ ¼çš„åŠ¨ç”»å’Œé…ä¹ï¼Œè®©æˆ‘æƒ³èµ·å°æ—¶å€™çš„å­™æ‚Ÿç©ºçš„åŠ¨ç”»ï¼Œå¤ªæœ‰æƒ…æ€€äº†,2021-09-16 21:54:52,3,å›žå¤,ä¸€ç›´å¾ˆå–œæ¬¢è¿™ç§é£Žæ ¼çš„åŠ¨ç”»å’Œé…ä¹ï¼Œè®©æˆ‘æƒ³èµ·å°æ—¶å€™çš„å­™æ‚Ÿç©ºçš„åŠ¨ç”»ï¼Œå¤ªæœ‰æƒ…æ€€äº†,0.9927
å›žå¤ @å¤§å¤´ç¿å­ :æˆ‘æœ€çˆ±è€ä¸Šç¾Žå½±åŽ‚çš„å‡ éƒ¨åŠ¨ç”»ç”µå½±ï¼Œæ˜¯æˆ‘çš„åˆå¿ƒäº†~é…ä¹ä¹Ÿæ˜¯å’Œè€å¸ˆè¯´ç”¨çš„ä¸­å›½å¤å…¸ä¹å™¨ï¼Œå†æ¬¡æ„Ÿè°¢é…ä¹è€å¸ˆ~,2021-09-16 22:33:03,5,å›žå¤,å›žå¤ @å¤§å¤´ç¿å­ :æˆ‘æœ€çˆ±è€ä¸Šç¾Žå½±åŽ‚çš„å‡ éƒ¨åŠ¨ç”»ç”µå½±ï¼Œæ˜¯æˆ‘çš„åˆå¿ƒäº†~é…ä¹ä¹Ÿæ˜¯å’Œè€å¸ˆè¯´ç”¨çš„ä¸­å›½å¤å…¸ä¹å™¨ï¼Œå†æ¬¡æ„Ÿè°¢é…ä¹è€å¸ˆ~,0.9981
å…”æ¯«å»ºç›ï¼Œå®‹å¸¦é£Žé¡çš„æ–—èŒ¶ï¼Œæˆ‘ä»¬05åŽä¹Ÿä¸æ˜¯ä»€ä¹ˆéƒ½ä¸çŸ¥é“ï¼Œè¿˜æ˜¯å¾ˆå–œæ¬¢è¿™äº›ä¸œè¥¿çš„[å›§],2021-09-16 19:49:46,4,è¯„è®º,å…”æ¯«å»ºç›ï¼Œå®‹å¸¦é£Žé¡çš„æ–—èŒ¶ï¼Œæˆ‘ä»¬05åŽä¹Ÿä¸æ˜¯ä»€ä¹ˆéƒ½ä¸çŸ¥é“ï¼Œè¿˜æ˜¯å¾ˆå–œæ¬¢è¿™äº›ä¸œè¥¿çš„,0.819
æœ‰é’±å®¶åº­[doge],2021-09-16 19:54:38,0,å›žå¤,æœ‰é’±å®¶åº­,0.5947
è¿˜æ˜¯çœ‹æ•´ä½“å§ï¼Œä½ åŒé¾„äººå¦‚ä½•ï¼Ÿæœ‰å…±åŒçˆ±å¥½çš„å°ä¼™ä¼´å—[è—ç‹],2021-09-17 01:19:58,4,å›žå¤,è¿˜æ˜¯çœ‹æ•´ä½“å§ï¼Œä½ åŒé¾„äººå¦‚ä½•ï¼Ÿæœ‰å…±åŒçˆ±å¥½çš„å°ä¼™ä¼´å—,0.0688
å›žå¤ @æ˜¯æ™®é€šçš„å°ç™½å“¦ :å°¤å…¶è‰ºæœ¯ç”Ÿï¼Œäº†è§£è¿™äº›çš„ä¹Ÿä¸å°‘,2021-09-17 06:18:25,4,å›žå¤,å›žå¤ @æ˜¯æ™®é€šçš„å°ç™½å“¦ :å°¤å…¶è‰ºæœ¯ç”Ÿï¼Œäº†è§£è¿™äº›çš„ä¹Ÿä¸å°‘,0.768
â€œçº¤çº¤æ£’ï¼Œå†°ç“·èŽ¹çŽ‰ï¼Œé‡‘ç¼•é¹§é¸ªæ–‘ã€‚â€â€œå…”æ¯«ç´«ç“¯æ–°ï¼ŒèŸ¹çœ¼æ¸…æ³‰ç…®ã€‚â€ä»¥å‰åœ¨æ™¯å¾·é•‡é™¶ç“·åšç‰©é¦†æœ‰çœ‹åˆ°è¿‡ï¼Œé‡‰ä¸Šä¸ç¼•çº¤æ¯«æ¯•çŽ°ã€äº¦åˆšäº¦æŸ”ã€å¦‚é‡‘ä¼¼é“¶ï¼Œå¯†å¦‚æ˜¥é›¨ã€ç»†å¦‚ç‰›æ¯›ï¼Œè¶…çº§å¥½çœ‹[æƒŠå–œ]ðŸ˜‹,2021-09-16 17:29:27,4,è¯„è®º,â€œçº¤æ£’ï¼Œå†°ç“·èŽ¹çŽ‰ï¼Œé‡‘ç¼•é¹§é¸ªæ–‘ã€‚â€â€œå…”æ¯«ç´«ç“¯æ–°ï¼ŒèŸ¹çœ¼æ¸…æ³‰ç…®ã€‚â€ä»¥å‰åœ¨æ™¯å¾·é•‡é™¶ç“·åšç‰©é¦†æœ‰çœ‹åˆ°è¿‡ï¼Œé‡‰ä¸Šä¸ç¼•çº¤æ¯«æ¯•çŽ°ã€äº¦åˆšäº¦æŸ”ã€å¦‚é‡‘ä¼¼é“¶ï¼Œå¯†å¦‚æ˜¥é›¨ã€ç»†å¦‚ç‰›æ¯›ï¼Œè¶…çº§å¥½çœ‹ðŸ˜‹,0.989
æ˜¯çš„ï¼Œäº²çœ¼è§åˆ°æ˜¯æœ€èƒ½æ„Ÿå—åˆ°å®žç‰©çš„ç¾Ž[æ˜Ÿæ˜Ÿçœ¼],2021-09-16 21:13:28,5,å›žå¤,æ˜¯çš„ï¼Œäº²çœ¼è§åˆ°æ˜¯æœ€èƒ½æ„Ÿå—åˆ°å®žç‰©çš„ç¾Ž,0.9778
å…”æ¯«ä¸€è¯ä»Žå®‹ä»£å°±å¼€å§‹æµè¡Œï¼ŒåŽ†å²æ‚ ä¹…ï¼Œæ–‘çº¹å½¢æ€ä¸­é€å‡ºå‡åŒ€ç»†å¯†çš„ä¸çŠ¶ç­‹è„‰æ¡çº¹ï¼Œå½¢å¦‚å…”å­çš„æ¯«æ¯›ï¼Œæ•…æ­¤å¾—åã€‚â˜žç™¾åº¦,2021-09-11 14:28:48,5,è¯„è®º,å…”æ¯«ä¸€è¯ä»Žå®‹ä»£å°±å¼€å§‹æµè¡Œï¼ŒåŽ†å²æ‚ ä¹…ï¼Œæ–‘çº¹å½¢æ€ä¸­é€å‡ºå‡åŒ€ç»†å¯†çš„ä¸çŠ¶ç­‹è„‰æ¡çº¹ï¼Œå½¢å¦‚å…”å­çš„æ¯«æ¯›ï¼Œæ•…æ­¤å¾—åã€‚â˜žç™¾åº¦,0.9887
nb,2021-09-13 10:56:19,3,å›žå¤,nb,0.7067
éšç€æ—¶ä»£çš„è¿›æ­¥ï¼Œé‚£äº›éžæ–‡åŒ–é—äº§åˆè¢«é€æ¸çš„å¿˜è®°å¸¦äº†äººä»¬çš„è§†é‡Žå½“ä¸­ï¼ŒçŽ°åœ¨è¿˜æ¥å¾—åŠï¼Œè¯·å„ä½ä¿æŠ¤éžæ–‡åŒ–é—äº§ã€‚,2021-09-16 19:13:18,5,è¯„è®º,éšç€æ—¶ä»£çš„è¿›æ­¥ï¼Œé‚£äº›éžæ–‡åŒ–é—äº§åˆè¢«é€æ¸çš„å¿˜è®°å¸¦äº†äººä»¬çš„è§†é‡Žå½“ä¸­ï¼ŒçŽ°åœ¨è¿˜æ¥å¾—åŠï¼Œè¯·å„ä½ä¿æŠ¤éžæ–‡åŒ–é—äº§ã€‚,0.9058
çœ‹å®Œå•¦ï¼æ¯”ä¹‹å‰å®Œæ•´äº†å¥½å¤šï¼å¤ªå–œæ¬¢è½¬åœºè®¾è®¡äº†ï¼Œè¿˜æœ‰ä¸­é—´å¤ä»£äººç‰©çš„è¡¨æ¼”ä¹Ÿå¥½æœ‰æ„æ€ï¼å¸Œæœ›å°é—²ä¹Ÿèƒ½æ‰¾åˆ°è‡ªå·±å–œæ¬¢çš„äº‹æƒ…å¹¶æ‰§ç€ä¸‹åŽ»[å¤§ç†å¯ºæ—¥å¿—_å¼€å¿ƒ][å¤§ç†å¯ºæ—¥å¿—_é—ªå…‰],2021-09-09 21:19:41,5,è¯„è®º,çœ‹å®Œå•¦ï¼æ¯”ä¹‹å‰å®Œæ•´äº†å¥½å¤šï¼å¤ªå–œæ¬¢è½¬åœºè®¾è®¡äº†ï¼Œè¿˜æœ‰ä¸­é—´å¤ä»£äººç‰©çš„è¡¨æ¼”ä¹Ÿå¥½æœ‰æ„æ€ï¼å¸Œæœ›å°é—²ä¹Ÿèƒ½æ‰¾åˆ°è‡ªå·±å–œæ¬¢çš„äº‹æƒ…å¹¶æ‰§ç€ä¸‹åŽ»,0.9976
æ”¶åˆ°ï¼ä¸€èµ·å†²å‘€~,2021-09-10 10:42:02,5,å›žå¤,æ”¶åˆ°ï¼ä¸€èµ·å†²å‘€~,0.873
å…¨ç¨‹é—®å·ï¼Œç›´åˆ°è§†é¢‘æœ€åŽç»ˆäºŽæ˜Žç™½äº†ï¼Œæ„Ÿè§‰upä¸»è¿˜æ˜¯è¦å¯¹è¿™ä¸ªçè´µçš„éžé—æŠ€æœ¯åšä¸ªä»‹ç»ï¼Œå¥½ä½œå“å€¼å¾—è®©æ›´å¤šäººçœ‹è§[æ‰“call],2021-09-16 16:59:19,4,è¯„è®º,å…¨ç¨‹é—®å·ï¼Œç›´åˆ°è§†é¢‘æœ€åŽç»ˆäºŽæ˜Žç™½äº†ï¼Œæ„Ÿè§‰upä¸»è¿˜æ˜¯è¦å¯¹è¿™ä¸ªçè´µçš„éžé—æŠ€æœ¯åšä¸ªä»‹ç»ï¼Œå¥½ä½œå“å€¼å¾—è®©æ›´å¤šäººçœ‹è§,0.9249
[ç»™å¿ƒå¿ƒ]æœ€æ—©çš„åˆ†é•œæœ‰æè¿°åˆ¶ä½œè¿‡ç¨‹ï¼Œå¯æƒœæœ€åŽå› ä¸ºæ—¶é•¿ã€èŠ‚å¥å’Œä¸“ä¸šåº¦çš„åŽŸå› ï¼Œç æŽ‰å¾ˆå¤šï¼Œåªå‡ºçŽ°äº†ä¸€ç‚¹ï¼Œé‡ç‚¹æ”¾åœ¨ä¸»è§’ä¸ªäººçº¿ä¸Šäº†ã€‚,2021-09-16 21:22:06,5,å›žå¤,æœ€æ—©çš„åˆ†é•œæœ‰æè¿°åˆ¶ä½œè¿‡ç¨‹ï¼Œå¯æƒœæœ€åŽå› ä¸ºæ—¶é•¿ã€èŠ‚å¥å’Œä¸“ä¸šåº¦çš„åŽŸå› ï¼Œç æŽ‰å¾ˆå¤šï¼Œåªå‡ºçŽ°äº†ä¸€ç‚¹ï¼Œé‡ç‚¹æ”¾åœ¨ä¸»è§’ä¸ªäººçº¿ä¸Šäº†ã€‚,0.8114
è¶…çº§åŽ‰å®³çš„ï¼Œè€Œä¸”æ„å¢ƒå¥½æ£’å‘œå‘œå‘œæ–—èŒ¶é‚£æ®µå¤ªæœ‰æ„Ÿè§‰äº†,2021-09-11 20:24:33,5,è¯„è®º,è¶…çº§åŽ‰å®³çš„ï¼Œè€Œä¸”æ„å¢ƒå¥½æ£’å‘œæ–—èŒ¶é‚£æ®µå¤ªæœ‰æ„Ÿè§‰äº†,0.9914
å—·è°¢è°¢ä½ [ç»™å¿ƒå¿ƒ],2021-09-11 23:55:03,5,å›žå¤,å—·è°¢ä½ ,0.6105
æ‚ æ‚ åƒè½½ä¸å¿è°ˆï¼Œææƒšåç”²å­ï¼Œå¾—æ¥å¹½æ¢¦ä¸­ã€‚,2021-09-16 16:20:48,6,è¯„è®º,æ‚ åƒè½½ä¸å¿è°ˆï¼Œææƒšåç”²å­ï¼Œå¾—æ¥å¹½æ¢¦ä¸­ã€‚,0.9045
ä¼ æ‰¿ï¼Œä¹Ÿæ˜¯ä¸€ä¸ªæ°‘æ—çš„ç²¾ç¥ž,2021-09-16 23:34:25,4,è¯„è®º,ä¼ æ‰¿ï¼Œä¹Ÿæ˜¯ä¸€ä¸ªæ°‘æ—çš„ç²¾ç¥ž,0.9394
çŽ°åœ¨å¥½å¤šéžé—å…¶å®žéƒ½åœ¨å¯»æ‰¾ä¼ äººï¼Œæ”¿åºœä¹Ÿåœ¨å¸®å¿™å¯»æ‰¾ï¼Œä½†æ˜¯æœ€æ ¹æœ¬çš„é—®é¢˜è¿˜æ˜¯æ²¡æœ‰è§£å†³ã€‚è®¸å¤šå¹´è½»äººä¸ç†è§£éžé—çš„æ„ä¹‰ï¼Œä¸äº†è§£è¿™èƒŒåŽçš„ä»·å€¼ï¼Œæ²¡æœ‰ä»Žå¿ƒåº•å–œæ¬¢å¥¹ï¼Œæ›´åˆ«è¯´è®¤å¯å¥¹ã€‚å½“ä¸‹åº”è¯¥è¦æŒ–æŽ˜å…¶æ›´æ·±å±‚çš„æ„ä¹‰ï¼Œè®©æ›´å¤šçš„å¹´è½»äººåŽ»æŽ¥å—å¥¹ï¼Œè®¤åŒå¥¹ï¼Œè¿™æ‰æ˜¯æ²»æœ¬ä¹‹é“ã€‚,2021-09-16 23:17:16,4,è¯„è®º,çŽ°åœ¨å¥½å¤šéžé—å…¶å®žéƒ½åœ¨å¯»æ‰¾ä¼ äººï¼Œæ”¿åºœä¹Ÿåœ¨å¸®å¿™å¯»æ‰¾ï¼Œä½†æ˜¯æœ€æ ¹æœ¬çš„é—®é¢˜è¿˜æ˜¯æ²¡æœ‰è§£å†³ã€‚è®¸å¤šå¹´è½»äººä¸ç†è§£éžé—çš„æ„ä¹‰ï¼Œä¸äº†è§£è¿™èƒŒåŽçš„ä»·å€¼ï¼Œæ²¡æœ‰ä»Žå¿ƒåº•å–œæ¬¢å¥¹ï¼Œæ›´åˆ«è¯´è®¤å¯å¥¹ã€‚å½“ä¸‹åº”è¯¥è¦æŒ–æŽ˜å…¶æ›´æ·±å±‚çš„æ„ä¹‰ï¼Œè®©æ›´å¤šçš„å¹´è½»äººåŽ»æŽ¥å—å¥¹ï¼Œè®¤åŒå¥¹ï¼Œè¿™æ‰æ˜¯æ²»æœ¬ä¹‹é“ã€‚,0.9027
ç¬¬ä¸€ï¼å°é—²å¤ªæ£’å•¦ï¼ï¼ï¼ï¼ï¼,2021-09-09 11:49:08,5,è¯„è®º,ç¬¬ä¸€ï¼å°é—²å¤ªæ£’å•¦ï¼,0.9777
å¥½ä½œå“ï¼Œæœ¬æ¥å·²ç»åˆ’èµ°äº†ï¼Œè¿˜æ˜¯å›žæ¥è¡¥ä¸Šä¸€é”®ä¸‰è¿ž,2021-09-14 00:32:06,4,è¯„è®º,å¥½ä½œå“ï¼Œæœ¬æ¥å·²ç»åˆ’èµ°äº†ï¼Œè¿˜æ˜¯å›žæ¥è¡¥ä¸Šä¸€é”®ä¸‰è¿ž,0.7367
å¥½è€¶ï¼Œå°é—²å†²å†²å†²ã€‚,2021-09-09 13:13:47,4,è¯„è®º,å¥½è€¶ï¼Œå°é—²å†²ã€‚,0.9007
ç”»é£Žå’Œå†…å®¹éƒ½ç»ç»å­ï¼ï¼ï¼æœ€åŽå°å…”å­é‚£ä¸€ççœ¼çœŸçš„å¥½æˆ³æˆ‘å‘œå‘œå‘œ(à¹‘>Ø‚<à¹‘ï¼‰æ˜¯é¦–é¡µæ¥çš„ï¼ï¼å¸Œæœ›è¿˜èƒ½çœ‹è§upæ›´å¤šä¼˜ç§€çš„ä½œå“é¸­ï¼Œè¦åŠ æ²¹å“¦ï¼,2021-09-16 16:24:13,5,è¯„è®º,ç”»é£Žå’Œå†…å®¹éƒ½ç»å­ï¼æœ€åŽå°å…”å­é‚£ä¸€ççœ¼çœŸçš„å¥½æˆ³æˆ‘å‘œ(à¹‘>Ø‚<à¹‘ï¼‰æ˜¯é¦–é¡µæ¥çš„ï¼å¸Œæœ›è¿˜èƒ½çœ‹è§upæ›´å¤šä¼˜ç§€çš„ä½œå“é¸­ï¼Œè¦åŠ æ²¹å“¦ï¼,0.9917
çŽ°åœ¨å…³æ³¨ï¼Œä»¥åŽå°±æ˜¯è€ç²‰äº†[doge],2021-09-16 19:05:14,5,è¯„è®º,çŽ°åœ¨å…³æ³¨ï¼Œä»¥åŽå°±æ˜¯è€ç²‰äº†,0.7503
çœ‹å“­äº†ï¼ŒçœŸçš„æ„ŸåŠ¨åˆ°æˆ‘äº†[æ‹¥æŠ±],2021-09-16 16:51:27,5,è¯„è®º,çœ‹å“­äº†ï¼ŒçœŸçš„æ„ŸåŠ¨åˆ°æˆ‘äº†,0.9909
ç”»é£Žå¤ªå¯çˆ±å•¦[äº²äº²],2021-09-12 12:02:30,4,è¯„è®º,ç”»é£Žå¤ªå¯çˆ±å•¦,0.9948
å¾ˆæ£’çš„ä½œå“ï¼ŒåŠ¨ç”»çš„å­¦å¼Ÿå­¦å¦¹ä»¬å¤ªæ£’äº†ï¼Œæ€’è½¬ï¼ï¼ï¼,2021-09-30 18:24:00,5,è¯„è®º,å¾ˆæ£’çš„ä½œå“ï¼ŒåŠ¨ç”»çš„å­¦å¼Ÿå­¦å¦¹ä»¬å¤ªæ£’äº†ï¼Œæ€’è½¬ï¼,0.9881
å¾ˆç²¾ç¾Žä¸”ç”¨å¿ƒçš„ä½œå“ï¼ï¼ä½†ä¸åŽ»äº†è§£çš„è¯ä¼¼ä¹Žå°±ä¸å¤ªèƒ½ç†è§£ä¸»æ—¨äº†ï¼ç”¨çš„å™äº‹æ‰‹æ³•èƒ½æžå¤§ä½“çŽ°å‡ºè´´è¿‘æ—¥å¸¸çš„æ„Ÿè§‰ï¼Œä½†æ€»æ„Ÿè§‰ç¼ºå°‘äº†äº›ä»€ä¹ˆæœ€èƒ½è®©äººç•™ä¸‹æ·±åˆ»å°è±¡çš„æ¡¥æ®µã€‚æ€»ä¹‹æ”¯æŒupï¼ï¼ï¼ï¼[ç»™å¿ƒå¿ƒ][ç»™å¿ƒå¿ƒ],2021-09-24 19:54:07,5,è¯„è®º,å¾ˆç²¾ç¾Žä¸”ç”¨å¿ƒçš„ä½œå“ï¼ä½†ä¸åŽ»äº†è§£çš„è¯ä¼¼ä¹Žå°±ä¸å¤ªèƒ½ç†è§£ä¸»æ—¨äº†ï¼ç”¨çš„å™äº‹æ‰‹æ³•èƒ½æžå¤§ä½“çŽ°å‡ºè´´è¿‘æ—¥å¸¸çš„æ„Ÿè§‰ï¼Œä½†æ€»æ„Ÿè§‰ç¼ºå°‘äº†äº›ä»€ä¹ˆæœ€èƒ½è®©äººç•™ä¸‹æ·±åˆ»å°è±¡çš„æ¡¥æ®µã€‚æ€»ä¹‹æ”¯æŒupï¼,0.9766
ä¿æŠ¤ä¸­å›½ä¼ ç»Ÿæ–‡åŒ–å’Œéžç‰©è´¨æ–‡åŒ–é—äº§ï¼,2021-09-17 13:34:11,5,è¯„è®º,ä¿æŠ¤ä¸­å›½ä¼ ç»Ÿæ–‡åŒ–å’Œéžç‰©è´¨æ–‡åŒ–é—äº§ï¼,0.9862
9æœˆ3å·å…³äºŽå¿—æ„¿å†›çš„ä¸€éƒ¨ç‰‡å­ã€Š1950ä»–ä»¬æ­£å¹´è½»ã€‹å·²ç»æ‚„ç„¶åœ¨å½±é™¢ä¸Šæ˜ äº†ï¼Œä½†ç”±äºŽå®£ä¼ ç»è´¹ä¸è¶³ã€é¢˜æé™åˆ¶ç­‰åŽŸå› å„åœ°å½±é™¢æŽ’ç‰‡ä¸å¤šï¼ŒçŸ¥é“çš„äººå¾ˆå°‘è§‚çœ‹çš„äººå¾ˆå°‘ã€‚æˆ‘æƒ³ä¸ºä»–ä»¬åšä¸€æ¬¡è‡ªæ¥æ°´ï¼Œæˆ‘ä»¬æ¯ä¸ªä¸ªä½“è™½ç„¶æ¸ºå°ä½†ä¹Ÿå¯ä»¥æ˜¯ä¸€ç°‡è¤ç«ä¸€æŸå…‰ï¼Œæˆ‘ç›¸ä¿¡æ˜Ÿæ˜Ÿä¹‹ç«ä¹Ÿå¯ä»¥ç‡ŽåŽŸã€‚æ˜ŽåŽå¤©æ˜¯å‘¨æœ«äº†å¸Œæœ›æ›´å¤šçš„å¹´è½»å›½äººèƒ½èµ°å…¥å½±é™¢ç»™ä»–ä»¬ä¸€äº›å…³æ³¨ï¼Œå¦‚æžœæ²¡æœ‰æ—¶é—´çš„è¯ä¹Ÿè¯·å¸®ä»–ä»¬è½¬å‘ä¸€ä¸‹è®©æ›´å¤šäººäº†è§£åˆ°è¿™éƒ¨çŒ®ç»™å¿—æ„¿å†›çš„ç‰‡å­ï¼Œæˆ‘æ›¿ä»–ä»¬è°¢è°¢å¤§å®¶çš„æ”¯æŒï¼ï¼ˆè½¬è‡ªæ¬¢å–œçŽ‹å§å§ï¼‰,2021-09-17 02:26:32,5,è¯„è®º,9æœˆ3å·å…³äºŽå¿—æ„¿å†›çš„ä¸€éƒ¨ç‰‡å­ã€Š1950ä»–ä»¬æ­£å¹´è½»ã€‹å·²ç»æ‚„ç„¶åœ¨å½±é™¢ä¸Šæ˜ äº†ï¼Œä½†ç”±äºŽå®£ä¼ ç»è´¹ä¸è¶³ã€é¢˜æé™åˆ¶ç­‰åŽŸå› å„åœ°å½±é™¢æŽ’ç‰‡ä¸å¤šï¼ŒçŸ¥é“çš„äººå¾ˆå°‘è§‚çœ‹çš„äººå¾ˆå°‘ã€‚æˆ‘æƒ³ä¸ºä»–ä»¬åšä¸€æ¬¡è‡ªæ¥æ°´ï¼Œæˆ‘ä»¬æ¯ä¸ªä½“è™½ç„¶æ¸ºå°ä½†ä¹Ÿå¯ä»¥æ˜¯ä¸€ç°‡è¤ç«ä¸€æŸå…‰ï¼Œæˆ‘ç›¸ä¿¡æ˜Ÿä¹‹ç«ä¹Ÿå¯ä»¥ç‡ŽåŽŸã€‚æ˜ŽåŽå¤©æ˜¯å‘¨æœ«äº†å¸Œæœ›æ›´å¤šçš„å¹´è½»å›½äººèƒ½èµ°å…¥å½±é™¢ç»™ä»–ä»¬ä¸€äº›å…³æ³¨ï¼Œå¦‚æžœæ²¡æœ‰æ—¶é—´çš„è¯ä¹Ÿè¯·å¸®ä»–ä»¬è½¬å‘ä¸€ä¸‹è®©æ›´å¤šäººäº†è§£åˆ°è¿™éƒ¨çŒ®ç»™å¿—æ„¿å†›çš„ç‰‡å­ï¼Œæˆ‘æ›¿ä»–ä»¬è°¢å¤§å®¶çš„æ”¯æŒï¼ï¼ˆè½¬è‡ªæ¬¢å–œçŽ‹å§ï¼‰,0.9926
å°ç”·å­©å„¿çš„ç”»é£Žæˆ‘å¥½å–œæ¬¢ï¼æ•´ä¸ªæ•…äº‹è„‰ç»œæ¸…æ™°ï¼Œè¿˜æœ‰è½¦çš„ç”»é¢å‘¼åº”ã€‚ç¢Žç“·å’Œè´å£³åˆ°é•‡çº¸çš„ä¸“åœºä¹Ÿå¾ˆé¡ºç•…ï¼Œå°å…”å­è„¸ä¸Šçš„è¡¨æƒ…å¾ˆå¯çˆ±ã€‚æœ€åŽæœ‰è±¡å¾æ„ä¹‰çš„é‚£åªä»™å±±ä¸Šçš„å¤§å…”å­é¢œè‰²å¾ˆæ¸©å’Œç¾Žä¸½ã€‚çœŸçš„å¤ªæ£’å•¦ï¼ä¸­å›½åŠ¨æ¼«æŒ‡æ—¥å¯å¾…ã€‚,2021-09-17 00:43:28,3,è¯„è®º,å°ç”·å­©å„¿çš„ç”»é£Žæˆ‘å¥½å–œæ¬¢ï¼æ•´ä¸ªæ•…äº‹è„‰ç»œæ¸…æ™°ï¼Œè¿˜æœ‰è½¦çš„ç”»é¢å‘¼åº”ã€‚ç¢Žç“·å’Œè´å£³åˆ°é•‡çº¸çš„ä¸“åœºä¹Ÿå¾ˆé¡ºç•…ï¼Œå°å…”å­è„¸ä¸Šçš„è¡¨æƒ…å¾ˆå¯çˆ±ã€‚æœ€åŽæœ‰è±¡å¾æ„ä¹‰çš„é‚£åªä»™å±±ä¸Šçš„å¤§å…”å­é¢œè‰²å¾ˆæ¸©å’Œç¾Žä¸½ã€‚çœŸçš„å¤ªæ£’å•¦ï¼ä¸­å›½åŠ¨æ¼«æŒ‡æ—¥å¯å¾…ã€‚,0.9953
çœŸçš„å¾ˆå¥½çœ‹è§¦åŠ¨åˆ°æˆ‘äº†,2021-09-17 00:13:47,4,è¯„è®º,çœŸçš„å¾ˆå¥½çœ‹è§¦åŠ¨åˆ°æˆ‘äº†,0.99
æ”¯æŒï¼,2021-09-16 23:13:19,5,è¯„è®º,æ”¯æŒï¼,0.9742
æœ€ä¸ºé—æ†¾çš„æ˜¯æ— æ³•å°†å»ºç›åˆ¶ä½œæ­¥éª¤é‡Œçš„â€œç¢Žç›â€ç²¾ç¥žè¡¨è¾¾æ˜Žç™½ï¼Œåœ¨ç™¾åº¦ä¸Šä¹Ÿå¾ˆéš¾æœåˆ°è¯¦ç»†çš„ä»‹ç»ï¼Œä¹‹å‰é‡‡è®¿å»ºç›æ‰‹å·¥è‰ºäººæ—¶çŸ¥é“è¿™ä¸ªç¢Žç›æ–‡åŒ–ï¼Œå¾ˆéœ‡æ’¼å¾ˆæ•¬ä½©ã€‚â€ç¢Žç›â€œæ˜¯å»ºç›åˆ¶ä½œç‰¹æœ‰çš„æ–‡åŒ–ï¼Œå»ºç›æœ‰ä¸€ç‚¹ç‚¹ç‘•ç–µéƒ½æ˜¯ä¸å…è®¸ï¼Œä»»ä½•ç‘•ç–µå“éƒ½ç»ä¸æµä¼ äºŽä¸–ï¼Œå‡ºçª‘æ—¶ä¼šæŒ¨ä¸ªæ£€æŸ¥ï¼Œç‘•ç–µå“å½“åœºç¢ŽæŽ‰ï¼Œè¿™ä¹Ÿæ˜¯å»ºç›çƒ§åˆ¶éš¾çš„åŽŸå› ä¹‹ä¸€ã€‚,2021-09-16 22:40:52,5,è¯„è®º,æœ€ä¸ºé—æ†¾çš„æ˜¯æ— æ³•å°†å»ºç›åˆ¶ä½œæ­¥éª¤é‡Œçš„â€œç¢Žç›â€ç²¾ç¥žè¡¨è¾¾æ˜Žç™½ï¼Œåœ¨ç™¾åº¦ä¸Šä¹Ÿå¾ˆéš¾æœåˆ°è¯¦ç»†çš„ä»‹ç»ï¼Œä¹‹å‰é‡‡è®¿å»ºç›æ‰‹å·¥è‰ºäººæ—¶çŸ¥é“è¿™ä¸ªç¢Žç›æ–‡åŒ–ï¼Œå¾ˆéœ‡æ’¼å¾ˆæ•¬ä½©ã€‚â€ç¢Žç›â€œæ˜¯å»ºç›åˆ¶ä½œç‰¹æœ‰çš„æ–‡åŒ–ï¼Œå»ºç›æœ‰ä¸€ç‚¹ç‘•ç–µéƒ½æ˜¯ä¸å…è®¸ï¼Œä»»ä½•ç‘•ç–µå“éƒ½ç»ä¸æµä¼ äºŽä¸–ï¼Œå‡ºçª‘æ—¶ä¼šæŒ¨ä¸ªæ£€æŸ¥ï¼Œç‘•ç–µå“å½“åœºç¢ŽæŽ‰ï¼Œè¿™ä¹Ÿæ˜¯å»ºç›çƒ§åˆ¶éš¾çš„åŽŸå› ä¹‹ä¸€ã€‚,0.9904
æ„Ÿè§‰å¥½åƒå°æ—¶å€™çœ‹è¿‡çš„ï¼Œé­”è§’ä¾¦æŽ¢ï¼Œç”»é£Ž[doge],2021-09-16 19:38:45,5,è¯„è®º,æ„Ÿè§‰å¥½åƒå°æ—¶å€™çœ‹è¿‡çš„ï¼Œé­”è§’ä¾¦æŽ¢ï¼Œç”»é£Ž,0.9159
çŽ°åœ¨çš„å»ºç›æ·˜å®ä¸Šåˆ°å¤„éƒ½æ˜¯ï¼Œå‡ å—é’±çš„ï¼Œå‡ åå‡ ç™¾ï¼Œä¸Šåƒä¸Šä¸‡çš„éƒ½æœ‰ï¼Œä¸€èˆ¬äººéƒ½ä¸çŸ¥é“ä»€ä¹ˆå¥½,2021-09-16 19:34:27,4,è¯„è®º,çŽ°åœ¨çš„å»ºç›æ·˜å®ä¸Šåˆ°å¤„éƒ½æ˜¯ï¼Œå‡ å—é’±çš„ï¼Œå‡ åå‡ ç™¾ï¼Œä¸Šåƒä¸Šä¸‡çš„éƒ½æœ‰ï¼Œä¸€èˆ¬äººéƒ½ä¸çŸ¥é“ä»€ä¹ˆå¥½,0.2789
å“‡upçœŸæ˜¯å¾ˆæ£’å“¦ï¼Œè¶…å–œæ¬¢è¿™ä¸ªç”»é£Ž ï¼Œæ‰‡å­æ¦«å¯ä»€ä¹ˆçš„éƒ½å¯çˆ±äº†[é¼“æŽŒ]ã€‚,2021-09-16 19:25:32,4,è¯„è®º,å“‡upçœŸæ˜¯å¾ˆæ£’å“¦ï¼Œè¶…å–œæ¬¢è¿™ä¸ªç”»é£Ž ï¼Œæ‰‡å­æ¦«å¯ä»€ä¹ˆçš„éƒ½å¯çˆ±äº†ã€‚,0.9939
å¥½å¥½çœ‹(/â‰§â–½â‰¦/),2021-09-16 18:14:34,6,è¯„è®º,å¥½çœ‹(/â‰§â–½â‰¦/),0.9705
å¾ˆå¥½çœ‹ä¸‰è¿žäº†,2021-09-16 18:06:29,5,è¯„è®º,å¾ˆå¥½çœ‹ä¸‰è¿žäº†,0.9573
çŽ°åœ¨å…³æ³¨å°±æ˜¯è€ç²‰äº†,2021-09-16 16:43:00,4,è¯„è®º,çŽ°åœ¨å…³æ³¨å°±æ˜¯è€ç²‰äº†,0.719
è¿™æ˜¯upä¸»åˆ›ä½œçš„å—,2021-09-16 16:39:33,5,è¯„è®º,è¿™æ˜¯upä¸»åˆ›ä½œçš„å—,0.0874
å›žå¤ @é—²å’±äººç­‰ :å¾ˆåŽ‰[çƒ­è¯ç³»åˆ—_å®³],2021-09-19 13:32:33,5,å›žå¤,å›žå¤ @é—²å’±äººç­‰ :å¾ˆåŽ‰,0.2606
æ˜¯å‘€ï¼Œè¯„è®ºç½®é¡¶æ˜¯æˆ‘ä»¬å›¢é˜Ÿï½ž,2021-09-16 21:25:03,5,å›žå¤,æ˜¯å‘€ï¼Œè¯„è®ºç½®é¡¶æ˜¯æˆ‘ä»¬å›¢é˜Ÿï½ž,0.5981
ç”»é£Žå¤ªæ£’äº†ï¼Œæˆ‘ç”šè‡³æƒ³æ‹¿æ¥åšç´ æ_(:Ð·ã€âˆ )_,2021-09-16 16:23:10,5,è¯„è®º,ç”»é£Žå¤ªæ£’äº†ï¼Œæˆ‘ç”šè‡³æƒ³æ‹¿æ¥åšç´ æ_(:Ð·ã€âˆ )_,0.9706
å¾ˆå¥½çš„ä½œå“å‘€ï¼Œæ”¯æŒä¸€ä¸‹ï¼,2021-09-16 16:10:31,5,è¯„è®º,å¾ˆå¥½çš„ä½œå“å‘€ï¼Œæ”¯æŒä¸€ä¸‹ï¼,0.9895
è¿™è§†é¢‘æ€Žä¹ˆæ²¡æ’­æ”¾é‡å•Šï¼Œä¸åˆç†[è—ç‹],2021-09-13 17:09:19,6,è¯„è®º,è¿™è§†é¢‘æ€Žä¹ˆæ²¡æ’­æ”¾é‡å•Šï¼Œä¸åˆç†,0.0217
å¥½ç²¾å½©ï¼ç»äº†ï¼,2021-09-11 23:37:50,4,è¯„è®º,å¥½ç²¾å½©ï¼ç»äº†ï¼,0.9858
[è¯·åƒçº¢å°è±†å§ï¼_wow][è¯·åƒçº¢å°è±†å§ï¼_wow],2021-09-11 15:22:32,4,è¯„è®º,,0.5678
æ¥æ”¯æŒæˆ‘å°å§å¦¹ä¼˜ç§€çš„ä½œå“[ç»™å¿ƒå¿ƒ],2021-09-11 13:57:36,5,è¯„è®º,æ¥æ”¯æŒæˆ‘å°å§å¦¹ä¼˜ç§€çš„ä½œå“,0.9961
å¥½è¯¶ï¼ï¼,2021-09-09 12:10:47,5,è¯„è®º,å¥½è¯¶ï¼,0.8252
[æ‰“call],2021-09-09 11:58:17,6,è¯„è®º,,0.5678
å¤±åŽ»çš„å°±æ˜¯å¤±åŽ»äº†,2021-09-16 17:47:05,5,è¯„è®º,å¤±åŽ»çš„å°±æ˜¯å¤±åŽ»äº†,0.0573
ï¼Ÿè¿™è¯è¯´å¾—ï¼Œéš¾é“æ¿’å±åŠ¨ç‰©ç­ç»äº†å°±ç­ç»äº†ï¼Ÿä¸è¯¥åŽ»ä¿æŠ¤ï¼Ÿ,2021-09-23 21:57:44,3,å›žå¤,ï¼Ÿè¿™è¯è¯´å¾—ï¼Œéš¾é“æ¿’å±åŠ¨ç‰©ç­ç»äº†å°±ç­ç»äº†ï¼Ÿä¸è¯¥åŽ»ä¿æŠ¤ï¼Ÿ,0.0029
ä½œè€…ç¿»æˆ‘ï¼Œè¦ä¸ç„¶æˆ‘å°±ä¸æ”¯æŒéžæ–‡åŒ–é—äº§,2021-09-16 19:12:45,5,è¯„è®º,ä½œè€…ç¿»æˆ‘ï¼Œè¦ä¸ç„¶æˆ‘å°±ä¸æ”¯æŒéžæ–‡åŒ–é—äº§,0.1905
ï¼Ÿä½ è¿™â€¦[ç–‘æƒ‘],2021-09-17 06:44:17,4,å›žå¤,ï¼Ÿä½ è¿™â€¦,0.0406
å¤ªæ£’äº†ï¼,2021-12-05 13:22:12,5,è¯„è®º,å¤ªæ£’äº†ï¼,0.9552
ç‰›,2021-09-29 20:52:57,5,è¯„è®º,ç‰›,0.8514
å¥½å¥½çœ‹å•Š,2021-09-21 09:39:14,5,è¯„è®º,å¥½çœ‹å•Š,0.9674
åŽ‰å®³äº†æˆ‘çš„å“¥,2021-09-17 22:24:30,5,è¯„è®º,åŽ‰å®³äº†æˆ‘çš„å“¥,0.8386
çŸ¥é“ä¸ºä»€ä¹ˆ ï¼ŒæŒºå–œæ¬¢è¿™ç§ä¸€åœä¸€åœçš„æ„Ÿè§‰,2021-09-17 22:21:39,5,è¯„è®º,çŸ¥é“ä¸ºä»€ä¹ˆ ï¼ŒæŒºå–œæ¬¢è¿™ç§ä¸€åœçš„æ„Ÿè§‰,0.8774
åŠ¨ç”»é‡Œçš„ä¸€åˆ‡éƒ½å¾ˆç¾Žå¥½,2021-09-17 17:25:26,4,è¯„è®º,åŠ¨ç”»é‡Œçš„ä¸€åˆ‡éƒ½å¾ˆç¾Žå¥½,0.9907
é…éŸ³å¤ªå¤šç‘•ç–µäº†,2021-09-17 15:55:49,4,è¯„è®º,é…éŸ³å¤ªå¤šç‘•ç–µäº†,0.0701
ä¸€åˆ‡éƒ½éœ€è¦æœºç¼˜,2021-09-17 15:16:57,3,è¯„è®º,ä¸€åˆ‡éƒ½éœ€è¦æœºç¼˜,0.7238
ç¡®å®žï¼Œç»“å°¾å¯ä»¥åŠ ä¸Šéžé—å®žç‰©åŠ æ·±å°è±¡,2021-09-17 13:45:35,5,è¯„è®º,ç¡®å®žï¼Œç»“å°¾å¯ä»¥åŠ ä¸Šéžé—å®žç‰©åŠ æ·±å°è±¡,0.8933
æˆ‘å–œæ¬¢è¿™ç§ç”»é£Žï¼Œç¥žæ€ä¹Ÿæç»˜çš„å¾ˆç»†è‡´[æ‰“call],2021-09-17 12:16:11,5,è¯„è®º,æˆ‘å–œæ¬¢è¿™ç§ç”»é£Žï¼Œç¥žæ€ä¹Ÿæç»˜çš„å¾ˆç»†è‡´,0.9963
ç¦å»ºå»ºå®‰çš„å»ºç›ï¼Œæˆ‘åŒå­¦å°±æ˜¯å»ºå®‰çš„ï¼Œä»¥å‰åŽ»å¥¹å®¶çŽ©ï¼Œæœ‰åŽ»é€›å»ºç›æ‘Šï¼ŒèŠ±çº¹éžå¸¸å¥½çœ‹ï¼Œä¸è¿‡å¤§éƒ¨åˆ†éƒ½æ˜¯ç”¨ç”µçƒ§ç›äº†,2021-09-17 08:34:57,5,è¯„è®º,ç¦å»ºå®‰çš„å»ºç›ï¼Œæˆ‘åŒå­¦å°±æ˜¯å»ºå®‰çš„ï¼Œä»¥å‰åŽ»å¥¹å®¶çŽ©ï¼Œæœ‰åŽ»é€›å»ºç›æ‘Šï¼ŒèŠ±çº¹éžå¸¸å¥½çœ‹ï¼Œä¸è¿‡å¤§éƒ¨åˆ†éƒ½æ˜¯ç”¨ç”µçƒ§ç›äº†,0.965
æœ‰äº›ä¸æ˜¯å—å®‹å¤æ³•æŸ´çƒ§ç›ï¼Œç”šè‡³ä¸ç®—å»ºç›ï¼Œå»ºç›é“èƒŽï¼Œå—é‡‰æ–™ã€çƒ§åˆ¶æŠ€æœ¯ã€çŽ¯å¢ƒã€å¤©æ°”ç­‰å› ç´ å½±å“ï¼Œå¤©æ—¶åœ°åˆ©äººå’Œæ‰èƒ½çƒ§å‡ºæ¥çš„,2021-09-17 08:57:55,5,å›žå¤,æœ‰äº›ä¸æ˜¯å—å®‹å¤æ³•æŸ´çƒ§ç›ï¼Œç”šè‡³ä¸ç®—å»ºç›ï¼Œå»ºç›é“èƒŽï¼Œå—é‡‰æ–™ã€çƒ§åˆ¶æŠ€æœ¯ã€çŽ¯å¢ƒã€å¤©æ°”ç­‰å› ç´ å½±å“ï¼Œå¤©æ—¶åœ°åˆ©äººå’Œæ‰èƒ½çƒ§å‡ºæ¥çš„,0.4268
çœŸçš„å¾ˆæ£’ï¼ŒåŠ æ²¹åŠ æ²¹*ç½’â–½ç½’*,2021-09-17 08:31:51,3,è¯„è®º,çœŸçš„å¾ˆæ£’ï¼ŒåŠ æ²¹*ç½’â–½ç½’*,0.9957
æ€Žä¹ˆæ ·æ‰èƒ½å­¦ä¹ éžé—,2021-09-17 07:05:18,5,è¯„è®º,æ€Žä¹ˆæ ·æ‰èƒ½å­¦ä¹ éžé—,0.3305
å¤ªæ£’äº†ï¼,2021-09-17 06:41:19,3,è¯„è®º,å¤ªæ£’äº†ï¼,0.9552
å¥½  çœ‹[æ‰“call][æ‰“call][æ‰“call],2021-09-17 01:04:09,5,è¯„è®º,å¥½ çœ‹,0.9329
çœ‹åˆ°å…”æ¯«è¿˜ä»¥ä¸ºæ˜¯åœ¨è¯´æ¯›ç¬”[ç¬‘å“­]ä¸è¿‡å¥½çš„å»ºç›ç¡®å®žè´µ ä¹°ä¸èµ·å•Š,2021-09-16 23:00:43,6,è¯„è®º,çœ‹åˆ°å…”æ¯«è¿˜ä»¥ä¸ºæ˜¯åœ¨è¯´æ¯›ç¬”ä¸è¿‡å¥½çš„å»ºç›ç¡®å®žè´µ ä¹°ä¸èµ·å•Š,0.1392
å› ä¸ºåˆ¶ä½œå¤ªä¸æ˜“äº†ï¼ŒåºŸäººåºŸæ–™åºŸç›ï¼Œå·¥è‰ºå“å•Š,2021-09-16 23:05:21,5,å›žå¤,å› ä¸ºåˆ¶ä½œå¤ªä¸æ˜“äº†ï¼ŒåºŸäººåºŸæ–™åºŸç›ï¼Œå·¥è‰ºå“å•Š,0.4817
å›žè¦† @é—²å’±äººç­‰ :è¿™ä¸ªæˆ‘çŸ¥é“ æˆ‘ä¹ŸæŒºå–œæ¬¢å»ºç›çš„ å¤ªæ¼‚äº®äº†ï¼Œå¸Œæœ›æœ‰æœä¸€æ—¥èƒ½ä¹°ä¸€æ‰‹[ç¬‘å“­],2021-09-16 23:52:17,6,å›žå¤,å›žè¦† @é—²å’±äººç­‰ :è¿™ä¸ªæˆ‘çŸ¥é“ æˆ‘ä¹ŸæŒºå–œæ¬¢å»ºç›çš„ å¤ªæ¼‚äº®äº†ï¼Œå¸Œæœ›æœ‰æœä¸€æ—¥èƒ½ä¹°ä¸€æ‰‹,0.9759
ä¸ç«å¤©ç†éš¾å®¹å‘€,2021-09-16 22:38:26,5,è¯„è®º,ä¸ç«å¤©ç†éš¾å®¹å‘€,0.1417
çœŸä¸é”™ï¼,2021-09-16 22:24:50,6,è¯„è®º,çœŸä¸é”™ï¼,0.9808
è¶Šæ¥è¶Šå¤šçš„çŸ­ç¯‡ï¼Œä½†ä¸çŸ¥å…ˆçœ‹å“ªä¸€ä¸ª,2021-09-16 22:23:09,4,è¯„è®º,è¶Šæ¥è¶Šå¤šçš„çŸ­ç¯‡ï¼Œä½†ä¸çŸ¥å…ˆçœ‹å“ªä¸€ä¸ª,0.632
å¥½æ£’å¥½æ£’ï¼åŠ æ²¹å‘€ï¼,2021-09-16 22:10:08,5,è¯„è®º,å¥½æ£’ï¼åŠ æ²¹å‘€ï¼,0.9964
2,2021-09-16 22:04:22,2,è¯„è®º,2,0.4103
æˆ‘:çŽ°åœ¨å…³æ³¨ï¼Œä»¥åŽå°±æ˜¯è€ç²‰äº†,2021-09-16 21:57:38,4,è¯„è®º,æˆ‘:çŽ°åœ¨å…³æ³¨ï¼Œä»¥åŽå°±æ˜¯è€ç²‰äº†,0.7741
æˆ‘æ˜¯è€ç²‰å•¦å“ˆå“ˆ,2021-09-16 21:43:31,3,è¯„è®º,æˆ‘æ˜¯è€ç²‰å•¦å“ˆ,0.8131
[ç»™å¿ƒå¿ƒ][ç»™å¿ƒå¿ƒ][ç»™å¿ƒå¿ƒ],2021-09-16 22:33:50,5,å›žå¤,,0.5678
å°å®‡å®™ç³»åˆ—ä½œå“å¥½æ£’ï¼Œå¤ªå¤ªå¥½æ£’/,2021-09-16 19:24:35,5,è¯„è®º,å°å®‡å®™ç³»åˆ—ä½œå“å¥½æ£’ï¼Œå¤ªå¥½æ£’/,0.9964
èŠœæ¹–,2021-09-16 19:08:29,4,è¯„è®º,èŠœæ¹–,0.6129
[è„±å•doge],2021-09-16 18:26:25,5,è¯„è®º,,0.5678
æˆ‘ç¨å¾®é—®ä¸€ä¸‹ï¼Œå°±æ˜¯å…”æ¯«æ¯›ç¬”æ˜¯ä¸æ˜¯æœ‰åˆ«ç§°å«ç´«æ¯«ï¼Ÿ,2021-09-16 17:44:55,4,è¯„è®º,æˆ‘ç¨å¾®é—®ä¸€ä¸‹ï¼Œå°±æ˜¯å…”æ¯«æ¯›ç¬”æ˜¯ä¸æ˜¯æœ‰åˆ«ç§°å«ç´«æ¯«ï¼Ÿ,0.08
æˆ‘åŽ»æœäº†ä¸€ä¸‹ã€ç´«æ¯«ï¼šä¸€ç§æ¯›ç¬”ï¼Œç¬”é”‹é‡Žå±±å…”é¡¹èƒŒä¹‹æ¯«åˆ¶æˆï¼Œå› è‰²å‘ˆé»‘ç´«è€Œå¾—åï¼Œå…¶ç¡¬åº¦æ¯”ç¾Šæ¯«ç¡¬ã€‚ã€‘æˆ‘ä»¬åŠ¨ç”»é‡Œçš„å…”æ¯«ï¼ŒæŒ‡çš„æ˜¯å—å®‹çš„å»ºç›å“ç§ä¹‹ä¸€ï¼Œå…”æ¯«ç›ã€‚è‹è½¼æ›¾å†™çš„â€œæ˜Žçª—å€¾ç´«ç›ï¼Œè‰²å‘³ä¸¤å¥‡ç»â€ï¼Œå°±æ˜¯å½¢å®¹å…”æ¯«ç›çš„ã€‚è¿™æ ·çœ‹æ¥å®ƒä»¬å› ä¹Ÿæ˜¯æœ‰åŒæ ·ç¥žè²Œè€Œå¾—åå…”æ¯«ï¼Œæœ‰ç¼˜~,2021-09-16 22:14:00,5,å›žå¤,æˆ‘åŽ»æœäº†ä¸€ä¸‹ã€ç´«æ¯«ï¼šä¸€ç§æ¯›ç¬”ï¼Œç¬”é”‹é‡Žå±±å…”é¡¹èƒŒä¹‹æ¯«åˆ¶æˆï¼Œå› è‰²å‘ˆé»‘ç´«è€Œå¾—åï¼Œå…¶ç¡¬åº¦æ¯”ç¾Šæ¯«ç¡¬ã€‚ã€‘æˆ‘ä»¬åŠ¨ç”»é‡Œçš„å…”æ¯«ï¼ŒæŒ‡çš„æ˜¯å—å®‹çš„å»ºç›å“ç§ä¹‹ä¸€ï¼Œå…”æ¯«ç›ã€‚è‹è½¼æ›¾å†™çš„â€œæ˜Žçª—å€¾ç´«ç›ï¼Œè‰²å‘³ä¸¤å¥‡ç»â€ï¼Œå°±æ˜¯å½¢å®¹å…”æ¯«ç›çš„ã€‚è¿™æ ·çœ‹æ¥å®ƒä»¬å› ä¹Ÿæ˜¯æœ‰åŒæ ·ç¥žè²Œè€Œå¾—åå…”æ¯«ï¼Œæœ‰ç¼˜~,0.9948
å›žå¤ @é—²å’±äººç­‰ :æŠ±æ­‰æˆ‘ç•™è¨€çš„æ—¶å€™æ²¡çœ‹ï¼Œçœ‹äº†ä¸€ä¸‹åŽŸæ¥æ˜¯æ¯å­ï¼,2021-09-17 00:05:38,4,å›žå¤,å›žå¤ @é—²å’±äººç­‰ :æŠ±æ­‰æˆ‘ç•™è¨€çš„æ—¶å€™æ²¡çœ‹ï¼Œçœ‹äº†ä¸€ä¸‹åŽŸæ¥æ˜¯æ¯å­ï¼,0.1232
ä¹Ÿå°±æ˜¯å»ºç›,2021-09-17 00:05:49,4,å›žå¤,ä¹Ÿå°±æ˜¯å»ºç›,0.7048
ä»€ä¹ˆæ„æ€å•Šè¿™ä¸ªä½œå“ï¼Ÿ[æ‰“call][å¤§å“­]æˆ‘æ²¡çœ‹æ‡‚,2021-09-16 17:04:34,4,è¯„è®º,ä»€ä¹ˆæ„æ€å•Šè¿™ä¸ªä½œå“ï¼Ÿæˆ‘æ²¡çœ‹æ‡‚,0.0114
ä¸»è§’çš„çˆ¶äº²æ˜¯å»ºç›æ‰‹å·¥è‰ºäººï¼Œè‡´åŠ›äºŽä¿®å¤å¤±ä¼ 600å¤šå¹´çš„å—å®‹å…”æ¯«ç›ä¿®å¤æŠ€æœ¯ï¼Œä¸»è§’å°æ—¶å€™å¥½çŽ©ä¸çˆ±åšè¿™ç§å¾ˆä¸“æ³¨â€œæž¯ç‡¥â€çš„äº‹æƒ…ï¼ŒåŽæ¥å¶å¾—çˆ¶äº²æ”¶è—çš„å—å®‹æ—¶æœŸçš„å…”æ¯«ç›ç¢Žç‰‡ï¼Œé»‘é‡‰é‡Œå¤¹æ‚ç€å‡åŒ€çš„é“¶é»„è‰²ä¸ç¼•ï¼ŒçŠ¶å¦‚ç§‹å¤©çš„å…”æ¯«ï¼Œè¢«ç¢Žç‰‡çš„èŠ±çº¹å¸å¼•ï¼Œæ¿€èµ·äº†ä»–æƒ³è¦åšå‡ºå…”æ¯«ç›çš„å…´è¶£ï¼Œå¼€å§‹å’Œçˆ¶äº²å­¦æ‰‹è‰ºï¼Œæœ€åŽä¸»è§’æˆåŠŸä¿®å¤çƒ§åˆ¶æŠ€æœ¯ï¼Œå¦‚æ„¿çƒ§å‡ºå…”æ¯«ç›ã€‚ç‰‡ä¸­çš„å°å…”å­å°±æ˜¯å…”æ¯«ç›ç¢Žç‰‡çš„æ„è±¡åŒ–ï¼Œåˆšå¼€å§‹éƒ½æ˜¯å°å°ä¸€åªï¼Œç”šè‡³çœ‹ä¸æ¸…æ˜¯ä»€ä¹ˆï¼›ä¿®å¤ä¹‹è·¯å›°éš¾é‡é‡ï¼Œä»–ä¹Ÿæ›¾æ°”é¦ä¹Ÿæƒ³è¦æ”¾å¼ƒï¼Œä½†é‚£ç‰‡å…”æ¯«ç›ç¢Žç‰‡æ¯æ¯è®©ä»–æƒ³èµ·åˆå¿ƒï¼Œè®©ä»–åšæŒä¸‹åŽ»ï¼›æœ€åŽçš„å¤§å…”å­å°±æ˜¯æˆåŠŸçƒ§åˆ¶å‡ºæ¥çš„å…”æ¯«ç›çš„æ„è±¡åŒ–ï¼›é™¤æ­¤ä¹‹å¤–ï¼Œå®Œæ•´çš„å…”æ¯«ç›è¿˜æœ‰æ›´æ·±çš„å—å®‹æ–—èŒ¶çš„æ–‡åŒ–åº•è•´ã€‚,2021-09-16 22:26:36,5,å›žå¤,ä¸»è§’çš„çˆ¶äº²æ˜¯å»ºç›æ‰‹å·¥è‰ºäººï¼Œè‡´åŠ›äºŽä¿®å¤å¤±ä¼ 60å¤šå¹´çš„å—å®‹å…”æ¯«ç›ä¿®å¤æŠ€æœ¯ï¼Œä¸»è§’å°æ—¶å€™å¥½çŽ©ä¸çˆ±åšè¿™ç§å¾ˆä¸“æ³¨â€œæž¯ç‡¥â€çš„äº‹æƒ…ï¼ŒåŽæ¥å¶å¾—çˆ¶äº²æ”¶è—çš„å—å®‹æ—¶æœŸçš„å…”æ¯«ç›ç¢Žç‰‡ï¼Œé»‘é‡‰é‡Œå¤¹æ‚ç€å‡åŒ€çš„é“¶é»„è‰²ä¸ç¼•ï¼ŒçŠ¶å¦‚ç§‹å¤©çš„å…”æ¯«ï¼Œè¢«ç¢Žç‰‡çš„èŠ±çº¹å¸å¼•ï¼Œæ¿€èµ·äº†ä»–æƒ³è¦åšå‡ºå…”æ¯«ç›çš„å…´è¶£ï¼Œå¼€å§‹å’Œçˆ¶äº²å­¦æ‰‹è‰ºï¼Œæœ€åŽä¸»è§’æˆåŠŸä¿®å¤çƒ§åˆ¶æŠ€æœ¯ï¼Œå¦‚æ„¿çƒ§å‡ºå…”æ¯«ç›ã€‚ç‰‡ä¸­çš„å°å…”å­å°±æ˜¯å…”æ¯«ç›ç¢Žç‰‡çš„æ„è±¡åŒ–ï¼Œåˆšå¼€å§‹éƒ½æ˜¯å°ä¸€åªï¼Œç”šè‡³çœ‹ä¸æ¸…æ˜¯ä»€ä¹ˆï¼›ä¿®å¤ä¹‹è·¯å›°éš¾é‡ï¼Œä»–ä¹Ÿæ›¾æ°”é¦ä¹Ÿæƒ³è¦æ”¾å¼ƒï¼Œä½†é‚£ç‰‡å…”æ¯«ç›ç¢Žç‰‡æ¯è®©ä»–æƒ³èµ·åˆå¿ƒï¼Œè®©ä»–åšæŒä¸‹åŽ»ï¼›æœ€åŽçš„å¤§å…”å­å°±æ˜¯æˆåŠŸçƒ§åˆ¶å‡ºæ¥çš„å…”æ¯«ç›çš„æ„è±¡åŒ–ï¼›é™¤æ­¤ä¹‹å¤–ï¼Œå®Œæ•´çš„å…”æ¯«ç›è¿˜æœ‰æ›´æ·±çš„å—å®‹æ–—èŒ¶çš„æ–‡åŒ–åº•è•´ã€‚,0.995
å¥½çœ‹[æ‰“call],2021-09-16 16:58:08,5,è¯„è®º,å¥½çœ‹,0.9803
[tv_å¾®ç¬‘],2021-09-16 16:53:39,5,è¯„è®º,,0.5678
æ£’æ£’å“’ï¼åŠ æ²¹ï¼,2021-09-16 16:53:23,5,è¯„è®º,æ£’å“’ï¼åŠ æ²¹ï¼,0.9922
ç¾Ž,2021-09-16 16:42:55,3,è¯„è®º,ç¾Ž,0.9667
å…”æ¯«ç›ï¼Ÿ,2021-09-16 16:29:42,0,è¯„è®º,å…”æ¯«ç›ï¼Ÿ,0.087
ä¼ æ‰¿å•Šï¼,2021-09-16 16:27:21,5,è¯„è®º,ä¼ æ‰¿å•Šï¼,0.8723
å¥½å¥½çœ‹ï¼Œå…³æ³¨å…³æ³¨å•¦ï¼å¥½æœ‰æ„Ÿè§‰,2021-09-16 16:26:00,3,è¯„è®º,å¥½çœ‹ï¼Œå…³æ³¨å•¦ï¼å¥½æœ‰æ„Ÿè§‰,0.9876
å¥½çœ‹,2021-09-16 16:23:58,4,è¯„è®º,å¥½çœ‹,0.9803
å¾ˆæ£’ è®²çœŸ,2021-09-16 16:15:07,5,è¯„è®º,å¾ˆæ£’ è®²çœŸ,0.9634
ç«å‰ç•™å,2021-09-16 16:03:29,5,è¯„è®º,ç«å‰ç•™å,0.5672
è‰²å½©çœ‹ç€å¥½èˆ’æœ[ç»™å¿ƒå¿ƒ],2021-09-13 11:44:07,4,è¯„è®º,è‰²å½©çœ‹ç€å¥½èˆ’æœ,0.9815
ä¸‰è¿žæœ‰å•¦,2021-09-12 20:05:58,4,è¯„è®º,ä¸‰è¿žæœ‰å•¦,0.6892
é¦–é¡µé€šçŸ¥ä¹¦[æ”¯æŒ],2021-09-12 18:48:37,5,è¯„è®º,é¦–é¡µé€šçŸ¥ä¹¦,0.8937
é’ˆä¸æˆ³ ç»§ç»­åŠ æ²¹,2021-09-11 22:06:41,3,è¯„è®º,é’ˆä¸æˆ³ ç»§ç»­åŠ æ²¹,0.7161
ç”¨çš„ä»€ä¹ˆè½¯ä»¶åˆ¶ä½œçš„å‘€,2021-09-11 16:38:15,3,è¯„è®º,ç”¨çš„ä»€ä¹ˆè½¯ä»¶åˆ¶ä½œçš„å‘€,0.4373
"ç”¨çš„tvp,prã€aeåšåŽæœŸ",2021-09-11 19:17:49,5,å›žå¤,"ç”¨çš„tvp,prã€aeåšåŽæœŸ",0.4629
å¥½è€¶[è„±å•doge],2021-09-09 12:40:29,6,è¯„è®º,å¥½è€¶,0.9699
