评论内容,评论时间,评论人等级,评论类型,评论内容-新,情感分值
他最后的那副笑脸，我总觉得他在期待什么？左右看了一下，却没有掌声。笑就有点儿僵直了,2022-02-20 22:56:44,4,评论,他最后的那副笑脸，我总觉得他在期待什么？左右看了一下，却没有掌声。笑就有点儿僵直了,0.4599
看起来撕的很紧张，估计是周围有很多人吧，你看他撕完后到处看。,2022-02-20 23:45:20,4,回复,看起来撕的很紧张，估计是周围有很多人吧，你看他撕完后到处看。,0.1419
回复 @有志青年李某人 :你可以看桌子的反光，桌子反光可以可以映出人影,2022-02-22 21:52:42,3,回复,回复 @有志青年李某人 :你可以看桌子的反光，桌子反光可以映出人影,0.5498
咋又有刷卷的，这有啥卷的……卷是很多人互相无用竞争，非遗好多都找不到传承人哪儿卷了，都快凉了,2022-02-20 20:29:33,6,评论,咋又有刷卷的，这有啥卷的…卷是很多人互相无用竞争，非遗好多都找不到传承人哪儿卷了，都快凉了,0.1366
那我学会个新流行词不得让我到处用用啊[doge],2022-02-20 23:10:17,6,回复,那我学会个新流行词不得让我到处用啊,0.4595
回复 @枝江落日月向晚 :好反，我直接跟了,2022-02-20 23:30:16,5,回复,回复 @枝江落日月向晚 :好反，我直接跟了,0.1973
他已经懒得试图教会了我吗[doge],2022-02-19 23:49:06,3,评论,他已经懒得试图教会了我吗,0.047
这亿点点细节你是学不会的[OK],2022-02-20 12:55:26,5,回复,这亿点细节你是学不会的,0.0646
这是一张纸，撕一下就有一道裂痕，好了新手教程结束[doge],2022-02-20 23:34:15,5,回复,这是一张纸，撕一下就有一道裂痕，好了新手教程结束,0.6956
回复 @白夜Mir :这是一张纸，呲啦，目瞪口呆JPG,2022-02-21 01:10:00,5,回复,回复 @白夜Mir :这是一张纸，呲啦，目瞪口呆JPG,0.5145
注意韩国🇰🇷,2022-02-19 09:18:40,5,评论,注意韩国🇰🇷,0.35
它们学不会的，就抢不走[doge],2022-02-20 10:36:06,5,回复,它们学不会的，就抢不走,0.1947
回复 @粑粑叽啦 :不不不他们可以p图[doge],2022-02-20 12:48:04,3,回复,回复 @粑叽啦 :不他们可以p图,0.0652
？看视频的我[给心心]：爷爷很棒，撕的比我剪的还要好看十倍，不，一百倍看评论的我👴：什么八百里追风都出来了是吧,2022-02-21 00:50:56,5,评论,？看视频的我：爷很棒，撕的比我剪的还要好看十倍，不，一百倍看评论的我👴：什么八百里追风都出来了是吧,0.9232
哈哈哈哈哈你这文化人万一人家看不懂怎么办[珈乐Carol_决明子],2022-02-21 03:31:36,5,回复,哈你这文化人万一人家看不懂怎么办,0.04
哈哈哈哈牛马,2022-02-22 12:56:23,5,回复,哈牛马,0.6055
回复 @达拉崩吧斑得贝比 :你还给解释一下，好心人啊,2022-02-22 16:16:21,4,回复,回复 @达拉崩吧斑得贝比 :你还给解释一下，好心人啊,0.7737
鱼本来在指尖游梭，宛然间跃到了纸上，蹦进了眼里，泛起波澜阵阵，惊起心潮涛涛。[羞羞][羞羞][羞羞],2022-02-21 00:03:31,3,评论,鱼本来在指尖游梭，宛然间跃到了纸上，蹦进了眼里，泛起波澜阵，惊起心潮涛。,0.8703
丘老师在哪文坛就在哪[打call],2022-02-21 12:35:11,3,回复,丘老师在哪文坛就在哪,0.3127
回复 @就米粥吃馒头 :好！,2022-02-21 14:54:56,5,回复,回复 @就米粥吃馒头 :好！,0.6317
哇哦！爷爷撕完纸笑嘻嘻的看镜头，有种等夸的可爱感[打call][打call],2022-02-20 23:18:33,5,评论,哇哦！爷撕完纸笑嘻的看镜头，有种等夸的可爱感,0.9489
爷爷撕的挺厉害的呀，撕完纸笑嘻嘻的看镜头很可爱啊，那些说有手就行的，请你们自个撕一个试试，还有问为什么不用剪刀的，撕纸不是剪纸，用了剪刀那就是剪纸了，用手撕才是撕纸啊,2022-02-22 12:32:53,4,评论,爷撕的挺厉害的呀，撕完纸笑嘻的看镜头很可爱啊，那些说有手就行的，请你们自个撕一个试，还有问为什么不用剪刀的，撕纸不是剪纸，用了剪刀那就是剪纸了，用手撕才是撕纸啊,0.713
同样是撕纸，他的[点赞]，我的[辣眼睛],2022-02-19 10:59:32,4,评论,同样是撕纸，他的,0.3801
？淘汰？非物质文化遗产！你给我说要淘汰,2022-02-20 14:33:36,4,评论,？淘汰？非物质文化遗产！你给我说要淘汰,0.0072
老人家开心得像个孩子,2022-02-20 13:48:26,3,评论,老人家开心得像个孩子,0.5648
评论区让我有一种在刷微博的错觉[藏狐],2022-02-21 05:38:57,5,评论,评论区让我有一种在刷微博的错觉,0.6593
有区别吗，都是各大网名聚集地，B站广告也打得到微博，无非是前脚进微博 后脚来B站,2022-02-21 11:15:14,5,回复,有区别吗，都是各大网名聚集地，B站广告也打得到微博，无非是前脚进微博 后脚来B站,0.0297
回复 @EulenSpiegeI :有一些视频晚点刷到的话，就看不到那些奇奇怪怪的评论。因为我很少遇到那种奇奇怪怪的人，所以觉得b站会比较好[笑哭],2022-02-22 20:28:27,4,回复,回复 @EulenSpiegeI :有一些视频晚点刷到的话，就看不到那些奇怪的评论。因为我很少遇到那种奇怪的人，所以觉得b站会比较好,0.8845
手撕和手撕是不一样的[笑哭],2022-02-20 11:04:00,4,评论,手撕和手撕是不一样的,0.5808
我的纸可能有自己的想法[tv_笑哭],2022-02-19 13:08:01,4,评论,我的纸可能有自己的想法,0.3651
因为手可以随身携带，剪刀不行。,2022-02-20 03:30:46,5,回复,因为手可以随身携带，剪刀不行。,0.3193
有没有想过，可能不是纸的问题[原神_嗯],2022-02-20 23:38:25,3,回复,有没有想过，可能不是纸的问题,0.1708
回复 @星轨God :对，是空气的问题，可能当初我撕纸时pm值不稳定，导致我心绪不宁，所以虽然纸撕了，但是鱼没有出现,2022-02-21 13:51:43,5,回复,回复 @星轨God :对，是空气的问题，可能当初我撕纸时pm值不稳定，导致我心绪不宁，所以虽然纸撕了，但是鱼没有出现,0.2023
看似随意，实则精准拿捏,2022-02-19 23:24:06,3,评论,看似随意，实则精准拿捏,0.802
我感觉吃饭很没必要，毕竟打营养液就可以维持生命的需求，何必还多此一举呢，反正原理也一样，而且打了营养液还不用刷牙，直接就从根本上解决了蛀牙的问题，更何况现在已经有营养液了，又不是原始时代。吃饭就应该逐渐被淘汰掉，繁琐又没有实际用处，我还是觉得打营养液更好。[呲牙][呲牙]对吧，评论区的大佬们[给心心][给心心],2022-02-21 01:08:19,5,评论,我感觉吃饭很没必要，毕竟打营养液就可以维持生命的需求，何必还多此一举呢，反正原理也一样，而且打了营养液还不用刷牙，直接就从根本上解决了蛀牙的问题，更何况现在已经有营养液了，又不是原始时代。吃饭就应该逐渐被淘汰掉，繁琐又没有实际用处，我还是觉得打营养液更好。,0.0083
求不要表现的那么轻而易举，这会让我产生“我也会”的错觉。[笑哭],2022-02-20 23:11:28,4,评论,求不要表现的那么轻而易举，这会让我产生“我也会”的错觉。,0.3562
同样都是撕纸，人家能撕出来年年有余，我只会把它撕成一堆碎纸,2022-02-20 15:31:52,4,评论,同样都是撕纸，人家能撕出来年有余，我只会把它撕成一堆碎纸,0.0246
碎碎平安了可不是,2022-02-20 18:27:52,4,回复,碎平安了可不是,0.1542
回复 @哈噗hup :传说中的简单拓扑学[doge],2022-02-22 03:29:49,4,回复,回复 @哈噗hup :传说中的简单拓扑学,0.6034
回复 @Limbo水芸 :书无店砸[doge],2022-02-20 23:15:33,5,回复,回复 @Limbo水芸 :书无店砸,0.0779
怎么说呢，这个东西确实挺有意思，是留下的非物质文化遗产。但是它没有足够的观赏性，成品的展示不像其他非遗那样震撼，当成摆件还不如剪纸，制作过程呢又不像茶艺之类能让人欣赏或是感受到精神之类的。再从传承方面，它学起来费事，而且没有多大的展示空间，学这个绝对连温饱都解决不了，根本不会有人去花很长时间学习。我个人觉得，撕纸这个东西是以前没有剪刀之类的，过年要贴窗花，然后慢慢衍生出来的，可以顶替剪纸（只是猜测），它也没有寄托什么感情和文化，所以我觉得这个真的没必要去大肆宣传学习……,2022-02-20 23:31:35,5,评论,怎么说呢，这个东西确实挺有意思，是留下的非物质文化遗产。但是它没有足够的观赏性，成品的展示不像其他非遗那样震撼，当成摆件还不如剪纸，制作过程呢又不像茶艺之类能让人欣赏或是感受到精神之类的。再从传承方面，它学起来费事，而且没有多大的展示空间，学这个绝对连温饱都解决不了，根本不会有人去花很长时间学习。我个人觉得，撕纸这个东西是以前没有剪刀之类的，过年要贴窗花，然后慢衍生出来的，可以顶替剪纸（只是猜测），它也没有寄托什么感情和文化，所以我觉得这个真的没必要去大肆宣传学习…,0.1801
远离网络小丑，我先润了😥,2022-02-20 23:35:51,4,回复,远离网络小丑，我先润了😥,0.2575
说实话，感觉这个就只能是变成非遗了。它不像耍牙什么的有不可替代性，机器和工具能做的更好。。。,2022-02-21 00:18:47,6,回复,说实话，感觉这个就只能是变成非遗了。它不像耍牙什么的有不可替代性，机器和工具能做的更好。,0.1649
回复 @SAS_Z :这个是非遗，但它不能代表所有的非遗。他说这个无用，并没有说所有的非遗无用。甚至他还举了些例子:有些非遗（原话有些不符合现实）或成品给人以震撼，或在欣赏之中能感受传递的精神力量。这些都是弥足珍贵的。,2022-02-22 07:26:37,4,回复,回复 @SAS_Z :这个是非遗，但它不能代表所有的非遗。他说这个无用，并没有说所有的非遗无用。甚至他还举了些例子:有些非遗（原话有些不符合现实）或成品给人以震撼，或在欣赏之中能感受传递的精神力量。这些都是弥足珍贵的。,0.6748
问有什么意义的那些人，我问你你有什么意义[给心心],2022-02-20 23:20:49,5,评论,问有什么意义的那些人，我问你有什么意义,0.3129
其实这就是他们最初的想法[吃瓜]一般来说，经常质疑别人有没有用的人，往往都是被别人这样说过来的[吃瓜]因为他们一直生活在这种被人质疑+自己确实没有什么价值的环境里，时间长了就会把当初他人强加在他们身上的伤害投射到别人身上去[吃瓜],2022-02-22 12:03:21,5,回复,其实这就是他们最初的想法,0.4715
浪费氧气资源，找个好点的地方睡了吧,2022-02-22 20:17:36,4,回复,浪费氧气资源，找个好点的地方睡了吧,0.082
无,2022-02-22 11:10:17,4,回复,无,0.2327
如果说这个就是他的兴趣爱好，能撕成这样，我佩服他，但他如果靠这个手艺吃饭，靠卖这些艺术品谋生，我觉得就很普通，因为他就是吃这个饭的，他不得吃这个苦吗，,2022-02-20 23:18:50,4,评论,如果说这个就是他的兴趣爱好，能撕成这样，我佩服他，但他如果靠这个手艺吃饭，靠卖这些艺术品谋生，我觉得就很普通，因为他就是吃这个饭的，他不得吃这个苦吗，,0.0334
没必要用视频中的作品否定他吧，搜搜老爷子，他的很多作品复杂且精美。,2022-02-22 21:23:52,5,回复,没必要用视频中的作品否定他吧，搜老爷子，他的很多作品复杂且精美。,0.7749
这可是国家保护起来的，也不用担心,2022-02-20 23:23:28,5,回复,这可是国家保护起来的，也不用担心,0.7355
多好的寒假作业素材[狗子]我支持了解传统文化，传承非遗文化[打call],2022-02-20 23:31:51,3,评论,多好的寒假作业素材,0.6433
这撕纸艺术感觉就是，别人用弓射箭，他非要练习用手投箭一样。难度的确是更难了，但精确度也更低了。我国早在两千多年前的西汉墓葬中就发掘出了剪刀，而纸张要等到东汉时期的蔡伦才被发明出来。也就是说，在纸出现时，剪刀早就流行了上百年了。这种纸张裁剪艺术一出现就是剪纸艺术，根本就没有从撕纸开始过渡的必要性。发明撕纸的人就是故意不用剪刀改用手撕罢了。,2022-02-21 13:05:05,6,评论,这撕纸艺术感觉就是，别人用弓射箭，他非要练习用手投箭一样。难度的确是更难了，但精确度也更低了。我国早在两千多年前的西汉墓葬中就发掘出了剪刀，而纸张要等到东汉时期的蔡伦才被发明出来。也就是说，在纸出现时，剪刀早就流行了上百年了。这种纸张裁剪艺术一出现就是剪纸艺术，根本就没有从撕纸开始过渡的必要性。发明撕纸的人就是故意不用剪刀改用手撕罢了。,0.0076
看了你的评论我在网上检索了一下有关这位老师的资料，根据这位老师的自述，他是从退休以后才开始接触这门艺术的，而我查到他的师傅胡立德先生则是作为美术老师的业余爱好，在剪纸之余学的，而且也有很多关于青少年撕纸有利于小脑发育的说法，所以我觉得撕纸这门艺术可能它的价值就更多的在于这个过程的自由，而不是像剪纸一样从画稿子开始产出精细的作品（而且在查询的过程中也确实看到了一些惊艳我的撕纸），所以对于真正发明撕纸的人或许就是一时手痒还没带剪刀[doge]，而这门艺术的价值更多的可能也是在于安全性和趣味性吧（毕竟也看到了很多关于撕纸锻炼小脑的说法）[坎公骑冠剑_吃鸡],2022-02-22 16:12:21,5,回复,看了你的评论我在网上检索了一下有关这位老师的资料，根据这位老师的自述，他是从退休以后才开始接触这门艺术的，而我查到他的师傅胡立德先生则是作为美术老师的业余爱好，在剪纸之余学的，而且也有很多关于青少年撕纸有利于小脑发育的说法，所以我觉得撕纸这门艺术可能它的价值就更多的在于这个过程的自由，而不是像剪纸一样从画稿子开始产出精细的作品（而且在查询的过程中也确实看到了一些惊艳我的撕纸），所以对于真正发明撕纸的人或许就是一时手痒还没带剪刀,0.8816
那你这样理解是不是很多非遗都没有什么用了,2022-02-22 16:39:23,5,回复,那你这样理解是不是很多非遗都没有什么用了,0.0304
那你要不直接说你不理解的，就都没意义,2022-02-22 20:26:53,4,回复,那你要不直接说你不理解的，就都没意义,0.127
我有个小小的疑问，剪纸和撕纸表现手法自己技术等等有什么本质上的不同吗？,2022-02-20 13:30:36,5,评论,我有个小的疑问，剪纸和撕纸表现手法自己技术等有什么本质上的不同吗？,0.0347
撕纸，是一种以手代刀，以撕代剪的古老非遗技艺。2015年，“撕纸”列入上海市非物质文化遗产。,2022-02-20 15:30:34,5,回复,撕纸，是一种以手代刀，以撕代剪的古老非遗技艺。2015年，“撕纸”列入上海市非物质文化遗产。,0.9388
一个靠工具一个靠手（？）一个整整齐齐一个有明显的手作痕迹（？）,2022-02-20 14:59:04,6,回复,一个靠工具一个靠手（？）一个整齐一个有明显的手作痕迹（？）,0.1272
古代剪刀不多，菜刀也不多，反映生产力落后，是时代的缩影,2022-02-20 23:05:14,5,回复,古代剪刀不多，菜刀也不多，反映生产力落后，是时代的缩影,0.0367
有些文化看个乐呵就行了又没逼你去继承，哪里来那么多“没必要”，“没意义”，“我不明白”，特别是说没有剪刀的，没看到标题是撕纸吗就得手撕才叫撕纸啊，还问古时候没有剪刀吗，有是有啊，但家家户户都有吗？啥问题这是。为什么撕纸能传下来不就是古时大部分有需求啰，到近代不需要了不就成非遗了,2022-02-21 01:08:32,6,评论,有些文化看个乐呵就行了又没逼你去继承，哪里来那么多“没必要”，“没意义”，“我不明白”，特别是说没有剪刀的，没看到标题是撕纸吗就得手撕才叫撕纸啊，还问古时候没有剪刀吗，有是有啊，但家户都有吗？啥问题这是。为什么撕纸能传下来不就是古时大部分有需求啰，到近代不需要了不就成非遗了,0.0128
说得好，而且剪纸不是随便一个剪刀就可以的，如果想剪的好，剪刀都得大大小小好多把（当然也有可能是现代人比古人更依赖趁手的工具），我当初学剪纸放学以后跑了好远就是为了买好用的剪刀，我那还是初学，古人肯定没那么多剪刀，能手撕就更方便，挺厉害的,2022-02-21 05:18:06,4,回复,说得好，而且剪纸不是随便一个剪刀就可以的，如果想剪的好，剪刀都得大小好多把（当然也有可能是现代人比古人更依赖趁手的工具），我当初学剪纸放学以后跑了好远就是为了买好用的剪刀，我那还是初学，古人肯定没那么多剪刀，能手撕就更方便，挺厉害的,0.9843
的确这个世界太多牛马蛇神了，尤其是网上[囧],2022-02-21 01:12:29,5,回复,的确这个世界太多牛马蛇神了，尤其是网上,0.6882
人类发展为了就是为了诗意栖居，批评的话就本末倒置了。,2022-02-21 04:25:10,5,回复,人类发展为了就是为了诗意栖居，批评的话就本末倒置了。,0.3252
撕纸和剪纸有什么区别吗？感觉原理一样,2022-02-20 22:11:46,5,评论,撕纸和剪纸有什么区别吗？感觉原理一样,0.1059
原理一样 难度不一样 剪刀可以随心所欲 手撕在某些地方是很难把控的,2022-02-20 23:42:17,5,回复,原理一样 难度不一样 剪刀可以随心所欲 手撕在某些地方是很难把控的,0.884
回复 @卡噗球球 :如果单纯追求难度的话，那我还能发明个咬纸呢，不比你撕纸难多了？同样是手工，撕纸相对剪纸没有任何优越性。这单纯是在用一种更低级的方式来创造更粗糙的作品罢了。,2022-02-21 09:03:49,6,回复,回复 @卡噗球 :如果单纯追求难度的话，那我还能发明个咬纸呢，不比你撕纸难多了？同样是手工，撕纸相对剪纸没有任何优越性。这单纯是在用一种更低级的方式来创造更粗糙的作品罢了。,0.0053
自然是没有勾勒的剪，直接撕出来就很厉害啊,2022-02-20 23:13:59,5,回复,自然是没有勾勒的剪，直接撕出来就很厉害啊,0.2873
球球不要这么随意，不然我会以为我也可以[尴尬],2022-02-20 23:16:58,3,评论,球不要这么随意，不然我会以为我也可以,0.2844
老师我是真喜欢，真想学，可是，我不配啊[大哭],2022-02-20 21:00:48,5,评论,老师我是真喜欢，真想学，可是，我不配啊,0.448
我看到弹幕问剪纸和撕纸有什么区别，我觉得确实没有区别，对我来说都一样难[doge][doge],2022-02-20 18:40:34,3,评论,我看到弹幕问剪纸和撕纸有什么区别，我觉得确实没有区别，对我来说都一样难,0.3492
"我一看标题,哦，剪纸。再一看标题撕。。。？ 撕！！！！！！",2022-02-20 15:00:37,5,评论,"我一看标题,哦，剪纸。再一看标题撕。？ 撕！",0.0039
这种非遗没了也无甚可惜……[尴尬],2022-02-21 02:39:17,2,评论,这种非遗没了也无甚可惜…,0.0806
没有美感和技术性，没了就没了,2022-02-24 16:08:37,5,回复,没有美感和技术性，没了就没了,0.1383
。。。,2022-02-22 21:59:26,5,回复,。,0.5418
竟然还有花纹就离谱,2022-02-21 00:59:13,5,评论,竟然还有花纹就离谱,0.0155
救命，我好喜欢听这个撕纸的声音,2022-02-21 00:15:05,5,评论,救命，我好喜欢听这个撕纸的声音,0.9663
下面，我给大家撕一个碎碎平安的碎[doge],2022-02-21 00:06:09,4,评论,下面，我给大家撕一个碎平安的碎,0.0312
手指骨节粗大，像是攀岩运动员一般，足以显示出练习这门技艺的不易，真正的传统手艺人！[点赞],2022-02-20 23:52:55,5,评论,手指骨节粗大，像是攀岩运动员一般，足以显示出练习这门技艺的不易，真正的传统手艺人！,0.3404
小时候会撕一个 囍 哈哈哈,2022-02-20 17:42:41,5,评论,小时候会撕一个 囍 哈,0.904
一开始我以为他能撕出“年年有余”四个字！哇哦！[星星眼]看到一半我以为不仅如此，轮廓还是个鱼形！哇哦！[星星眼]最后他要展开的时候我都已经准备“哇哦”了！[星星眼]展开后…不瞒各位说，我非常失望。[囧][疑惑][无语]感觉该技能仅能预防老年痴呆。而且知道成品之后再看一遍视频，就觉得过程手法没那么不能理解了。唉…喷吧…真实想法我得说出来…还是嘴硬辩白一下。作为一名退伍军人，我非常爱国，甚至有点愤青。我尊重他人爱好，也尊重他人维护非遗的精神。但说心里话，而且客气点说:这种水平如果算行业大师的话，该非遗，并无太大存在价值。,2022-02-22 02:38:06,4,评论,一开始我以为他能撕出“年有余”四个字！哇哦！感觉该技能仅能预防老年痴呆。而且知道成品之后再看一遍视频，就觉得过程手法没那么不能理解了。唉…喷吧…真实想法我得说出来…还是嘴硬辩白一下。作为一名退伍军人，我非常爱国，甚至有点愤青。我尊重他人爱好，也尊重他人维护非遗的精神。但说心里话，而且客气点说:这种水平如果算行业大师的话，该非遗，并无太大存在价值。,0.0072
同感,2022-02-22 18:29:19,5,回复,同感,0.1866
猴呢，弹幕里的猴呢，出了让我康康,2022-02-22 19:58:44,3,评论,猴呢，弹幕里的猴呢，出了让我康,0.8784
撕纸的话和剪纸的不同就是撕纸可能会有撕扯中的纹理更质朴自然 如果丰富一些的作品想象一下可能也会很有趣 虽然可能不如剪纸更加精细效率更高啦 但是艺术形式何谈优劣之分呢 欣赏就好了 而且仔细想想撕纸不需要其他工具 仅一张纸一双手也很有趣嘛,2022-02-22 15:13:20,5,评论,撕纸的话和剪纸的不同就是撕纸可能会有撕扯中的纹理更质朴自然 如果丰富一些的作品想象一下可能也会很有趣 虽然可能不如剪纸更加精细效率更高啦 但是艺术形式何谈优劣之分呢 欣赏就好了 而且仔细想撕纸不需要其他工具 仅一张纸一双手也很有趣嘛,0.9849
【海派撕纸 ——【指尖上的非遗慕课第四期】第02集 工具材料篇-哔哩哔哩】 https://b23.tv/LIQQPDP这个视频里还展示了他更多的撕纸作品 可以看到也是很有观赏性的,2022-02-22 15:20:00,5,回复,【海派撕纸 —【指尖上的非遗慕课第四期】第02集 工具材料篇-哔哩】 htps:/b23.tv/LIQPDP这个视频里还展示了他更多的撕纸作品 可以看到也是很有观赏性的,0.9765
老爷子太紧张了吧[汤圆],2022-02-22 08:47:35,5,评论,老爷子太紧张了吧,0.6534
我小学的时候我会撕奥特曼，那个泰罗奥特曼，班上很多人都让我给他们撕一个，后面他们还让我教他们哈哈哈，好怀念呀！[哈哈],2022-02-21 00:55:39,6,评论,我小学的时候我会撕奥特曼，那个泰罗奥特曼，班上很多人都让我给他们撕一个，后面他们还让我教他们哈，好怀念呀！,0.9042
我画都画不了这么工整[酸了],2022-02-21 00:49:33,4,评论,我画都画不了这么工整,0.6307
你们的素养都好高！还会评论呢！[跪了],2022-02-20 23:48:26,3,评论,你们的素养都好高！还会评论呢！,0.6945
我亲眼看到播放量从12万变成15万，点赞从2.2万变成2.5万，评论从199条变成249条，投币从370到451[汤圆],2022-02-20 23:39:42,2,评论,我亲眼看到播放量从12万变成15万，点赞从2,0.8491
《教你》[doge],2022-02-20 23:39:01,4,评论,《教你》,0.6551
玩出了名堂[冰墩墩],2022-02-20 23:34:29,5,评论,玩出了名堂,0.3854
然后只卖999,2022-02-20 23:29:58,4,评论,然后只卖9,0.3688
"撕纸是一种类似剪纸但和剪纸不同的平面镂空艺术,因为不需要画草稿而且不需要工具,是一种完全用自己的身体来跟纸交流的艺术。撕纸是一种类似剪纸但和剪纸不同的平面镂空艺术,因为不需要画草稿而且不需要工具,是一种完全用自己的身体来跟纸交流的艺术。撕纸限制一个撕纸家是受到很多方面的限制的，首先作品的产量很低，因为手很容易淤血和肿胀，只有真正热爱这门艺术的人才能忍受。指甲也是限制之一由于指甲难以承受长时间使用，一不小心就会断掉，造成撕纸家数周无法创作的尴尬处境。由于以上两点的限制所以撕纸作品尺寸大多都比较小。而且撕纸家一般不画草稿，这就要求撕纸者有高超的想象力和记忆力对于图案的每个部分都清晰地记在心中，容不得半点马虎否则前功尽弃。",2022-02-20 23:21:51,3,评论,"撕纸是一种类似剪纸但和剪纸不同的平面镂空艺术,因为不需要画草稿而且不需要工具,是一种完全用自己的身体来跟纸交流的艺术。撕纸限制一个撕纸家是受到很多方面的限制的，首先作品的产量很低，因为手很容易淤血和肿胀，只有真正热爱这门艺术的人才能忍受。指甲也是限制之一由于指甲难以承受长时间使用，一不小心就会断掉，造成撕纸家数周无法创作的尴尬处境。由于以上两点的限制所以撕纸作品尺寸大多都比较小。而且撕纸家一般不画草稿，这就要求撕纸者有高超的想象力和记忆力对于图案的每个部分都清晰地记在心中，容不得半点马虎否则前功尽弃。",0.1662
UP加油！！！传统文化需要更多的走进人们的事野！！！,2022-02-20 23:17:16,3,评论,UP加油！传统文化需要更多的走进人们的事野！,0.9238
[热词系列_好耶]如果放两到三个机位，背景放古风的轻音乐，看的人会不会增加,2022-02-20 22:49:36,6,评论,如果放两到三个机位，背景放古风的轻音乐，看的人会不会增加,0.2405
离大谱[笑哭]嘶得都比我剪得好,2022-02-20 20:05:45,5,评论,离大谱嘶得都比我剪得好,0.6273
我从小到大撕过那么多纸，今天被你一整，整的我都疑惑之前撕的到底是不是纸了,2022-02-20 18:04:00,5,评论,我从小到大撕过那么多纸，今天被你一整，整的我都疑惑之前撕的到底是不是纸了,0.1964
我国早在两千多年前的西汉墓葬中就发掘出了剪刀，而纸张要等到东汉时期的蔡伦才被发明出来。也就是说，在纸出现时，剪刀早就流行了上百年了。这种纸张裁剪艺术一出现就是剪纸艺术，根本就没有从撕纸开始过渡的必要性。这撕纸艺术感觉就是，别人用弓射箭，他非要练习用手投箭一样。难度的确是更难了，实则没必要。,2022-02-21 09:27:41,6,评论,我国早在两千多年前的西汉墓葬中就发掘出了剪刀，而纸张要等到东汉时期的蔡伦才被发明出来。也就是说，在纸出现时，剪刀早就流行了上百年了。这种纸张裁剪艺术一出现就是剪纸艺术，根本就没有从撕纸开始过渡的必要性。这撕纸艺术感觉就是，别人用弓射箭，他非要练习用手投箭一样。难度的确是更难了，实则没必要。,0.0091
我心软，看不得这些,2022-02-22 20:06:51,4,评论,我心软，看不得这些,0.1475
这也算非遗，那卖油翁是不是也可以[藏狐],2022-02-22 18:34:58,5,评论,这也算非遗，那卖油翁是不是也可以,0.5571
学会了！我给大家撕个碎报纸吧[鼓掌],2022-02-22 18:03:20,5,评论,学会了！我给大家撕个碎报纸吧,0.1102
会不会以前没有剪刀的时候想做剪纸就用手撕了。,2022-02-22 18:01:02,4,评论,会不会以前没有剪刀的时候想做剪纸就用手撕了。,0.3597
我觉得这个，，，没有很厉害啊，，，说实话,2022-02-22 17:40:19,4,评论,我觉得这个，没有很厉害啊，说实话,0.2414
我的手就是尺[羞羞][羞羞][羞羞],2022-02-22 17:07:52,4,评论,我的手就是尺,0.5932
西巴偷得走吗？好像可以，但又好像不行，没那实力，但又有那脸皮,2022-02-22 16:32:07,3,评论,西巴偷得走吗？好像可以，但又好像不行，没那实力，但又有那脸皮,0.0255
哈哈哈哈哈哈哈,2022-02-22 16:58:48,5,回复,哈,0.7862
看看人家撕纸，再看看我撕的，说是狗啃的都是再抬举我[doge],2022-02-22 15:28:42,5,评论,看人家撕纸，再看我撕的，说是狗啃的都是再抬举我,0.0127
哈哈哈哈哈哈哈,2022-02-22 16:31:21,4,回复,哈,0.7862
来，兄弟们鼓掌👏🏻👏🏻👏🏻👏🏻👏🏻👏🏻👏🏻,2022-02-22 15:08:44,4,评论,来，兄弟们鼓掌👏🏻,0.9796
此时一位哈批拿起了还没写的寒假作业[妙啊],2022-02-22 14:42:32,3,评论,此时一位哈批拿起了还没写的寒假作业,0.3174
说就这的我******************[脱单doge],2022-02-22 14:30:44,4,评论,说就这的我,0.3463
等我学会了，我开学前就能把作业撕出花来了,2022-02-22 13:35:57,3,评论,等我学会了，我开学前就能把作业撕出花来了,0.2208
唉撕纸咱都比不过尊重传统爱我中华[OK],2022-02-22 13:09:11,4,评论,唉撕纸咱都比不过尊重传统爱我中华,0.5809
人家撕纸，我小时候也撕纸，我撕出来的是一堆废纸[呆],2022-02-22 13:06:03,4,评论,人家撕纸，我小时候也撕纸，我撕出来的是一堆废纸,0.0843
中国好东西很多呢，能一直坚持有一件事都超了不起[打call][打call],2022-02-22 12:35:06,2,评论,中国好东西很多呢，能一直坚持有一件事都超了不起,0.8913
你撕了一个年年有余我撕了一个碎碎平安[囧],2022-02-22 12:18:46,4,评论,你撕了一个年有余我撕了一个碎平安,0.0786
哈哈哈哈哈,2022-02-22 12:30:11,4,回复,哈,0.7862
好看,2022-02-22 11:46:36,4,评论,好看,0.9825
有的人撕纸撕出来画，有的人撕纸挨顿打。,2022-02-22 11:33:02,5,评论,有的人撕纸撕出来画，有的人撕纸挨顿打。,0.1541
隔着屏幕给华爷爷鼓掌👏,2022-02-22 11:26:21,4,评论,隔着屏幕给华爷鼓掌👏,0.9846
我：我在学习非遗我妈：滚！,2022-02-22 11:15:40,5,评论,我：我在学习非遗我妈：滚！,0.0433
爷爷好厉害[打call][打call][打call][打call],2022-02-22 10:01:50,5,评论,爷好厉害,0.8284
爷爷太厉害了[原神_鼓掌][原神_鼓掌],2022-02-22 03:11:48,5,评论,爷太厉害了,0.115
我觉得旁边摆的比这个精细的多，这个撕的实不怎么样，是时间太紧张吗,2022-02-22 02:13:03,4,评论,我觉得旁边摆的比这个精细的多，这个撕的实不怎么样，是时间太紧张吗,0.0438
这个撕纸我小时候我奶奶教过我 当时没有玩具 就是撕一些废纸玩 我已经很久没有撕了都忘记了  现在在一看真是感觉太有年代感了[汤圆],2022-02-21 15:17:39,5,评论,这个撕纸我小时候我奶教过我 当时没有玩具 就是撕一些废纸玩 我已经很久没有撕了都忘记了 现在一看真是感觉太有年代感了,0.3096
尺手尺,2022-02-21 14:50:41,5,评论,尺手尺,0.6055
我之前学人家剪纸都没剪利索师傅您这又吸引我去撕纸，不说了，我妈还在拿墩布打我,2022-02-21 14:38:32,5,评论,我之前学人家剪纸都没剪利索师傅您这又吸引我去撕纸，不说了，我妈还在拿墩布打我,0.1159
问一下谁会撕奥特曼。,2022-02-21 12:41:52,4,评论,问一下谁会撕奥特曼。,0.0946
无他，唯手熟尔,2022-02-21 10:22:17,5,评论,无他，唯手熟尔,0.1634
客观来说，并不好看，不然也不会成为非遗了。但还是希望有人去传承,2022-02-21 09:59:00,5,评论,客观来说，并不好看，不然也不会成为非遗了。但还是希望有人去传承,0.0328
能不能把我撕聪明一点[保卫萝卜_问号],2022-02-21 09:49:11,4,评论,能不能把我撕聪明一点,0.1344
感觉真的不难啊。。撕纸比剪刀还好控制吧，而且最终效果也不好看。真的，平心而论，爷爷身体健康,2022-02-21 09:11:55,5,评论,感觉真的不难啊。撕纸比剪刀还好控制吧，而且最终效果也不好看。真的，平心而论，爷身体健康,0.1027
不是很像啊  个人观点 喷子不要爆破我,2022-02-21 08:54:47,3,评论,不是很像啊 个人观点 喷子不要爆破我,0.0071
非遗需要发展，一股脑撕的比剪的还好，是极大的悲哀，自信点，任何传统技艺在现代人面前都没那么神秘,2022-02-21 08:51:08,6,评论,非遗需要发展，一股脑撕的比剪的还好，是极大的悲哀，自信点，任何传统技艺在现代人面前都没那么神秘,0.3202
一个月后：西贝er，我们韩国滴撕纸！51亿年前就有了思密达[doge],2022-02-21 08:45:07,4,评论,一个月后：西贝er，我们韩国滴撕纸！51亿年前就有了思密达,0.3387
他撕纸，撕着跟玩一样我撕纸，撕的跟玩一样看来我们俩的差距不大，也就一字之差[doge],2022-02-21 08:15:09,6,评论,他撕纸，撕着跟玩一样我撕纸，撕的跟玩一样看来我们俩的差距不大，也就一字之差,0.1024
在申了思密达[tv_doge],2022-02-21 03:48:13,5,评论,在申了思密达,0.2272
我觉得不太行,2022-02-21 03:04:10,6,评论,我觉得不太行,0.2481
中国很多文化被别的国家偷走甚至本国许多文化靠别的国家发扬光大使得很多欧美国家以为该文化不属于中国的很大一部分原因是因为国人不注重这些文化，甚至觉得《无用》，当你问出有没有意义，卖不了几个钱，没什么用，xxx可以代替的时候。这种文化就已经在你这儿消失了。,2022-02-21 02:46:13,5,评论,中国很多文化被别的国家偷走甚至本国许多文化靠别的国家发扬光大使得很多欧美国家以为该文化不属于中国的很大一部分原因是因为国人不注重这些文化，甚至觉得《无用》，当你问出有没有意义，卖不了几个钱，没什么用，x可以代替的时候。这种文化就已经在你这儿消失了。,0.0093
我只想说徒有其表[tv_doge][tv_doge][tv_doge],2022-02-21 02:39:02,5,评论,我只想说徒有其表,0.0362
看视频：[哦呼][点赞][给心心][给心心]看评论：[疑惑][辣眼睛][辣眼睛][辣眼睛],2022-02-21 02:19:49,5,评论,看视频：,0.7238
我为大家撕一个 岁岁平安,2022-02-21 02:09:29,5,评论,我为大家撕一个 岁平安,0.5901
有些好奇这个和剪纸属于同时期同源还是衍生呀 有点感兴趣.以前是学过一些剪纸 剪窗花和年年有余燕子等等都会虽然很慢 而且是小学的时候学的了xxx,2022-02-21 02:09:40,5,评论,有些好奇这个和剪纸属于同时期同源还是衍生呀 有点感兴趣.以前是学过一些剪纸 剪窗花和年有余燕子等都会虽然很慢 而且是小学的时候学的了x,0.815
[笑哭]貌似撕的也不好看啊，感觉要被喷了。,2022-02-21 01:40:25,6,评论,貌似撕的也不好看啊，感觉要被喷了。,0.0392
无剪辑，现场撕，你还想怎么样。我个破画画的要给你演示那不也是随手画一个，平时约稿子，活动图之类的那不画好几天？谁他妈演示给人搞个大的？,2022-02-22 11:53:18,5,回复,无剪辑，现场撕，你还想怎么样。我个破画的要给你演示那不也是随手画一个，平时约稿子，活动图之类的那不画好几天？谁他妈演示给人搞个大的？,0.0148
快去抽奖[给心心],2022-02-22 02:27:50,5,回复,快去抽奖,0.92
可以去搜搜老爷子，很多复杂且精美的作品,2022-02-22 21:17:08,5,回复,可以去搜老爷子，很多复杂且精美的作品,0.9494
这有个什么文化。。。就是落后的生产力环境中造就的没啥用技术+1艺术可以不讲精度，但是必须要有其独特的特征，不可被其他艺术形式所模仿的。这算什么艺术？,2022-02-21 01:35:44,5,评论,这有个什么文化。就是落后的生产力环境中造就的没啥用技术+1艺术可以不讲精度，但是必须要有其独特的特征，不可被其他艺术形式所模仿的。这算什么艺术？,0.0221
没感觉多厉害，但可以弄成孩子的手工课，避免了剪刀的危险性。还是搞成早教方面的靠谱些，真正的大工程大艺术还是让剪纸上吧。,2022-02-21 01:34:14,5,评论,没感觉多厉害，但可以弄成孩子的手工课，避免了剪刀的危险性。还是搞成早教方面的靠谱些，真正的大工程大艺术还是让剪纸上吧。,0.4256
我还相信古人能撕的和剪的一样牛掰，可能单纯因为这位师傅只是小试牛刀还没大展身手吧,2022-02-21 01:36:40,5,回复,我还相信古人能撕的和剪的一样牛掰，可能单纯因为这位师傅只是小试牛刀还没大展身手吧,0.665
我以为最后要说献丑了，结果真的是“献丑了”,2022-02-21 01:27:47,4,评论,我以为最后要说献丑了，结果真的是“献丑了”,0.1802
看了那么多个非遗，我甚至觉得人类退化了[原神_嗯],2022-02-21 01:23:20,5,评论,看了那么多个非遗，我甚至觉得人类退化了,0.0885
有 手 就 行,2022-02-21 01:21:40,5,评论,有 手 就 行,0.6336
哇这个技术  也太强了  我照着样子剪都剪不这么好  古代劳动人民的智慧,2022-02-21 01:15:30,4,评论,哇这个技术 也太强了 我照着样子剪都剪不这么好 古代劳动人民的智慧,0.9499
撕冰墩墩雪容融那个你是想把老爷子送进去么[辣眼睛],2022-02-21 01:10:52,5,评论,撕冰墩雪容融那个你是想把老爷子送进去么,0.0934
爷爷太厉害啦！,2022-02-21 01:07:10,3,评论,爷太厉害啦！,0.3252
看了很多评论问为什么不用剪刀，用剪刀不是更美观吗我直接[捂脸],2022-02-21 01:00:52,5,评论,看了很多评论问为什么不用剪刀，用剪刀不是更美观吗我直接,0.0308
还说没有意义的，我真的,2022-02-21 01:01:29,5,回复,还说没有意义的，我真的,0.1686
我早都会了，你就先这样，再这样，再这样，再这样，再微笑就行了,2022-02-21 00:55:48,5,评论,我早都会了，你就先这样，再微笑就行了,0.5336
视频开始：撕纸谁不会？结尾：我绰！,2022-02-21 00:51:15,5,评论,视频开始：撕纸谁不会？结尾：我绰！,0.277
好看[虎年],2022-02-21 00:48:19,6,评论,好看,0.9825
嘤，想学了[doge],2022-02-21 00:49:57,5,评论,嘤，想学了,0.9462
鼓掌啊！鼓掌啊！！,2022-02-21 00:43:48,5,评论,鼓掌啊！,0.9603
四个字形容：跃然纸上,2022-02-21 00:39:35,5,评论,四个字形容：跃然纸上,0.6455
评论里怎么这么多喷子[翻白眼],2022-02-21 00:36:52,4,评论,评论里怎么这么多喷子,0.0196
我也会撕纸，比如在不会的题面前会撕的更好[汤圆][汤圆],2022-02-21 00:37:38,5,评论,我也会撕纸，比如在不会的题面前会撕的更好,0.5622
爷爷好可爱,2022-02-21 00:33:53,5,评论,爷好可爱,0.998
厉害的，赞赞,2022-02-21 00:29:06,5,评论,厉害的，赞,0.9916
撕纸最基本的要求，手部力量,2022-02-21 00:27:47,4,评论,撕纸最基本的要求，手部力量,0.9596
这证明你手残和工具没关系[原神_喝茶],2022-02-21 00:26:41,3,评论,这证明你手残和工具没关系,0.2054
好牛！,2022-02-21 00:23:25,5,评论,好牛！,0.7621
这个我会，以前小学天天撕这些玩意，就是撕得没这么工整,2022-02-21 00:23:08,5,评论,这个我会，以前小学天撕这些玩意，就是撕得没这么工整,0.0521
希望他不要炫技！！（把眼睛睁开[doge]）,2022-02-21 00:23:02,4,评论,希望他不要炫技！（把眼睛睁开）,0.2381
我的手会了，脑子还没会,2022-02-21 00:20:25,4,评论,我的手会了，脑子还没会,0.0748
长十双手我都撕不出来,2022-02-21 00:17:43,2,评论,长十双手我都撕不出来,0.0987
长这么大，第一次知道原来我连纸都不会撕[doge],2022-02-21 00:14:26,5,评论,长这么大，第一次知道原来我连纸都不会撕,0.2072
我小时候撕过！我撕的囍字,2022-02-21 00:09:06,6,评论,我小时候撕过！我撕的囍字,0.7465
我有狠狠鼓掌，请一定代大家向爷爷表示俺们的敬意[鼓掌][鼓掌][鼓掌][鼓掌],2022-02-21 00:07:48,4,评论,我有狠鼓掌，请一定代大家向爷表示俺们的敬意,0.9705
我警告你嗷小西八儿，这个憋偷！[阴险],2022-02-21 00:07:23,5,评论,我警告你嗷小西八儿，这个憋偷！,0.2397
我小时候也特别喜欢撕纸，搞一些奇形怪状，然后觉得贼有天赋，哈哈哈,2022-02-21 00:08:03,5,评论,我小时候也特别喜欢撕纸，搞一些奇形怪状，然后觉得贼有天赋，哈,0.9733
好强啊啊啊啊啊，好强 只会说这两个字了,2022-02-21 00:08:00,5,评论,好强啊，好强 只会说这两个字了,0.954
有的卖吗，好想要[汤圆],2022-02-21 00:06:17,5,评论,有的卖吗，好想要,0.7645
我以后不敢说自己会撕纸了，我是个残废，谢谢大家[大哭],2022-02-21 00:05:31,5,评论,我以后不敢说自己会撕纸了，我是个残废，谢大家,0.0439
看了看我的手，我还是不要浪费纸了。,2022-02-21 00:05:07,6,评论,看了看我的手，我还是不要浪费纸了。,0.3045
爷爷实在是实在是太厉害了！！！！！！！！,2022-02-21 00:02:06,5,评论,爷实在是太厉害了！,0.0939
迟早把西八国收复了，这样他就不算偷了,2022-02-20 23:59:49,3,评论,迟早把西八国收复了，这样他就不算偷了,0.01
有没有一种可能，剪纸和撕纸其实是同源的[保卫萝卜_问号]，就是在以前剪刀✂还没普及普通人还用不上的时候就是在用撕纸，后来剪刀普及了，大家觉得剪刀更规整更方便然后才变成了剪纸[思考][思考],2022-02-20 23:59:29,5,评论,有没有一种可能，剪纸和撕纸其实是同源的,0.4035
我小时候也撕,2022-02-20 23:58:38,4,评论,我小时候也撕,0.6962
我剪都剪不出来,2022-02-20 23:58:30,5,评论,我剪都剪不出来,0.1317
爷爷好可爱！爷爷超棒！！！给爷爷掌声！！！！！！给我鼓掌！！！！,2022-02-20 23:58:05,5,评论,爷好可爱！爷超棒！给爷掌声！给我鼓掌！,0.9987
每一部都会，连起来就不会了,2022-02-20 23:58:02,4,评论,每一部都会，连起来就不会了,0.3043
太厉害啦！,2022-02-20 23:57:22,5,评论,太厉害啦！,0.5155
太厉害了！！！！,2022-02-20 23:55:16,5,评论,太厉害了！,0.2656
撕纸和剪纸有什么区别[脸红],2022-02-20 23:29:59,5,评论,撕纸和剪纸有什么区别,0.6512
我们国家的传统文化居然有人说撕纸有什么意义？你活着有什么意义？这要是西巴国早就申遗保护起来弘扬了，真不知道咋想的,2022-02-20 23:22:12,5,评论,我们国家的传统文化居然有人说撕纸有什么意义？你活着有什么意义？这要是西巴国早就申遗保护起来弘扬了，真不知道咋想的,0.0054
还有人问和剪纸有什么区别，古代人没有剪刀吗？我特么……[翻白眼][翻白眼][翻白眼],2022-02-21 00:45:18,5,回复,还有人问和剪纸有什么区别，古代人没有剪刀吗？我特么…,0.2735
撕内普[doge],2022-02-20 23:21:32,4,评论,撕内普,0.6055
希望传承下去,2022-02-20 18:04:06,3,评论,希望传承下去,0.7324
原来我中小学一直在传承非遗[汤圆][汤圆][汤圆],2022-02-20 15:37:36,5,评论,原来我中小学一直在传承非遗,0.9082
厉害 厉害,2022-02-20 14:47:07,3,评论,厉害 厉害,0.5225
额，不黑，就这？[疑惑][疑惑],2022-02-20 13:13:12,5,评论,额，不黑，就这？,0.0285
我也觉得，这啥呀，并不好看啊,2022-02-20 15:48:25,5,回复,我也觉得，这啥呀，并不好看啊,0.2362
你行你来[微笑],2022-02-20 15:01:20,4,回复,你行你来,0.6091
这简单，就先这样，再那样，再这样，然后那样，再然后这样，最后这样，就成了[doge],2022-02-19 22:27:51,5,评论,这简单，就先这样，再那样，再这样，然后那样，再然后这样，最后这样，就成了,0.0169
镜头转的头晕,2022-02-19 20:20:15,5,评论,镜头转的头晕,0.4051
让我来的话这纸已经成碎片了[笑哭],2022-02-19 19:45:36,6,评论,让我来的话这纸已经成碎片了,0.1864
干撕呢？？[惊讶][惊讶],2022-02-19 15:53:05,5,评论,干撕呢？,0.1163
牛，这是真手艺,2022-02-19 10:26:51,4,评论,牛，这是真手艺,0.7631
小手撕纸,2022-02-21 10:23:36,5,评论,小手撕纸,0.4209
"查了一下，这所谓的撕纸只是""上海市非物质文化遗产""。而剪纸是""联合国教科文组织的非物质文化遗产""。",2022-02-21 09:06:20,6,评论,"查了一下，这所谓的撕纸只是""上海市非物质文化遗产""。而剪纸是""联合国教科文组织的非物质文化遗产""。",0.7277
然后呢，你要表达的意思是什么呢,2022-02-22 10:52:21,4,回复,然后呢，你要表达的意思是什么呢,0.1164
然后呢，你想表达什么,2022-02-22 20:19:44,4,回复,然后呢，你想表达什么,0.3175
《所谓的》[微笑],2022-02-22 11:54:47,5,回复,《所谓的》,0.6551
看着这么随意我上我也行，一上手，这啥玩意,2022-02-22 12:19:27,5,评论,看着这么随意我上我也行，一上手，这啥玩意,0.1338
跟剪纸有什么区别,2022-02-20 23:59:00,5,评论,跟剪纸有什么区别,0.61
回复 @木木疋呀 :那你连回复都没有必要回复呀，觉得看到不舒服，拉黑就好了呀，这么简单的方法都想不到的吗？你觉得我阴阳怪气那就阴阳怪气了呗，撕和剪是有区别的，使用剪刀剪的是剪纸，用手指撕的是撕纸，既然你认为这和剪纸没有区别，那我这是合理推测呀，拉黑不送哟,2022-02-22 13:03:57,4,回复,回复 @木疋呀 :那你连回复都没有必要回复呀，觉得看到不舒服，拉黑就好了呀，这么简单的方法都想不到的吗？你觉得我阴阳怪气那就阴阳怪气了呗，撕和剪是有区别的，使用剪刀剪的是剪纸，用手指撕的是撕纸，既然你认为这和剪纸没有区别，那我这是合理推测呀，拉黑不送哟,0.0052
人家叫撕纸,2022-02-21 08:39:38,5,回复,人家叫撕纸,0.1724
原来你剪纸是用手撕的呀，那你的手指一定像剪刀一样锋利吧,2022-02-22 12:34:28,4,回复,原来你剪纸是用手撕的呀，那你的手指一定像剪刀一样锋利吧,0.6367
说就这的我******************[脱单doge],2022-02-22 14:30:44,4,评论,说就这的我,0.3463
没我用剪子剪的整齐[滑稽][滑稽][滑稽],2022-02-21 00:24:27,4,评论,没我用剪子剪的整齐,0.6678
传承下去不要听B站上，某本国家的家犬[打call],2022-02-20 21:49:01,3,评论,传承下去不要听B站上，某本国家的家犬,0.463
加油。,2022-02-20 21:49:10,3,回复,加油。,0.9056
赚不到钱，没人想学的,2022-02-20 16:07:03,6,评论,赚不到钱，没人想学的,0.0423
回复 @日行一画 :多余这俩字不是你自己说的吗[嗑瓜子],2022-02-21 10:28:03,6,回复,回复 @日行一画 :多余这俩字不是你自己说的吗,0.1502
照你那么说，非遗都是多余的?,2022-02-21 01:09:40,4,回复,照你那么说，非遗都是多余的?,0.1214
回复 @老呀么老记忆 :笑死 你没看楼主怎么说的，没眼睛还是怎么的 挣不到钱就否决，还是眼里只有赚钱,2022-02-21 12:16:16,4,回复,回复 @老呀么老记忆 :笑死 你没看楼主怎么说的，没眼睛还是怎么的 挣不到钱就否决，还是眼里只有赚钱,0.0068
不明白,2022-02-21 00:09:26,6,评论,不明白,0.0618
没必要，以前可能没剪刀吧，剪纸一样，没必要搞非遗。,2022-02-20 14:38:03,5,评论,没必要，以前可能没剪刀吧，剪纸一样，没必要搞非遗。,0.0679
照你这么说，这个世界上就没什么有资格能评上非遗,2022-02-20 15:00:59,5,回复,照你这么说，这个世界上就没什么有资格能评上非遗,0.2197
回复 @好大的风10 :它能流传下来肯定有它的意义，国家肯定知道他的重要性，你也不是随随便便一句就算了的,2022-02-20 23:38:18,5,回复,回复 @好大的风10 :它能流传下来肯定有它的意义，国家肯定知道他的重要性，你也不是随便一句就算了的,0.5395
你觉得没必要，然后被小西八拿走，到时候跳脚都晚了,2022-02-21 05:08:02,5,回复,你觉得没必要，然后被小西八拿走，到时候跳脚都晚了,0.3249
有手就行,2022-02-20 23:34:26,5,评论,有手就行,0.5882
来来来，你来一个,2022-02-22 12:24:35,4,回复,来，你来一个,0.7694
录个视频发出来，我想观摩观摩[给心心],2022-02-22 11:56:05,5,回复,录个视频发出来，我想观摩,0.3863
来一个，我给你三连[热词系列_三连][吃瓜],2022-02-21 11:02:42,5,回复,来一个，我给你三连,0.5336
为什么不剪呢，我理解不来,2022-02-20 18:51:45,4,评论,为什么不剪呢，我理解不来,0.0381
回复 @Manymauranm :那为什么现在还有人写书法，不用打印机呢？,2022-02-21 06:28:45,5,回复,回复 @Manymauranm :那为什么现在还有人写书法，不用打印机呢？,0.2639
回复 @Manymauranm :？不是说了非遗吗，证明我们古时候有这东西。你咋不回古代问问他们咋不用剪刀呢,2022-02-21 05:07:18,5,回复,回复 @Manymauranm :？不是说了非遗吗，证明我们古时候有这东西。你咋不回古代问他们咋不用剪刀呢,0.0177
回复 @Manymauranm :“非物质”“文化遗产”，上过三年学都不能说出这话吧？,2022-02-21 11:09:22,5,回复,回复 @Manymauranm :“非物质”“文化遗产”，上过三年学都不能说出这话吧？,0.1839
那些说“这又有什么的”人，你们去了解一下就知道有多难了,2022-02-26 00:28:39,5,评论,那些说“这又有什么的”人，你们去了解一下就知道有多难了,0.3402
人家撕着和玩似的，我撕着也和玩似的,2022-02-23 01:17:46,5,评论,人家撕着和玩似的，我撕着也和玩似的,0.2491
人生一大错觉:这有什么难的[doge][doge][doge],2022-02-23 00:57:27,5,评论,人生一大错觉:这有什么难的,0.8957
爷爷好厉害啊！,2022-02-23 00:03:57,4,评论,爷好厉害啊！,0.7928
请大家不要吝啬点赞和关注位，在此谢过大家了[藏狐],2022-02-23 00:02:22,4,评论,请大家不要吝啬点赞和关注位，在此谢过大家了,0.9459
手指灵活，iq更高~,2022-02-23 00:01:15,5,评论,手指灵活，iq更高~,0.9109
好棒！[打call],2022-02-22 23:56:43,6,评论,好棒！,0.9945
🇰🇷：阿西吧，你们中国人都是抄袭我们的思密达！我还没想出来你们就抄袭走了思密达！！[吃瓜],2022-02-22 23:54:08,5,评论,🇰🇷：阿西吧，你们中国人都是抄袭我们的思密达！我还没想出来你们就抄袭走了思密达！,0.002
这个爷爷真的好可爱，最后完成的时候笑的好可爱。如果在现场绝对狠狠夸他，太厉害了,2022-02-22 23:48:46,3,评论,这个爷真的好可爱，最后完成的时候笑的好可爱。如果在现场绝对狠夸他，太厉害了,0.9925
我给大家撕一个岁岁平安[doge],2022-02-22 23:40:41,4,评论,我给大家撕一个岁平安,0.4889
第二天，小西巴国新闻:我国某著名大师用祖传撕纸手艺祝各位年年有余，我们会尽快帮他申遗[藏狐],2022-02-22 23:36:45,5,评论,第二天，小西巴国新闻:我国某著名大师用祖传撕纸手艺祝各位年有余，我们会尽快帮他申遗,0.5756
挺棒的,2022-02-22 23:33:33,2,评论,挺棒的,0.9785
我帕金森综合症能不能学习？,2022-02-22 23:30:47,5,评论,我帕金森综合症能不能学习？,0.0553
镜头能不能不要这么转 呜呜呜 看起来好累,2022-02-22 23:31:06,5,评论,镜头能不要这么转 呜 看起来好累,0.8833
好棒啊,2022-02-22 23:26:57,3,评论,好棒啊,0.9934
大师给我撕撕我的作业吧,2022-02-22 23:26:36,5,评论,大师给我撕我的作业吧,0.3313
撕个鬼子出来，就叫《手撕鬼子》[doge],2022-02-22 23:24:35,5,评论,撕个鬼子出来，就叫《手撕鬼子》,0.1312
666,2022-02-22 23:23:50,6,评论,6,0.7166
看人家普通话说的多好,2022-02-22 23:22:22,5,评论,看人家普通话说的多好,0.573
他撕的和玩的一样。我撕的和玩的一样。可恶到底是那亿步没跟上[笑哭],2022-02-22 23:18:26,4,评论,他撕的和玩的一样。我撕的和玩的一样。可恶到底是那亿步没跟上,0.0662
大爷不仅厉害在一双手，还有他给我们展示他的作品的时候眼里的光，希望大家一把年纪的时候也可以有自己挚爱的事业,2022-02-22 23:17:15,5,评论,大爷不仅厉害在一双手，还有他给我们展示他的作品的时候眼里的光，希望大家一把年纪的时候也可以有自己挚爱的事业,0.877
眼睛：很简单的.大脑：试试手：滚,2022-02-22 23:17:00,5,评论,眼睛：很简单的.大脑：试手：滚,0.1657
把水烧开，今天这条鱼清炖[doge],2022-02-22 23:11:57,4,评论,把水烧开，今天这条鱼清炖,0.2015
他撕的和玩的一样。我撕的和玩的一样。可恶到底是那亿步没跟上[笑哭],2022-02-22 23:18:26,4,评论,他撕的和玩的一样。我撕的和玩的一样。可恶到底是那亿步没跟上,0.0662
大爷不仅厉害在一双手，还有他给我们展示他的作品的时候眼里的光，希望大家一把年纪的时候也可以有自己挚爱的事业,2022-02-22 23:17:15,5,评论,大爷不仅厉害在一双手，还有他给我们展示他的作品的时候眼里的光，希望大家一把年纪的时候也可以有自己挚爱的事业,0.877
眼睛：很简单的.大脑：试试手：滚,2022-02-22 23:17:00,5,评论,眼睛：很简单的.大脑：试手：滚,0.1657
把水烧开，今天这条鱼清炖[doge],2022-02-22 23:11:57,4,评论,把水烧开，今天这条鱼清炖,0.2015
希望爷爷能找到很多传人,2022-02-22 23:08:46,5,评论,希望爷能找到很多传人,0.892
眼睛告诉我，看看就好你娃不会[笑哭][笑哭][笑哭],2022-02-22 23:06:23,5,评论,眼睛告诉我，看就好你娃不会,0.1285
这是韩国人吧 giegie～[思考],2022-02-22 23:04:57,5,评论,这是韩国人吧 gie～,0.3915
真的好整齐啊！！！[大哭]不愧是非遗！！,2022-02-22 22:56:38,6,评论,真的好整齐啊！不愧是非遗！,0.9821
大师 试图教会我 可我！！真的学不会 😭,2022-02-22 22:49:29,4,评论,大师 试图教会我 可我！真的学不会 😭,0.8328
卧槽,2022-02-22 22:49:12,3,评论,卧槽,0.023
不是有啥好惊讶的，撕纸这玩意搁我们精神病院人人都会，我们撕的还是大报纸呢[妙啊][妙啊],2022-02-22 22:42:47,4,评论,不是有啥好惊讶的，撕纸这玩意搁我们精神病院人都会，我们撕的还是大报纸呢,0.027
天哪，这双手，看过后想哭,2022-02-22 22:34:54,5,评论,天哪，这双手，看过后想哭,0.5384
我以为他只是撕一条鱼没想到他真的撕了一条鱼,2022-02-22 22:24:53,4,评论,我以为他只是撕一条鱼没想到他真的撕了一条鱼,0.2333
爷爷真厉害[给心心],2022-02-22 22:23:33,5,评论,爷真厉害,0.9127
爷爷笑的太可爱啦吧,2022-02-22 22:23:33,4,评论,爷笑的太可爱啦吧,0.9512
脑子我会，手？,2022-02-22 22:20:48,5,评论,脑子我会，手？,0.0307
棒子偷这个我看看来,2022-02-22 22:10:51,5,评论,棒子偷这个我看来,0.0266
舒服,2022-02-22 22:06:47,5,评论,舒服,0.9567
就这？,2022-02-22 22:03:53,5,评论,就这？,0.0485
好可怜的自卑人,2022-02-22 22:42:45,5,回复,好可怜的自卑人,0.4
剪纸不用剪刀，又多了一个非遗[OK],2022-02-22 22:01:24,5,评论,剪纸不用剪刀，又多了一个非遗,0.9239
偷国偷不走。哈哈哈哈没人教根本学不会,2022-02-22 21:54:39,6,评论,偷国偷不走。哈没人教根本学不会,0.1627
你看 我能撕个这个 你们猜猜是啥,2022-02-22 21:52:21,4,评论,你看 我能撕个这个 你们猜是啥,0.0814
@Monet-1,2022-02-22 21:47:09,5,评论,@Monet-1,0.8607
我觉得可以加入幼儿园或者小学生的课程。我那时候蛮喜欢撕纸的。,2022-02-22 21:46:04,4,评论,我觉得可以加入幼儿园或者小学生的课程。我那时候蛮喜欢撕纸的。,0.9061
小时候玩过，不过只会些简单的,2022-02-22 21:45:30,5,评论,小时候玩过，不过只会些简单的,0.8934
很好看啊，希望传承下去吧。,2022-02-22 21:41:28,5,评论,很好看啊，希望传承下去吧。,0.9507
我的手就是剪刀，[OK],2022-02-22 21:40:07,4,评论,我的手就是剪刀，,0.6377
不要撕的这么随意，让我感觉我也会[doge],2022-02-22 21:38:35,5,评论,不要撕的这么随意，让我感觉我也会,0.1975
你在第几层,2022-02-22 21:37:23,4,评论,你在第几层,0.5043
闭着眼撕？[泠鸢yousa_惊讶],2022-02-22 21:29:59,5,评论,闭着眼撕？,0.0674
撕出来的纸和剪纸很显然工具就不同，两个各有各的美感，撕出来的边缘乱中有序，出来的作品时间短但是还有有观赏性，给人一种轻松自在的感觉，剪纸就更加规整花时更多，看起来更加震撼，这位老师还有其他复杂精美的作品，那些说没必要的人，其实按一些热评，输营养液也能活为什么要吃饭呢？因为吃饭能带给我感官上的享受，一天下来又累又饿一顿饭就能治愈我，我看老师撕纸的时候我觉得很轻松自在，出来的成品也好看，让人感到舒适快乐这不就是最大的意义了吗？,2022-02-22 21:28:38,4,评论,撕出来的纸和剪纸很显然工具就不同，两个各有各的美感，撕出来的边缘乱中有序，出来的作品时间短但是还有观赏性，给人一种轻松自在的感觉，剪纸就更加规整花时更多，看起来更加震撼，这位老师还有其他复杂精美的作品，那些说没必要的人，其实按一些热评，输营养液也能活为什么要吃饭呢？因为吃饭能带给我感官上的享受，一天下来又累又饿一顿饭就能治愈我，我看老师撕纸的时候我觉得很轻松自在，出来的成品也好看，让人感到舒适快乐这不就是最大的意义了吗？,0.9919
人家撕出来是金鱼，我撕出来是多余[doge],2022-02-22 21:28:16,2,评论,人家撕出来是金鱼，我撕出来是多余,0.0749
爷爷爷爷，我想看手撕鬼子[滑稽],2022-02-22 21:29:17,5,评论,爷，我想看手撕鬼子,0.1936
真棒，要是拍摄的再详细清楚就更好了，可以有两个机位也会看的更清楚,2022-02-22 21:28:54,5,评论,真棒，要是拍摄的再详细清楚就更好了，可以有两个机位也会看的更清楚,0.9811
咱就是说，很棒,2022-02-22 21:24:07,2,评论,咱就是说，很棒,0.993
爷爷好厉害！撕的比我剪的都好看！！,2022-02-22 21:21:37,4,评论,爷好厉害！撕的比我剪的都好看！,0.9698
找🐵找的很累吧，彦祖[doge],2022-02-22 21:15:48,4,评论,找🐵找的很累吧，彦祖,0.4986
给👴爷爷👏鼓掌！！！,2022-02-22 21:14:43,5,评论,给👴爷👏鼓掌！,0.9752
爷爷好厉害,2022-02-22 21:14:18,5,评论,爷好厉害,0.8284
讲真的，金鱼？鲸鱼？,2022-02-22 21:10:16,2,评论,讲真的，金鱼？鲸鱼？,0.0182
找🐵找的很累吧，彦祖[doge],2022-02-22 21:15:48,4,评论,找🐵找的很累吧，彦祖,0.4986
给👴爷爷👏鼓掌！！！,2022-02-22 21:14:43,5,评论,给👴爷👏鼓掌！,0.9752
爷爷好厉害,2022-02-22 21:14:18,5,评论,爷好厉害,0.8284
讲真的，金鱼？鲸鱼？,2022-02-22 21:10:16,2,评论,讲真的，金鱼？鲸鱼？,0.0182
注定是韩国偷不了的[doge],2022-02-22 21:08:22,5,评论,注定是韩国偷不了的,0.0355
撕鬼子的，笑死我了！你要牛，你去撕小西八[笑哭],2022-02-22 21:07:15,3,评论,撕鬼子的，笑死我了！你要牛，你去撕小西八,0.0557
牛逼到离谱,2022-02-22 21:02:06,5,评论,牛逼到离谱,0.0411
手：你tm除了会拿我导，还tm能干啥[doge],2022-02-22 21:01:03,3,评论,手：你tm除了会拿我导，还tm能干啥,0.0109
同样都是撕纸，爷爷能撕出来年年有余，我只会把它撕成碎碎平安[委屈],2022-02-22 20:54:53,3,评论,同样都是撕纸，爷能撕出来年有余，我只会把它撕成碎平安,0.01
爷爷很棒！,2022-02-22 20:52:05,2,评论,爷很棒！,0.9931
爷爷真棒！！！,2022-02-22 20:50:06,5,评论,爷真棒！,0.9823
我已经心惊担颤怕撕坏，又知道肯定不会坏的，但是还是怕,2022-02-22 20:49:32,5,评论,我已经心惊担颤怕撕坏，又知道肯定不会坏的，但是还是怕,0.2504
人撕纸是艺术[点赞]，我那才叫真撕纸[妙啊],2022-02-22 20:47:24,3,评论,人撕纸是艺术,0.455
呃...,2022-02-22 20:42:46,5,评论,呃.,0.3524
有人在问为什么不用剪刀[脸红],2022-02-22 20:39:23,6,评论,有人在问为什么不用剪刀,0.2891
奇怪了，我那块没跟上呢,2022-02-22 20:37:27,6,评论,奇怪了，我那块没跟上呢,0.2676
我小时候就是被耽误了，一撕作业本就挨打,2022-02-22 20:34:55,4,评论,我小时候就是被耽误了，一撕作业本就挨打,0.1441
好棒[打call],2022-02-22 20:35:54,3,评论,好棒,0.9977
韩国人狂喜,2022-02-22 20:33:46,5,评论,韩国人狂喜,0.7508
up下次一定加上水印，以防被盗[打call],2022-02-22 20:31:19,4,评论,up下次一定加上水印，以防被盗,0.4413
初中表演过手撕窗花，报纸现场表演，成品震撼全班，那是种非常奇妙的感觉,2022-02-22 20:29:37,6,评论,初中表演过手撕窗花，报纸现场表演，成品震撼全班，那是种非常奇妙的感觉,0.9903
这撕的比我剪的都好看[傲娇],2022-02-22 20:27:14,4,评论,这撕的比我剪的都好看,0.9525
爷爷撕纸:年年有鱼额撕纸:碎碎平安看评论:都毁灭吧[辣眼睛],2022-02-22 20:27:10,5,评论,爷撕纸:年有鱼额撕纸:碎平安看评论:都毁灭吧,0.0535
[点赞],2022-02-22 20:26:23,4,评论,,0.5667
录视频的伙伴也多给匠人一点喝彩吧~会更有温度的,2022-02-22 20:22:59,4,评论,录视频的伙伴也多给匠人一点喝彩吧~会更有温度的,0.8015
虽然但是没有配BGM真的太棒拉！好解压[星星眼]沉浸式撕纸了[笑哭],2022-02-22 20:20:41,5,评论,虽然但是没有配BGM真的太棒拉！好解压,0.993
弹幕说好丑的…？,2022-02-22 20:18:13,5,评论,弹幕说好丑的…？,0.3681
脑子：我学会了。    手：我学废了,2022-02-22 20:13:29,3,评论,脑子：我学会了。 手：我学废了,0.0735
脑子会了，手没会,2022-02-22 20:13:09,4,评论,脑子会了，手没会,0.0511
我今天去小区后面老婆婆的地里偷菜，我拿了两个超市塑料袋子装了两袋子，脱外套把菜包里面夹在右手肩下，假装跑步跑热了脱下衣服，我走着走着看见前面有几老头老婆婆一直看着我，我放慢步伐假装玩手机偷偷的抬头看，但还是有两三个一只盯着我看目不转睛的看着我，我承认我慌了里面有个50多岁比较年轻也看着我衣服，我走到大概20米距离我转身就走慢慢的走，耳朵一直听后面走了很久回头看没人我在路边公交车站拿出菜提着，装作很自然的样子跟超市买菜的回来一样，走到小区门口门口旁边有很多老婆婆卖菜我又买了两袋子菜，我买完了走了大概2米有个老头问我这菜好吃么(我当时就觉得很奇怪我也不认识这老头为什么这老头要问我)，我随口回答他是：是的加点猪油炒这菜好吃，我手里拿着手机我一边刷着抖音一边用眼角余光瞟旁边的玻璃我发现老头一直跟着我他还叫了我我假装听不见，我家就在前面小区里面三栋的位置，我就放慢步伐我害怕他知道我住的位置，那老头又走上来看着我问这菜买成多少钱一斤我说3块一斤（？真的好奇怪我感觉就是那个小区后面的别的老头走过来了），我慢慢的走向家的位置走上去了我家就在3楼我到家了，我把窗户开个小缝看那个老头老头跟熟人说了什么就回家了。我吃过晚饭后就在想万一老婆婆发现地里的菜破口大骂一直骂引起人的围观怎么办，这么多人看见我的脸了我心里就很慌了一直不舒服，晚上我拿着50块我想放在我偷菜的位置，我害怕半路被认出来被抓住小区人的围观认出我就太丢人了，我就换了一身衣服慢慢的走到小区后面发现没人就放了50块在偷菜的位置心里就很舒服了[喜极而泣]再也不偷东西了太恐怖了,2022-02-22 20:12:46,4,评论,我今天去小区后面老婆的地里偷菜，我拿了两个超市塑料袋子装了两袋子，脱外套把菜包里面夹在右手肩下，假装跑步跑热了脱下衣服，我走着看见前面有几老头老婆一直看着我，我放慢步伐假装玩手机偷的抬头看，但还是有两三个一只盯着我看目不转睛的看着我，我承认我慌了里面有个50多岁比较年轻也看着我衣服，我走到大概20米距离我转身就走慢的走，耳朵一直听后面走了很久回头看没人我在路边公交车站拿出菜提着，装作很自然的样子跟超市买菜的回来一样，走到小区门口旁边有很多老婆卖菜我又买了两袋子菜，我买完了走了大概2米有个老头问我这菜好吃么(我当时就觉得很奇怪我也不认识这老头为什么这老头要问我)，我随口回答他是：是的加点猪油炒这菜好吃，我手里拿着手机我一边刷着抖音一边用眼角余光瞟旁边的玻璃我发现老头一直跟着我他还叫了我假装听不见，我家就在前面小区里面三栋的位置，我就放慢步伐我害怕他知道我住的位置，那老头又走上来看着我问这菜买成多少钱一斤我说3块一斤（？真的好奇怪我感觉就是那个小区后面的别的老头走过来了），我慢的走向家的位置走上去了我家就在3楼我到家了，我把窗户开个小缝看那个老头跟熟人说了什么就回家了。我吃过晚饭后就在想万一老婆发现地里的菜破口大骂一直骂引起人的围观怎么办，这么多人看见我的脸了我心里就很慌了一直不舒服，晚上我拿着50块我想放在我偷菜的位置，我害怕半路被认出来被抓住小区人的围观认出我就太丢人了，我就换了一身衣服慢的走到小区后面发现没人就放了50块在偷菜的位置心里就很舒服了再也不偷东西了太恐怖了,0.0055
我第一次知道还有撕纸！,2022-02-22 20:09:55,5,评论,我第一次知道还有撕纸！,0.6713
为啥不用剪刀。。。,2022-02-22 20:07:18,5,评论,为啥不用剪刀。,0.2912
我听得好舒服啊[保卫萝卜_哇],2022-02-22 20:03:35,4,评论,我听得好舒服啊,0.9534
这位爷爷曾经来到我的学校教撕纸我甚至加了他的微信[星星眼][doge],2022-02-22 20:04:09,4,评论,这位爷曾经来到我的学校教撕纸我甚至加了他的微信,0.4962
我甚至还有签名[星星眼],2022-02-22 20:07:05,4,回复,我甚至还有签名,0.8813
可能老爷爷有更高深的技术或艺术作品，但是这个确实不好看,2022-02-22 19:59:13,5,评论,可能老爷有更高深的技术或艺术作品，但是这个确实不好看,0.0574
厉害[打call][打call][打call],2022-02-22 19:58:13,4,评论,厉害,0.4862
撕出来的纸居然能这么好看[热词系列_知识增加],2022-02-22 19:58:20,6,评论,撕出来的纸居然能这么好看,0.8726
[打call][打call][打call],2022-02-22 19:58:20,3,评论,,0.5667
手撕的比我剪的好[大哭],2022-02-22 19:53:26,4,评论,手撕的比我剪的好,0.8411
撕纸和剪纸的区别是什么,2022-02-22 19:43:27,5,评论,撕纸和剪纸的区别是什么,0.4763
[热词系列_好耶][热词系列_妙啊][热词系列_爱了爱了],2022-02-22 19:30:45,5,评论,,0.5667
感觉撕纸很助眠,2022-02-22 19:30:04,5,评论,感觉撕纸很助眠,0.8996
我记得我幼儿园学过一点，看见这个视频突然想起来了。,2022-02-22 19:25:29,6,评论,我记得我幼儿园学过一点，看见这个视频突然想起来了。,0.3417
那啥，用剪刀会不会做出来更好看,2022-02-22 19:21:36,5,评论,那啥，用剪刀会不会做出来更好看,0.8324
爷爷撕的好好！好厉害！好漂亮，我的手做不到[大哭],2022-02-22 19:16:35,5,评论,爷撕的好！好厉害！好漂亮，我的手做不到,0.9186
第1000评！,2022-02-22 18:55:16,4,评论,第10评！,0.4205
[tv_呆],2022-02-22 18:54:37,6,评论,,0.5667
西八国：这是我们国家的纸片文化思密达！,2022-02-22 18:54:14,5,评论,西八国：这是我们国家的纸片文化思密达！,0.4093
老爷爷千万别教韩国人，学会后就成他们的非物质文化遗产了，反过来说咱们抄袭他们的,2022-02-22 18:46:07,4,评论,老爷千万别教韩国人，学会后就成他们的非物质文化遗产了，反过来说咱们抄袭他们的,0.0319
好强！！！有点好奇撕之前要不要先打稿或者像邮票一样戳洞洞让纸好撕一点[未来有你_真的么],2022-02-22 18:42:17,5,评论,好强！有点好奇撕之前要不要先打稿或者像邮票一样戳洞让纸好撕一点,0.7933
啊，我的眼睛，发生了什么,2022-02-22 18:41:17,3,评论,啊，我的眼睛，发生了什么,0.3343
好厉害！,2022-02-22 18:35:39,4,评论,好厉害！,0.8507
好厉害,2022-02-22 18:32:48,5,评论,好厉害,0.8592
爷爷超棒的！！,2022-02-22 18:26:16,4,评论,爷超棒的！,0.9943
我也喜欢撕纸，大家都夸我才二十几岁就得了阿尔兹海默症[害羞],2022-02-22 18:10:59,5,评论,我也喜欢撕纸，大家都夸我才二十几岁就得了阿尔兹海默症,0.9289
脑子：我会了！让我来！手：你吹牛皮别带上我[doge],2022-02-22 18:03:14,5,评论,脑子：我会了！让我来！手：你吹牛皮别带上我,0.169
小心偷国的,2022-02-22 17:51:22,5,评论,小心偷国的,0.1114
我学校美术作业做过，真心不好撕，力得把握好，一用力就撕过头了，撕的时候左手得一点一点的移，一幅作品撕下来手特别酸，特别是大拇指[大哭][大哭],2022-02-22 17:41:57,4,评论,我学校美术作业做过，真心不好撕，力得把握好，一用力就撕过头了，撕的时候左手得一点的移，一幅作品撕下来手特别酸，特别是大拇指,0.0172
有手就行，啧[doge]手呢我手去哪了[doge],2022-02-22 17:35:35,3,评论,有手就行，啧,0.3471
我小时候也会，现在不会了,2022-02-22 17:26:28,4,评论,我小时候也会，现在不会了,0.6132
脑子：我会了！让我来！手：你吹牛皮别带上我[doge],2022-02-22 18:03:14,5,评论,脑子：我会了！让我来！手：你吹牛皮别带上我,0.169
小心偷国的,2022-02-22 17:51:22,5,评论,小心偷国的,0.1114
我学校美术作业做过，真心不好撕，力得把握好，一用力就撕过头了，撕的时候左手得一点一点的移，一幅作品撕下来手特别酸，特别是大拇指[大哭][大哭],2022-02-22 17:41:57,4,评论,我学校美术作业做过，真心不好撕，力得把握好，一用力就撕过头了，撕的时候左手得一点的移，一幅作品撕下来手特别酸，特别是大拇指,0.0172
有手就行，啧[doge]手呢我手去哪了[doge],2022-02-22 17:35:35,3,评论,有手就行，啧,0.3471
我小时候也会，现在不会了,2022-02-22 17:26:28,4,评论,我小时候也会，现在不会了,0.6132
老爷爷超厉害🤤,2022-02-22 17:19:46,6,评论,老爷超厉害🤤,0.7369
撕纸好解压啊,2022-02-22 17:16:35,5,评论,撕纸好解压啊,0.9787
他真的好厉害，等到视频最后有掌声的话就更好了[打call],2022-02-22 17:13:49,4,评论,他真的好厉害，等到视频最后有掌声的话就更好了,0.9468
这个视频是自动暂停嘛。。。。,2022-02-22 17:12:27,5,评论,这个视频是自动暂停嘛。,0.4319
我就会撕双喜[笑哭],2022-02-22 16:54:55,4,评论,我就会撕双喜,0.2188
这个就属于脑子以为挺简单，一上手就发现这个是真的超级大佬[笑哭],2022-02-22 16:53:21,4,评论,这个就属于脑子以为挺简单，一上手就发现这个是真的超级大佬,0.2219
棒子:好东西，偷了,2022-02-22 16:51:34,6,评论,棒子:好东西，偷了,0.0634
大师我悟了，但又没有完全悟,2022-02-22 16:47:50,5,评论,大师我悟了，但又没有完全悟,0.1855
儿时回忆了属于是,2022-02-22 16:46:27,6,评论,儿时回忆了属于是,0.7995
切，谁不会啊，那么简单的东西，我今晚做梦试试[doge],2022-02-22 16:43:04,5,评论,切，谁不会啊，那么简单的东西，我今晚做梦试,0.4402
他甚至不屑的想闭上眼睛完成[脸红],2022-02-22 16:37:18,4,评论,他甚至不屑的想闭上眼睛完成,0.4815
这个撕纸声音好舒服 有点催眠,2022-02-22 16:23:37,4,评论,这个撕纸声音好舒服 有点催眠,0.353
我以为要撕出年年有余四个字呢,2022-02-22 16:22:46,3,评论,我以为要撕出年有余四个字呢,0.1683
太棒了吧！！！！,2022-02-22 16:20:52,4,评论,太棒了吧！,0.9073
好厉害,2022-02-22 16:07:32,5,评论,好厉害,0.8592
这撕纸做助眠视频绝对一流,2022-02-22 16:02:26,6,评论,这撕纸做助眠视频绝对一流,0.9948
小时候有幸见过撕纸，是在一个婚礼上。因为是小孩子所以被邀请上去拿纸(展示)，那时候的那位表演者就在我面前撕，像变魔术一样，真的很厉害,2022-02-22 15:56:57,5,评论,小时候有幸见过撕纸，是在一个婚礼上。因为是小孩子所以被邀请上去拿纸(展示)，那时候的那位表演者就在我面前撕，像变魔术一样，真的很厉害,0.8751
脑子：我会了[吃瓜]手：会个捶捶[无语],2022-02-22 15:56:06,4,评论,脑子：我会了,0.1849
小时候我妈教过我搞那个，福字，就是和中国联通那个标志很类似的一个字[嗑瓜子]不过不是用撕的，是用剪刀[妙啊],2022-02-22 15:40:25,5,评论,小时候我妈教过我搞那个，福字，就是和中国联通那个标志很类似的一个字,0.6304
有手就行的东西，给这老毕登能的，还非遗？,2022-02-22 15:36:24,5,评论,有手就行的东西，给这老毕登能的，还非遗？,0.0996
回复 @猛男Kitty :把今堂下体拿过来，我一把撕成两半。,2022-02-22 17:02:45,5,回复,回复 @猛男Kity :把今堂下体拿过来，我一把撕成两半。,0.2617
给你能的，你撕一个我看看，立马事实说话[点赞],2022-02-22 16:55:10,5,回复,给你能的，你撕一个我看，立马事实说话,0.2782
爷爷好厉害,2022-02-22 15:33:02,4,评论,爷好厉害,0.8284
爷爷，如果有韩国人要来学千万别教他们，他们学会了就会拿回去说是自己的[辣眼睛],2022-02-22 15:31:03,6,评论,爷，如果有韩国人要来学千万别教他们，他们学会了就会拿回去说是自己的,0.2482
鼓掌！！给爷爷鼓掌！！！！/呱唧呱唧呱唧呱唧呱唧呱唧,2022-02-22 15:30:48,5,评论,鼓掌！给爷鼓掌！/呱唧,0.9917
我们班老师撕的比他好[doge],2022-02-22 15:22:02,3,评论,我们班老师撕的比他好,0.8453
有剪纸呀,2022-02-22 15:04:03,5,评论,有剪纸呀,0.8297
脑子:慢一点慢一点啊[藏狐],2022-02-22 15:04:00,5,评论,脑子:慢一点啊,0.0721
好六啊，就是运镜扣鸡腿，太晃了哥,2022-02-22 15:01:47,5,评论,好六啊，就是运镜扣鸡腿，太晃了哥,0.5428
好厉害[打call],2022-02-22 15:01:39,5,评论,好厉害,0.8592
这个是不是要有指甲壳,2022-02-22 14:51:15,4,评论,这个是不是要有指甲壳,0.2062
老爷爷祝你身体健康[爱心],2022-02-22 14:44:04,6,评论,老爷祝你身体健康,0.4623
前面弹幕说会撕满天星的时候，我还努力绷着。后面又来一条“我会撕小伞”，直接绷不住了给我。神特么小伞[笑哭][笑哭][笑哭],2022-02-22 14:43:56,3,评论,前面弹幕说会撕满天星的时候，我还努力绷着。后面又来一条“我会撕小伞”，直接绷不住了给我。神特么小伞,0.2946
撕纸嘛 这不是人人都会吗 诶 等等 这 卧槽 我不是人,2022-02-22 14:41:43,5,评论,撕纸嘛 这不是人都会吗 诶 等 这 卧槽 我不是人,0.0051
可以配个音乐 看着更享受 爷爷撕也有乐趣,2022-02-22 14:29:13,6,评论,可以配个音乐 看着更享受 爷撕也有乐趣,0.8842
我也会，给我一张a4纸看我给你撕出一堆高度还原头皮屑[妙啊],2022-02-22 14:25:07,5,评论,我也会，给我一张a4纸看我给你撕出一堆高度还原头皮屑,0.1672
这是游刃有余的余吧,2022-02-22 14:23:01,5,评论,这是游刃有余的余吧,0.9054
撕纸王,2022-02-22 14:24:19,6,评论,撕纸王,0.6467
我三个月能撕纸，我骄傲了吗？,2022-02-22 14:18:45,5,评论,我三个月能撕纸，我骄傲了吗？,0.4119
厉害呀。,2022-02-22 14:12:50,5,评论,厉害呀。,0.5493
闭上眼睛戴耳机听，然后来谢我[墨镜],2022-02-22 14:05:21,5,评论,闭上眼睛戴耳机听，然后来谢我,0.9198
有一说一，第一次看到撕纸，今天之前只听过剪纸，再说一个事，我今年25周岁，可以说从小到大没用过中医疗法，除了药店见过中医药柜，唯一一次见过中医疗法是我妈中风去针灸治疗，每天早上五六点起床去排队，一个多月治标不治本，只能说勉强控制，最后去北京哪个医院才控制住。有些东西，你让我去宣传，去学习，我都不知道名字，你让我怎么宣传学习？,2022-02-22 14:04:19,5,评论,有一说一，第一次看到撕纸，今天之前只听过剪纸，再说一个事，我今年25周岁，可以说从小到大没用过中医疗法，除了药店见过中医药柜，唯一次见过中医疗法是我妈中风去针灸治疗，每天早上五六点起床去排队，一个多月治标不治本，只能说勉强控制，最后去北京哪个医院才控制住。有些东西，你让我去宣传，去学习，我都不知道名字，你让我怎么宣传学习？,0.1055
就像珍惜动物，无论你在怎么保护，最终只会陈列在博物馆，我只能保证自己不会去破坏杀戮，别人去保护，我会予以鼓励，别人去破坏，我看不到也管不到，除了国家，任何个人都是无力的,2022-02-22 14:09:47,5,回复,就像珍惜动物，无论你在怎么保护，最终只会陈列在博物馆，我只能保证自己不会去破坏杀戮，别人去保护，我会予以鼓励，别人去破坏，我看不到也管不到，除了国家，任何个人都是无力的,0.0464
纸涨价了他有很大的责任[辣眼睛][辣眼睛],2022-02-22 14:05:00,3,评论,纸涨价了他有很大的责任,0.5966
老爷爷出个asmr吧，好喜欢听(｢･ω･)｢嘿,2022-02-22 14:00:29,5,评论,老爷出个asmr吧，好喜欢听(｢･ω･)｢嘿,0.9625
我撕纸：废品爷爷撕纸：佳品,2022-02-22 13:50:24,4,评论,我撕纸：废品爷撕纸：佳品,0.7821
"小西八偷了我们不少东西1、拔河（起源中国但被偷国申遗）2、暖炕（起源中国流传千年，各地都有，在偷国叫做暖炕，被偷国申遗）3端午祭（节）（就是端午节！！偷语发音Da—端，no—午，je—节。偷国申遗全称Gangneung Danoje Festival，这使咱们申请端午节只能用龙舟节代替，在国际上咱们说端午节，外国人首先会想到的是端午节是偷国节日！！！）4、丹青（没错就是你想到的那个丹青，人家六七十年代就申遗了）5、板索里（咱们的快板、评书、京韵大鼓、相声、京剧和天桥把式被偷国叫了一个这么土的名称申遗了，而且咱们在申遗快板、评书、京韵大鼓时几乎不能通过了）6、木结构建筑（咱们国家华美的建筑结构被偷国申遗了）7、活字印刷术（就是咱们的四大发明之一啊）8、宫廷礼乐（咱们国家的音乐啊，它们演奏的乐器都是咱们国家的）9、灵山斋（咱们国家佛教文化仪式，偷国没有的！！！）10、韩国传统武术（对标中国传统武术，而且咱们申遗武术时无法用传统武术申遗）11、麻织（起源于中国千年前，却被偷国申遗，而且如果再申遗这个确不能用这个名字）12、猎鹰（起源于千年前的中国，那时候偷国人可能还是野“人”）13、海女（起源于咱们国家和日本沿海地区，偷国到了近代才有的）14、摔跤（起源千年前咱们国家的）15、针灸（目前有疑问，但被成功申遗的几率很大，因为目前针灸标准99％来自偷国）16、海印寺（这个文化包含了中国和日本的寺庙文化，佛家文化，还有经卷和雕刻等。估计还有很多人不知道这个吧，但是已经被偷了）17、泡菜（四川泡菜一个小小分只，但是很恶心的是它们把百度百科中泡菜起源中国的词条举报删除了，转身就向世界宣称泡菜起源偷国，但是泡菜制作标准是中国定的）18、儒学书院（近乎是把孔子申遗了）19、东医宝鉴（对标的就是中医！！！）偷国申遗的几乎都是中国文化，以上是我从知乎网友那里整理过来的，但这只是九牛一年，韩国财团再用金钱控制各国的博物馆，尤其是泛亚地区，它们把东北，辽东地区划到了偷国故土，其中最为典型的就是乌兹别克斯坦，每个儿童都会去他们那里的一个博物馆参观，但是那个博物馆是偷国财团资助的，他们会从幼年就被灌输咱们的东北，辽东地区是偷国的！！这些是我复制的就想让大家知道事情的严重性",2022-02-22 13:45:19,4,评论,"小西八偷了我们不少东西1、拔河（起源中国但被偷国申遗）2、暖炕（起源中国流传千年，各地都有，在偷国叫做暖炕，被偷国申遗）3端午祭（节）（就是端午节！偷语发音Da—端，no—午，je—节。偷国申遗全称Gangneung Danoje Festival，这使咱们申请端午节只能用龙舟节代替，在国际上咱们说端午节，外国人首先会想到的是端午节是偷国节日！）4、丹青（没错就是你想到的那个丹青，人家六七十年代就申遗了）5、板索里（咱们的快板、评书、京韵大鼓、相声、京剧和天桥把式被偷国叫了一个这么土的名称申遗了，而且咱们在申遗快板、评书、京韵大鼓时几乎不能通过了）6、木结构建筑（咱们国家华美的建筑结构被偷国申遗了）7、活字印刷术（就是咱们的四大发明之一啊）8、宫廷礼乐（咱们国家的音乐啊，它们演奏的乐器都是咱们国家的）9、灵山斋（咱们国家佛教文化仪式，偷国没有的！）10、韩国传统武术（对标中国传统武术，而且咱们申遗武术时无法用传统武术申遗）1、麻织（起源于中国千年前，却被偷国申遗，而且如果再申遗这个确不能用这个名字）12、猎鹰（起源于千年前的中国，那时候偷国人可能还是野“人”）13、海女（起源于咱们国家和日本沿海地区，偷国到了近代才有的）14、摔跤（起源千年前咱们国家的）15、针灸（目前有疑问，但被成功申遗的几率很大，因为目前针灸标准9％来自偷国）16、海印寺（这个文化包含了中国和日本的寺庙文化，佛家文化，还有经卷和雕刻等。估计还有很多人不知道这个吧，但是已经被偷了）17、泡菜（四川泡菜一个小分只，但是很恶心的是它们把百度百科中泡菜起源中国的词条举报删除了，转身就向世界宣称泡菜起源偷国，但是泡菜制作标准是中国定的）18、儒学书院（近乎是把孔子申遗了）19、东医宝鉴（对标的就是中医！）偷国申遗的几乎都是中国文化，以上是我从知乎网友那里整理过来的，但这只是九牛一年，韩国财团再用金钱控制各国的博物馆，尤其是泛亚地区，它们把东北，辽东地区划到了偷国故土，其中最为典型的就是乌兹别克斯坦，每个儿童都会去他们那里的一个博物馆参观，但是那个博物馆是偷国财团资助的，他们会从幼年就被灌输咱们的东北，辽东地区是偷国的！这些是我复制的就想让大家知道事情的严重性",0.7583
爷爷好厉[热词系列_害],2022-02-22 13:45:01,4,评论,爷好厉,0.4961
其实有些文化小西巴想偷都偷不走，它们不会啊。,2022-02-22 13:40:04,6,评论,其实有些文化小西巴想偷都偷不走，它们不会啊。,0.035
看视频：我靠爷爷好牛！看评论：哇网友好牛！[辣眼睛],2022-02-22 13:33:54,4,评论,看视频：我靠爷好牛！看评论：哇网友好牛！,0.8683
之前小时候上幼儿园有个老奶奶教过，居然还是非遗[辣眼睛],2022-02-22 13:23:46,5,评论,之前小时候上幼儿园有个老奶教过，居然还是非遗,0.4033
弹幕有人说没看之前以为是手撕金鱼，好残忍[笑哭],2022-02-22 13:20:27,4,评论,弹幕有人说没看之前以为是手撕金鱼，好残忍,0.7661
都非遗了，就别刷西八国了吧,2022-02-22 13:19:48,5,评论,都非遗了，就别刷西八国了吧,0.2121
这个多半赚不了多少钱，这种世道很难发扬光大的,2022-02-22 13:15:22,5,评论,这个多半赚不了多少钱，这种世道很难发扬光大的,0.02
我会撕满天星[doge],2022-02-22 12:56:04,4,评论,我会撕满天星,0.2318
[鼓掌][鼓掌][鼓掌],2022-02-22 12:46:04,5,评论,,0.5667
我这手 也就能手撕个包菜 唉╯﹏╰,2022-02-22 12:46:35,6,评论,我这手 也就能手撕个包菜 唉╯﹏╰,0.0659
厉害,2022-02-22 12:46:26,3,评论,厉害,0.4862
好准，手撕出形来本身难度就很高，还有这熟练的速度,2022-02-22 12:44:28,6,评论,好准，手撕出形来本身难度就很高，还有这熟练的速度,0.9734
理综卷能撕吗[吃瓜],2022-02-22 12:38:48,4,评论,理综卷能撕吗,0.0785
叔叔好厉害[打call],2022-02-22 12:36:12,5,评论,叔好厉害,0.95
好厉害！,2022-02-22 12:35:40,4,评论,好厉害！,0.8507
老爷子666真棒，希望你的传统手艺能永远传递下去，看着你撕纸真是种享受,2022-02-22 12:30:09,5,评论,老爷子6真棒，希望你的传统手艺能永远传递下去，看着你撕纸真是种享受,0.9927
声音好助眠啊！喜欢:),2022-02-22 12:30:05,5,评论,声音好助眠啊！喜欢:),0.939
剪刀不好用吗还是,2022-02-22 12:11:44,5,评论,剪刀不好用吗还是,0.0275
你生活得多无趣才能说出这种话[藏狐],2022-02-22 12:30:41,4,回复,你生活得多无趣才能说出这种话,0.0494
因为我不会，所以我才会,2022-02-22 12:10:37,6,评论,因为我不会，所以我才会,0.6142
人家撕纸是非遗，我撕纸是废物[笑哭][笑哭],2022-02-22 11:55:02,5,评论,人家撕纸是非遗，我撕纸是废物,0.0158
原来我连撕纸都不配了,2022-02-22 11:49:28,3,评论,原来我连撕纸都不配了,0.0101
撕的比我剪的都好,2022-02-22 11:49:59,3,回复,撕的比我剪的都好,0.8013
我只是觉得可以用剪刀剪，为啥要用手撕  挺不理解的（别喷我，只是觉得剪刀更好看也更圆滑）,2022-02-22 11:47:04,5,评论,我只是觉得可以用剪刀剪，为啥要用手撕 挺不理解的（别喷我，只是觉得剪刀更好看也更圆滑）,0.6524
因为这样更能体现心灵手巧，很多细小的地方用手撕就比较厉害了,2022-02-22 12:31:51,4,回复,因为这样更能体现心灵手巧，很多细小的地方用手撕就比较厉害了,0.7352
爷爷撕纸是艺术，我撕纸就是老年痴呆前兆了[大哭],2022-02-22 11:45:03,5,评论,爷撕纸是艺术，我撕纸就是老年痴呆前兆了,0.0152
还有人传承吗[大哭],2022-02-22 11:40:09,4,评论,还有人传承吗,0.4184
太牛了,2022-02-22 11:34:13,6,评论,太牛了,0.4431
建议关弹幕,2022-02-22 11:32:42,2,评论,建议关弹幕,0.5541
我觉得这和剪纸差不多,2022-02-22 11:29:57,4,评论,我觉得这和剪纸差不多,0.7678
我的手就是剪子！,2022-02-22 11:30:31,5,评论,我的手就是剪子！,0.5707
小学上课,2022-02-22 11:26:57,4,评论,小学上课,0.7602
欣赏不来,2022-02-22 11:26:15,4,评论,欣赏不来,0.1299
小时候我爷爷也是这样教我撕五角星的，看到这个视频之后想去撕一个，然后突然意识到他走了好久，我忘记怎么撕了呜呜呜呜呜呜呜呜呜,2022-02-22 11:21:27,5,评论,小时候我爷也是这样教我撕五角星的，看到这个视频之后想去撕一个，然后突然意识到他走了好久，我忘记怎么撕了呜,0.4011
👏👏👏,2022-02-22 11:21:31,5,评论,👏,0.6055
就这个鱼而言，很一般,2022-02-22 11:18:21,3,评论,就这个鱼而言，很一般,0.035
很好看[萌宠小熊_脸红],2022-02-22 11:14:44,5,评论,很好看,0.9902
我去，牛批,2022-02-22 11:04:50,5,评论,我去，牛批,0.7054
就这？,2022-02-22 11:01:25,5,评论,就这？,0.0485
给俺们爷爷鼓掌👏🏻👏🏻👏🏻👏🏻,2022-02-22 10:58:00,4,评论,给俺们爷鼓掌👏🏻,0.9735
手艺挺好 就是这个摄像大哥能不能不总晃悠 而且你这镜头飘忽不定 主题内容完全没有想慢慢看的想法,2022-02-22 10:57:58,6,评论,手艺挺好 就是这个摄像大哥能不总晃悠 而且你这镜头飘忽不定 主题内容完全没有想慢看的想法,0.1025
这就会了思密达，我去审了思密达[脸红],2022-02-22 10:51:10,5,评论,这就会了思密达，我去审了思密达,0.1548
怎么手撕鬼子,2022-02-22 10:50:44,4,评论,怎么手撕鬼子,0.0511
挺不错的呀(*๓´╰╯`๓)♡,2022-02-22 10:27:21,2,评论,挺不错的呀(*๓´╰╯`๓)♡,0.9154
申遗了西八儿,2022-02-22 10:23:27,5,评论,申遗了西八儿,0.5628
可以把这个视频给老先生看嘛，希望他可以看到这掌声一样的几万个赞,2022-02-22 10:23:52,6,评论,可以把这个视频给老先生看嘛，希望他可以看到这掌声一样的几万个赞,0.9915
脑子:我会了  手:你放屁,2022-02-22 10:22:37,4,评论,脑子:我会了 手:你放屁,0.0191
人家撕完是金鱼，我撕完是废纸,2022-02-22 10:18:00,5,评论,人家撕完是金鱼，我撕完是废纸,0.0667
这相比用剪刀剪有什么先进之处吗，还是说这只是没有剪刀的剪纸[tv_疑问],2022-02-22 10:20:21,4,评论,这相比用剪刀剪有什么先进之处吗，还是说这只是没有剪刀的剪纸,0.1737
爷爷好厉害,2022-02-22 09:57:44,5,评论,爷好厉害,0.8284
好棒！！！,2022-02-22 09:54:33,5,评论,好棒！,0.9945
奶奶的，有一个弹幕说毫无美感的，你出来，我看看你有多大美感,2022-02-22 09:43:10,5,评论,奶的，有一个弹幕说毫无美感的，你出来，我看你有多大美感,0.3059
我知道大家很喜欢我国传统文化，但是大家能不能不要瞎吹？真的，老爷子刚撕两下子，就说我已经看出金鱼的形状了。咱能不能不要瞎吹，老爷子就是两个角，你告诉我，你看出金鱼来了。 老大，你这想象力是有多丰富？,2022-02-22 09:24:07,5,评论,我知道大家很喜欢我国传统文化，但是大家能不要瞎吹？真的，老爷子刚撕两下子，就说我已经看出金鱼的形状了。咱能不要瞎吹，老爷子就是两个角，你告诉我，你看出金鱼来了。 老大，你这想象力是有多丰富？,0.8352
小学玩过，只会撕爱心[妙啊],2022-02-22 09:13:04,4,评论,小学玩过，只会撕爱心,0.502
还记得小的时候，嗯，老妈教给的剪纸就有这么个剪鱼的方法。,2022-02-22 09:11:11,5,评论,还记得小的时候，嗯，老妈教给的剪纸就有这么个剪鱼的方法。,0.7806
关于我撕完后不仅不像鱼还因为把地板搞得太脏而被我妈打了一顿这件事[笑],2022-02-22 09:06:33,4,评论,关于我撕完后不仅不像鱼还因为把地板搞得太脏而被我妈打了一顿这件事,0.0331
爷爷好厉害！！！,2022-02-22 08:40:47,5,评论,爷好厉害！,0.8113
爷爷不用紧张，视频是可以拍很多次剪辑的[打call],2022-02-22 08:38:49,6,评论,爷不用紧张，视频是可以拍很多次剪辑的,0.9433
想起小学时候90年代就和小朋友玩过这种游戏，没想到居然是非遗，真的老祖宗的好多东西都是天生都会的。,2022-02-22 08:34:44,6,评论,想起小学时候90年代就和小朋友玩过这种游戏，没想到居然是非遗，真的老祖宗的好多东西都是天生都会的。,0.6566
真的太绝了  厉害的爷爷,2022-02-22 08:34:39,5,评论,真的太绝了 厉害的爷,0.4296
所以有没有人知道爷爷在哪个平台，我去支持一下,2022-02-22 08:00:26,5,评论,所以有没有人知道爷在哪个平台，我去支持一下,0.8938
我就知道，我就知道，我不是正常人类[傲娇],2022-02-22 07:55:17,5,评论,我就知道，我不是正常人类,0.0627
在申遗了思密达,2022-02-22 07:56:10,5,评论,在申遗了思密达,0.3211
竟然还有这玩意？！[doge],2022-02-22 07:49:32,6,评论,竟然还有这玩意？！,0.0113
不介绍一下吗？这和剪纸有什么关系，衍生还是分属不同地方的文化,2022-02-22 07:38:50,6,评论,不介绍一下吗？这和剪纸有什么关系，衍生还是分属不同地方的文化,0.1306
这东西也能叫非遗？,2022-02-22 07:37:49,5,评论,这东西也能叫非遗？,0.1169
这手给剪刀一样,2022-02-22 07:28:10,3,评论,这手给剪刀一样,0.441
“非遗”有艺术那味了哦🙄,2022-02-22 07:26:50,5,评论,“非遗”有艺术那味了哦🙄,0.7583
厉害啊,2022-02-22 07:24:42,3,评论,厉害啊,0.5613
太牛了,2022-02-22 07:25:22,4,评论,太牛了,0.4431
很有兴趣的看，但是过程中不断变化视角的镜头让我感觉自己跟个苍蝇似的看得头晕,2022-02-22 07:17:59,5,评论,很有兴趣的看，但是过程中不断变化视角的镜头让我感觉自己跟个苍蝇似的看得头晕,0.3084
拜托，那些觉得简单的请先自己动手试试再说好吗！还有那些说不像的你tmd是机器人是吧要检测一看看是不是！,2022-02-22 07:20:35,5,评论,拜托，那些觉得简单的请先自己动手试再说好吗！还有那些说不像的你tmd是机器人是吧要检测一看是不是！,0.1637
看前：就这？我也会！看后：我不配有手,2022-02-22 07:09:08,5,评论,看前：就这？我也会！看后：我不配有手,0.205
这玩意小时候也会一些，长大了就都忘记了,2022-02-22 06:52:15,5,评论,这玩意小时候也会一些，长大了就都忘记了,0.7764
很有兴趣的看，但是过程中不断变化视角的镜头让我感觉自己跟个苍蝇似的看得头晕,2022-02-22 07:17:59,5,评论,很有兴趣的看，但是过程中不断变化视角的镜头让我感觉自己跟个苍蝇似的看得头晕,0.3084
拜托，那些觉得简单的请先自己动手试试再说好吗！还有那些说不像的你tmd是机器人是吧要检测一看看是不是！,2022-02-22 07:20:35,5,评论,拜托，那些觉得简单的请先自己动手试再说好吗！还有那些说不像的你tmd是机器人是吧要检测一看是不是！,0.1637
看前：就这？我也会！看后：我不配有手,2022-02-22 07:09:08,5,评论,看前：就这？我也会！看后：我不配有手,0.205
这玩意小时候也会一些，长大了就都忘记了,2022-02-22 06:52:15,5,评论,这玩意小时候也会一些，长大了就都忘记了,0.7764
这个不太好看呀,2022-02-22 06:05:15,5,评论,这个不太好看呀,0.1528
大脑:你会了！手:你会个得儿[doge],2022-02-22 05:34:25,4,评论,大脑:你会了！手:你会个得儿,0.4923
不怎么样啊,2022-02-22 05:22:44,5,评论,不怎么样啊,0.046
这个三天就能学会,2022-02-22 04:45:43,4,评论,这个三天就能学会,0.765
可太特么难看了，三天说多了！,2022-02-22 04:47:53,4,回复,可太特么难看了，三天说多了！,0.038
[吃瓜][吃瓜][doge],2022-02-22 09:18:10,5,回复,,0.5667
以后我看谁敢说我撕纸是老年痴呆！！！,2022-02-22 04:39:22,6,评论,以后我看谁敢说我撕纸是老年痴呆！,0.011
啥玩意都是非遗[doge],2022-02-22 04:47:43,5,评论,啥玩意都是非遗,0.0687
剪刀：你知不知道你这样显得我很废物[doge],2022-02-22 04:14:10,4,评论,剪刀：你知不知道你这样显得我很废物,0.0143
好家伙，原来撕纸也是非遗,2022-02-22 04:13:18,4,评论,好家伙，原来撕纸也是非遗,0.8459
重温了小时候撕作业本的快感[doge],2022-02-22 03:54:23,4,评论,重温了小时候撕作业本的快感,0.821
我拿我弟刚做完的作业本试一下[妙啊],2022-02-22 03:50:07,5,评论,我拿我弟刚做完的作业本试一下,0.5954
我以前会撕雪花来着,2022-02-22 03:17:36,6,评论,我以前会撕雪花来着,0.6515
！我们小学兴趣课上也教过，但是我撕的跟狗啃似的，最后带回家我爸用剪刀补救了一下才贴在窗户上的[doge],2022-02-22 03:08:39,5,评论,！我们小学兴趣课上也教过，但是我撕的跟狗啃似的，最后带回家我爸用剪刀补救了一下才贴在窗户上的,0.3884
是申遗撕出来的作品，还是申遗怎么撕纸……没搞懂，和剪纸艺术啥区别,2022-02-22 02:55:21,5,评论,是申遗撕出来的作品，还是申遗怎么撕纸…没搞懂，和剪纸艺术啥区别,0.1927
我的脑子觉得已经会了，可我的手说没有,2022-02-22 02:56:47,5,评论,我的脑子觉得已经会了，可我的手说没有,0.4329
我上，我也行，你看桌子上的那些碎片，和我撕的多像[doge][doge][doge][doge][doge],2022-02-22 02:45:10,5,评论,我上，我也行，你看桌子上的那些碎片，和我撕的多像,0.7863
老师。您那里有换手的业务吗？我想换一双[雪容融],2022-02-22 02:42:48,5,评论,老师。您那里有换手的业务吗？我想换一双,0.2144
欣赏不来,2022-02-22 02:38:01,5,评论,欣赏不来,0.1299
首先，我承认爷爷确实NB，就算给我一天也不一定能撕的那么好，这还是很明显的。其次就是我对撕纸也能成为非遗感到疑惑，觉得仅仅只是撕纸而已，不明白哪里很重要，这种事（指用纸对折撕出一些简单的形状，即“撕纸”这件事情本身）不是人人都会吗？为什么这么值得重视以至于成为非遗了呢？还请各位指教,2022-02-22 02:31:27,5,评论,首先，我承认爷确实NB，就算给我一天也不一定能撕的那么好，这还是很明显的。其次就是我对撕纸也能成为非遗感到疑惑，觉得仅只是撕纸而已，不明白哪里很重要，这种事（指用纸对折撕出一些简单的形状，即“撕纸”这件事情本身）不是人都会吗？为什么这么值得重视以至于成为非遗了呢？还请各位指教,0.0135
有说  这有什么难的，我也行  有说   为什么不用剪刀    有什么用[辣眼睛][辣眼睛][辣眼睛][辣眼睛][辣眼睛],2022-02-21 14:12:37,3,评论,有说 这有什么难的，我也行 有说 为什么不用剪刀 有什么用,0.1263
我看见做后展示那块 弹幕有个 “就这”我：？,2022-02-21 14:09:03,4,评论,我看见做后展示那块 弹幕有个 “就这”我：？,0.2343
还不错啊,2022-02-21 13:56:22,4,评论,还不错啊,0.8735
有个人说上不了台面，我看你才上不了台面[辣眼睛],2022-02-21 13:54:15,5,评论,有个人说上不了台面，我看你才上不了台面,0.0636
最开始:有什么难的我也可以最后:脑子:可以个头,2022-02-21 13:44:54,4,评论,最开始:有什么难的我也可以最后:脑子:可以个头,0.6885
他撕是艺术，我撕就成了老年痴呆,2022-02-21 13:45:20,5,评论,他撕是艺术，我撕就成了老年痴呆,0.0259
嘶个甄嬛的小像[汤圆],2022-02-21 13:44:20,5,评论,嘶个甄嬛的小像,0.4521
怎么可能有人撕纸比我剪纸还好看100呗[大哭][笑哭][笑哭]，一定是错觉我划走就没了,2022-02-21 13:42:47,5,评论,怎么可能有人撕纸比我剪纸还好看10呗，一定是错觉我划走就没了,0.4165
有手就行好吧，我没有手[嗑瓜子],2022-02-21 13:43:08,3,评论,有手就行好吧，我没有手,0.1714
有没有一种可能，仙家的撒豆成兵符箓是斯出来的。,2022-02-21 13:41:30,4,评论,有没有一种可能，仙家的撒豆成兵符箓是斯出来的。,0.2811
这东西挺好的 想传承的人肯定会有 主要是赚不来钱 时代变了 现在没钱真的太现实了 理想很丰满,2022-02-21 13:37:48,5,评论,这东西挺好的 想传承的人肯定会有 主要是赚不来钱 时代变了 现在没钱真的太现实了 理想很丰满,0.9669
有没有一种可能这是倒放！,2022-02-21 13:39:20,5,评论,有没有一种可能这是倒放！,0.1581
我怎么觉得就那样啊，没什么特别难的,2022-02-21 13:35:02,4,评论,我怎么觉得就那样啊，没什么特别难的,0.1307
。。。我小时候经常这样起撕着玩儿，虽然我是胡乱撕的，但是小时候的自己还是觉得把纸展开后是真好看[脱单doge],2022-02-21 13:32:38,5,评论,。我小时候经常这样起撕着玩儿，虽然我是胡乱撕的，但是小时候的自己还是觉得把纸展开后是真好看,0.9801
！这个爷爷好厉害,2022-02-21 13:28:21,3,评论,！这个爷好厉害,0.7828
我感觉我也行。[doge],2022-02-21 13:26:26,3,评论,我感觉我也行。,0.7631
牛爷爷,2022-02-21 13:25:09,3,评论,牛爷,0.6055
我是随便撕撕爷爷也随便撕撕[热词系列_破防了],2022-02-21 13:18:21,2,评论,我是随便撕爷也随便撕,0.0198
这不挺简单的吗？有手就行[doge],2022-02-21 13:12:35,5,评论,这不挺简单的吗？有手就行,0.0674
@孙芮芮芮芮芮芮,2022-02-21 13:11:45,4,评论,@孙芮,0.8607
好….好强！,2022-02-21 13:08:03,4,评论,好….好强！,0.9542
[打call][打call][打call]爷爷好棒,2022-02-21 12:56:53,4,评论,爷好棒,0.9983
可以斯个鬼子吗,2022-02-21 12:55:58,3,评论,可以斯个鬼子吗,0.1258
老爷爷好棒！！！,2022-02-21 12:55:54,5,评论,老爷好棒！,0.9922
在偷了思密达,2022-02-21 12:56:04,6,评论,在偷了思密达,0.0888
这啥啊 。,2022-02-21 12:35:58,5,评论,这啥啊 。,0.3576
小心西八国剽窃！,2022-02-21 12:27:59,6,评论,小心西八国剽窃！,0.192
那个说撕的比我啃的都好的。。什么脑子,2022-02-21 12:24:09,5,评论,那个说撕的比我啃的都好的。什么脑子,0.0869
好棒！,2022-02-21 12:24:14,6,评论,好棒！,0.9945
大脑：我学会了！手：啊对对对，学费了,2022-02-21 12:22:32,6,评论,大脑：我学会了！手：啊对，学费了,0.7172
韩国人：非遗？申遗！[doge],2022-02-21 12:22:05,5,评论,韩国人：非遗？申遗！,0.1792
我用剪刀都没有这么顺滑[笑哭],2022-02-21 12:22:39,3,评论,我用剪刀都没有这么顺滑,0.3698
真的很厉害！！！,2022-02-21 12:19:24,4,评论,真的很厉害！,0.6011
我只会手撕包菜,2022-02-21 12:18:08,4,评论,我只会手撕包菜,0.1914
评论有个人有病吧，长着眼睛看不见写了《非遗撕纸》吗，撕！！！瞎吧，还问为什么不用剪子，你为什么有眼睛？？？[疑惑],2022-02-21 12:15:41,4,评论,评论有个人有病吧，长着眼睛看不见写了《非遗撕纸》吗，撕！瞎吧，还问为什么不用剪子，你为什么有眼睛？,0.006
我感觉撕纸有一种粗犷朴实、自然原始的美啊，这是剪刀精细替代不了的。虽然剪刀可以更加精细化，但我们也可以欣赏一下撕纸的风格特色，手撕比较不易，里面也包含了手工艺人的巧心思的。,2022-02-21 12:07:13,5,评论,我感觉撕纸有一种粗犷朴实、自然原始的美啊，这是剪刀精细替代不了的。虽然剪刀可以更加精细化，但我们也可以欣赏一下撕纸的风格特色，手撕比较不易，里面也包含了手工艺人的巧心思的。,0.9828
本子：仙人棒子：申遗！,2022-02-21 12:07:00,5,评论,本子：仙人棒子：申遗！,0.2004
我剪纸一般都要先画一下，这老爷子直接在脑子里定型，牛哇,2022-02-21 12:06:42,6,评论,我剪纸一般都要先画一下，这老爷子直接在脑子里定型，牛哇,0.7004
厉害厉害,2022-02-21 12:04:54,5,评论,厉害,0.4862
手撕金鱼[doge],2022-02-21 11:53:51,3,评论,手撕金鱼,0.6055
牛?什么牛?庖丁解牛,2022-02-21 11:48:30,5,评论,牛?什么牛?庖丁解牛,0.119
看到一半先来评论，感觉好像一般般，看看等会被打脸不[脸红],2022-02-21 11:47:51,5,评论,看到一半先来评论，感觉好像一般，看等会被打脸不,0.01
真的很厉害,2022-02-21 08:59:22,6,评论,真的很厉害,0.5358
我上我也行，我说的是收拾纸屑[打call][打call],2022-02-21 08:59:38,6,评论,我上我也行，我说的是收拾纸屑,0.7119
中间那个小小的回勾，用剪的话买专门剪纸小尖头的剪子，日常的剪子很难剪出的（原也是我手艺不成），可是这位老先生可以用手撕出来！太厉害了！,2022-02-21 08:51:01,5,评论,中间那个小的回勾，用剪的话买专门剪纸小尖头的剪子，日常的剪子很难剪出的（原也是我手艺不成），可是这位老先生可以用手撕出来！太厉害了！,0.2615
我翻开评论区一看，这评论区没有年代，歪歪斜斜的每个人都评论着“非遗无用”几个字，我横竖睡不着，仔细看了半夜，才从字缝里看出字来，满篇上都写着两个字是“自卑”,2022-02-21 08:50:24,5,评论,我翻开评论区一看，这评论区没有年代，歪斜的每个人都评论着“非遗无用”几个字，我横竖睡不着，仔细看了半夜，才从字缝里看出字来，满篇上都写着两个字是“自卑”,0.0262
怎么还有人刷为什么不用剪刀的？你就好像在别人画画的视频里问为什么不直接去拍照那样的人,2022-02-21 08:33:02,6,评论,怎么还有人刷为什么不用剪刀的？你就好像在别人画的视频里问为什么不直接去拍照那样的人,0.0718
这个和剪纸有什么区别啊一个用器具一个用手，形式是一样的啊,2022-02-21 08:17:11,6,评论,这个和剪纸有什么区别啊一个用器具一个用手，形式是一样的啊,0.452
好厉害！[热词系列_吹爆],2022-02-21 08:15:55,4,评论,好厉害！,0.8507
笑死，你让我剪我也剪不出来[妙啊],2022-02-21 08:01:58,5,评论,笑死，你让我剪我也剪不出来,0.0897
剪纸和撕纸都是非遗 你觉得没必要和没用的东西都是老祖宗传下来的 如果人人都和评论区某些一样想 那现在中国大部分非遗文化都该被偷走或者申遗去了 到时候又开始在ins上跟风嘴人 这时候还不如把自己管好 你把非遗保护好了不觉得他们没用还会有人趁虚而入吗,2022-02-21 08:05:41,5,评论,剪纸和撕纸都是非遗 你觉得没必要和没用的东西都是老祖宗传下来的 如果人都和评论区某些一样想 那现在中国大部分非遗文化都该被偷走或者申遗去了 到时候又开始在ins上跟风嘴人 这时候还不如把自己管好 你把非遗保护好了不觉得他们没用还会有人趁虚而入吗,0.0033
回复 @猫碇谔de靴 :我的意思不是说到底谁重要 是这个东西是中国的东西 就是要保留的 不理解没关系 不学也没关系 但是不能觉得它可有可无 就算没人学了它也应该保留在中国国土 而不是等到所有人都忘了这个东西以后被外人偷走,2022-02-21 09:42:59,5,回复,回复 @猫碇谔de靴 :我的意思不是说到底谁重要 是这个东西是中国的东西 就是要保留的 不理解没关系 不学也没关系 但是不能觉得它可有可无 就算没人学了它也应该保留在中国土 而不是等到所有人都忘了这个东西以后被外人偷走,0.006
剪纸是联合国教科文组织的非物质文化遗产，这所谓的撕纸只是上海市的非物质文化遗产。认可度完全不同。,2022-02-21 09:08:56,6,回复,剪纸是联合国教科文组织的非物质文化遗产，这所谓的撕纸只是上海市的非物质文化遗产。认可度完全不同。,0.9164
这撕纸比起剪纸来说好像一点优势都没有，撕出来也是坑坑洼洼。。不太懂,2022-02-21 08:01:43,4,评论,这撕纸比起剪纸来说好像一点优势都没有，撕出来也是坑洼。不太懂,0.0515
为啥同样都是撕纸，我就被说成和修勾一样爱嚯嚯纸爱啃纸[大哭],2022-02-21 07:39:33,4,评论,为啥同样都是撕纸，我就被说成和修勾一样爱嚯纸爱啃纸,0.3155
弹幕有一条“突然感觉什么都能算非遗”，你没事吧？[辣眼睛],2022-02-21 07:12:15,5,评论,弹幕有一条“突然感觉什么都能算非遗”，你没事吧？,0.2361
这评论区真的是，，,2022-02-21 06:30:06,6,评论,这评论区真的是，,0.2636
小西吧们没父没母没祖宗，偷点别人家的文化怎么了？[doge],2022-02-21 05:54:32,5,评论,小西吧们没父没母没祖宗，偷点别人家的文化怎么了？,0.012
看着老爷子撕的挺轻松，有些人就产生了【我上我也行】【这有啥好炫耀的】【就这，非遗？】的古怪想法。那些人！你发一个视频证明你上你也行我就服你，可别在纸上画出来都撕不明白哦,2022-02-21 05:13:29,5,评论,看着老爷子撕的挺轻松，有些人就产生了【我上我也行】【这有啥好炫耀的】【就这，非遗？】的古怪想法。那些人！你发一个视频证明你上你也行我就服你，可别在纸上画出来都撕不明白哦,0.0732
弹幕说有人剪纸用刀刻那个，是因为剪纸分阴阳两种剪法，有些太细小又精致的花纹，再小的剪刀都容易剪坏啦，用刻刀会比较方便好控制,2022-02-21 05:10:36,4,评论,弹幕说有人剪纸用刀刻那个，是因为剪纸分阴阳两种剪法，有些太细小又精致的花纹，再小的剪刀都容易剪坏啦，用刻刀会比较方便好控制,0.961
把手机横过来像美人鱼哦 上面鱼下面人,2022-02-21 04:56:30,5,评论,把手机横过来像美人鱼哦 上面鱼下面人,0.5728
刚刚有那么一瞬间我感觉我上我也行,2022-02-21 04:41:53,5,评论,刚有那么一瞬间我感觉我上我也行,0.8376
老叔叔有心了[奥特曼初升之光_为你点赞],2022-02-21 04:25:33,5,评论,老叔有心了,0.8743
我能撕一个碎碎平安[笑哭],2022-02-21 03:49:32,6,评论,我能撕一个碎平安,0.192
이것이 우리 대한민국의 전통이다[doge][doge][doge][doge]（抱歉，开个玩笑中国人不骗中国人）,2022-02-21 03:43:27,5,评论,이것이 우리 대한민국의 전통이다（抱歉，开个玩笑中国人不骗中国人）,0.1442
我也会撕纸，不过我撕出来的是垃圾，人家老先生撕出来的是艺术,2022-02-21 03:16:00,6,评论,我也会撕纸，不过我撕出来的是垃圾，人家老先生撕出来的是艺术,0.1531
B站低龄化越来越严重了，什么白吃问题都能问出来[呲牙],2022-02-21 03:12:56,5,评论,B站低龄化越来越严重了，什么白吃问题都能问出来,0.0684
我想问一下，我能不能拿嘴啃，我擅长吃饭,2022-02-21 03:17:06,4,评论,我想问一下，我能不能拿嘴啃，我擅长吃饭,0.3718
好厉害！！！！,2022-02-21 03:13:06,5,评论,好厉害！,0.8507
我想徒手撕鬼子[2022],2022-02-21 03:08:05,3,评论,我想徒手撕鬼子,0.0582
这些东西很难传承，即使有人喜欢，但也不一定能传下去，毕竟真正热爱做这些的很少，,2022-02-21 03:04:31,2,评论,这些东西很难传承，即使有人喜欢，但也不一定能传下去，毕竟真正热爱做这些的很少，,0.1483
脑子：我会了手：不你不会,2022-02-21 02:59:32,5,评论,脑子：我会了手：不你不会,0.104
这也太离谱了吧,2022-02-21 02:58:53,5,评论,这也太离谱了吧,0.0235
我说我在练非遗传承，班主任让我叫家长过来,2022-02-21 02:47:08,4,评论,我说我在练非遗传承，班主任让我叫家长过来,0.6052
好看诶！,2022-02-21 02:24:39,5,评论,好看诶！,0.9531
[tv_doge]我只会了第一步接下来剩下的 靠B友,2022-02-21 02:24:13,5,评论,我只会了第一步接下来剩下的 靠B友,0.2136
太厉害了[哦呼][哦呼],2022-02-21 02:14:06,5,评论,太厉害了,0.2456
这人怎么回事，怎么撕着跟玩一样，这不是精细活儿吗[热词系列_知识增加],2022-02-21 02:06:58,6,评论,这人怎么回事，怎么撕着跟玩一样，这不是精细活儿吗,0.0042
我上课就是这么撕着玩的，家长已经在来接我回家的路上了[doge],2022-02-21 02:02:18,5,评论,我上课就是这么撕着玩的，家长已经在来接我回家的路上了,0.4828
撕的我感觉比剪的好看些，这不是杠，就有这种感觉，感觉跟自然了些[疑惑],2022-02-21 02:01:34,5,评论,撕的我感觉比剪的好看些，这不是杠，就有这种感觉，感觉跟自然了些,0.5293
牛牛牛,2022-02-21 02:00:49,6,评论,牛,0.8466
我初中同学天天撕，没想到是非遗,2022-02-21 01:58:09,5,评论,我初中同学天撕，没想到是非遗,0.6509
就是说，我看评论区是想看大家怎么夸人的，没想到来了一群问为啥不用剪刀的（还有问别的的），都说是撕纸了，你猜他拍视频的时候为啥不用剪刀，咱就是说，人，是要靠大脑思考的，你不要觉得肠子和脑子像你就用肠子思考[小电视_笑],2022-02-21 01:51:40,5,评论,就是说，我看评论区是想看大家怎么夸人的，没想到来了一群问为啥不用剪刀的（还有问别的），都说是撕纸了，你猜他拍视频的时候为啥不用剪刀，咱就是说，人，是要靠大脑思考的，你不要觉得肠子和脑子像你就用肠子思考,0.0461
评论区全是九年义务教育漏网之鱼[无语],2022-02-21 01:55:15,4,评论,评论区全是九年义务教育漏网之鱼,0.4495
这位老人但凡是日本人，评论区立马变样，根本就没人讨论这个有没有价值，吹起来估计连他们的亲妈是谁也不知道了[给心心][给心心][给心心],2022-02-21 01:49:52,5,评论,这位老人但凡是日本人，评论区立马变样，根本就没人讨论这个有没有价值，吹起来估计连他们的亲妈是谁也不知道了,0.0048
其实只有前5秒和后5秒的视频,2022-02-21 01:48:58,4,评论,其实只有前5秒和后5秒的视频,0.431
原视频我想肯定不是教学，只是展示，转载的标题就吸睛了，所以想学的没必要跟着这个视频学着撕，这个视频是为了让大家理解文化[doge],2022-02-21 01:46:50,5,评论,原视频我想肯定不是教学，只是展示，转载的标题就吸睛了，所以想学的没必要跟着这个视频学着撕，这个视频是为了让大家理解文化,0.0304
表情变化[疑惑][思考][微笑][微笑][微笑][微笑][微笑][思考][思考][思考][撇嘴][吓][尴尬][大笑][鼓掌],2022-02-21 01:45:14,4,评论,表情变化,0.7549
爷爷好棒！！！up一定帮我转告爷爷哦，我觉得爷爷超级厉害的！,2022-02-21 01:43:17,5,评论,爷好棒！up一定帮我转告爷哦，我觉得爷超级厉害的！,0.9971
牛啊牛啊[汤圆],2022-02-21 01:45:43,6,评论,牛啊,0.8063
我以前小学初中可喜欢这样玩，不过我是瞎撕，撕完才知道是什么，,2022-02-21 01:34:01,5,评论,我以前小学初中可喜欢这样玩，不过我是瞎撕，撕完才知道是什么，,0.3177
个人认为，适合《卖油翁》中的一句话“无他 但手熟尔”假如练习这件事情足够熟练，以后应该也可以达到这种效果（这里丝毫没有贬低老艺术家的技术）仅代表个人观点，不喜勿喷,2022-02-21 01:32:22,3,评论,个人认为，适合《卖油翁》中的一句话“无他 但手熟尔”假如练习这件事情足够熟练，以后应该也可以达到这种效果（这里丝毫没有贬低老艺术家的技术）仅代表个人观点，不喜勿喷,0.8759
这个撕纸我想知道和剪纸差别在哪里呢[捂眼],2022-02-21 01:34:21,6,评论,这个撕纸我想知道和剪纸差别在哪里呢,0.417
[热词系列_知识增加],2022-02-21 01:29:25,4,评论,,0.5667
爷爷好厉害啊!!!厉害，鱼好好看啊,2022-02-21 01:28:25,3,评论,爷好厉害啊!厉害，鱼好看啊,0.9792
老爷爷好棒[点赞]实在是让我大开眼界[惊喜],2022-02-21 01:24:45,4,评论,老爷好棒,0.9966
下面我为大家撕一个稀巴烂[妙啊][妙啊],2022-02-21 01:24:37,5,评论,下面我为大家撕一个稀巴烂,0.0937
问什么不用剪刀剪，说剪的不好么，我觉得虽然土豆青菜红薯都挺好吃的，怎么做都不错，但是龙虾和牛火腿黑松露应该更好吃吧，为什么大家都不一直吃整天吃这些呢？张嘴闭嘴问意义，怎么不去想想你存在这几十年有意义么？这玩意儿存在的年份少说是你的几十倍你还好意思问意义在哪儿？你回去问问老祖宗们？,2022-02-21 01:23:59,6,评论,问什么不用剪刀剪，说剪的不好么，我觉得虽然土豆青菜红薯都挺好吃的，怎么做都不错，但是龙虾和牛火腿黑松露应该更好吃吧，为什么大家都不一直吃整天吃这些呢？张嘴闭嘴问意义，怎么不去想你存在这几十年有意义么？这玩意儿存在的年份少说是你的几十倍你还好意思问意义在哪儿？你回去问老祖宗们？,0.0029
爷爷牛逼,2022-02-21 01:23:07,6,评论,爷牛逼,0.561
不就是撕纸吗，三岁小孩都，卧槽[星星眼],2022-02-21 01:22:29,6,评论,不就是撕纸吗，三岁小孩都，卧槽,0.0059
我们只需要学个大双喜就行了，其他都看一乐呵,2022-02-21 01:19:58,5,评论,我们只需要学个大双喜就行了，其他都看一乐呵,0.2725
这个没事，韩国人学不来的。[笑],2022-02-21 01:23:09,5,评论,这个没事，韩国人学不来的。,0.5597
别被韩国人偷过去,2022-02-21 01:20:52,5,评论,别被韩国人偷过去,0.2071
好厉害！！,2022-02-21 01:20:28,5,评论,好厉害！,0.8507
他说他是乱撕的，他可不是乱撕的[doge],2022-02-21 01:18:52,6,评论,他说他是乱撕的，他可不是乱撕的,0.1196
"小西八偷了我们不少东西1、拔河（起源中国但被偷国申遗）2、暖炕（起源中国流传千年，各地都有，在偷国叫做暖炕，被偷国申遗）3端午祭（节）（就是端午节！！偷语发音Da—端，no—午，je—节。偷国申遗全称Gangneung Danoje Festival，这使咱们申请端午节只能用龙舟节代替，在国际上咱们说端午节，外国人首先会想到的是端午节是偷国节日！！！）4、丹青（没错就是你想到的那个丹青，人家六七十年代就申遗了）5、板索里（咱们的快板、评书、京韵大鼓、相声、京剧和天桥把式被偷国叫了一个这么土的名称申遗了，而且咱们在申遗快板、评书、京韵大鼓时几乎不能通过了）6、木结构建筑（咱们国家华美的建筑结构被偷国申遗了）7、活字印刷术（就是咱们的四大发明之一啊）8、宫廷礼乐（咱们国家的音乐啊，它们演奏的乐器都是咱们国家的）9、灵山斋（咱们国家佛教文化仪式，偷国没有的！！！）10、韩国传统武术（对标中国传统武术，而且咱们申遗武术时无法用传统武术申遗）11、麻织（起源于中国千年前，却被偷国申遗，而且如果再申遗这个确不能用这个名字）12、猎鹰（起源于千年前的中国，那时候偷国人可能还是野“人”）13、海女（起源于咱们国家和日本沿海地区，偷国到了近代才有的）14、摔跤（起源千年前咱们国家的）15、针灸（目前有疑问，但被成功申遗的几率很大，因为目前针灸标准99％来自偷国）16、海印寺（这个文化包含了中国和日本的寺庙文化，佛家文化，还有经卷和雕刻等。估计还有很多人不知道这个吧，但是已经被偷了）17、泡菜（四川泡菜一个小小分只，但是很恶心的是它们把百度百科中泡菜起源中国的词条举报删除了，转身就向世界宣称泡菜起源偷国，但是泡菜制作标准是中国定的）18、儒学书院（近乎是把孔子申遗了）19、东医宝鉴（对标的就是中医！！！）偷国申遗的几乎都是中国文化，以上是我从知乎网友那里整理过来的，但这只是九牛一年，韩国财团再用金钱控制各国的博物馆，尤其是泛亚地区，它们把东北，辽东地区划到了偷国故土，其中最为典型的就是乌兹别克斯坦，每个儿童都会去他们那里的一个博物馆参观，但是那个博物馆是偷国财团资助的，他们会从幼年就被灌输咱们的东北，辽东地区是偷国的！！这些是我复制的就想让大家知道事情的严重性",2022-02-21 01:19:13,5,评论,"小西八偷了我们不少东西1、拔河（起源中国但被偷国申遗）2、暖炕（起源中国流传千年，各地都有，在偷国叫做暖炕，被偷国申遗）3端午祭（节）（就是端午节！偷语发音Da—端，no—午，je—节。偷国申遗全称Gangneung Danoje Festival，这使咱们申请端午节只能用龙舟节代替，在国际上咱们说端午节，外国人首先会想到的是端午节是偷国节日！）4、丹青（没错就是你想到的那个丹青，人家六七十年代就申遗了）5、板索里（咱们的快板、评书、京韵大鼓、相声、京剧和天桥把式被偷国叫了一个这么土的名称申遗了，而且咱们在申遗快板、评书、京韵大鼓时几乎不能通过了）6、木结构建筑（咱们国家华美的建筑结构被偷国申遗了）7、活字印刷术（就是咱们的四大发明之一啊）8、宫廷礼乐（咱们国家的音乐啊，它们演奏的乐器都是咱们国家的）9、灵山斋（咱们国家佛教文化仪式，偷国没有的！）10、韩国传统武术（对标中国传统武术，而且咱们申遗武术时无法用传统武术申遗）1、麻织（起源于中国千年前，却被偷国申遗，而且如果再申遗这个确不能用这个名字）12、猎鹰（起源于千年前的中国，那时候偷国人可能还是野“人”）13、海女（起源于咱们国家和日本沿海地区，偷国到了近代才有的）14、摔跤（起源千年前咱们国家的）15、针灸（目前有疑问，但被成功申遗的几率很大，因为目前针灸标准9％来自偷国）16、海印寺（这个文化包含了中国和日本的寺庙文化，佛家文化，还有经卷和雕刻等。估计还有很多人不知道这个吧，但是已经被偷了）17、泡菜（四川泡菜一个小分只，但是很恶心的是它们把百度百科中泡菜起源中国的词条举报删除了，转身就向世界宣称泡菜起源偷国，但是泡菜制作标准是中国定的）18、儒学书院（近乎是把孔子申遗了）19、东医宝鉴（对标的就是中医！）偷国申遗的几乎都是中国文化，以上是我从知乎网友那里整理过来的，但这只是九牛一年，韩国财团再用金钱控制各国的博物馆，尤其是泛亚地区，它们把东北，辽东地区划到了偷国故土，其中最为典型的就是乌兹别克斯坦，每个儿童都会去他们那里的一个博物馆参观，但是那个博物馆是偷国财团资助的，他们会从幼年就被灌输咱们的东北，辽东地区是偷国的！这些是我复制的就想让大家知道事情的严重性",0.7583
熟能生巧而已，我干了十几年的炊事员，这鸡汤好不好喝，我一尝就知道[傲娇],2022-02-21 01:17:54,4,评论,熟能生巧而已，我干了十几年的炊事员，这鸡汤好不好喝，我一尝就知道,0.4112
不就撕个纸吗，我上厕所一张纸不过用的时候也可以把它搞成三张[tv_doge][tv_doge],2022-02-21 01:13:11,5,评论,不就撕个纸吗，我上厕所一张纸不过用的时候也可以把它搞成三张,0.2496
[点赞],2022-02-21 01:12:27,5,评论,,0.5667
评论区把我看不会了。。,2022-02-21 01:10:12,5,评论,评论区把我看不会了。,0.2719
？？？？？,2022-02-21 01:10:42,4,评论,？,0.0924
一般,2022-02-21 01:05:52,5,评论,一般,0.1255
小心韩国狗小心韩国狗小心韩国狗,2022-02-21 01:05:36,5,评论,小心韩国狗,0.0126
我就不信西八国能有玩意学会这个[歪嘴],2022-02-21 01:02:50,5,评论,我就不信西八国能有玩意学会这个,0.0846
刚进来……撕纸谁不会？？我小时候就会了！[傲娇]看完……卧槽！[点赞],2022-02-21 01:01:20,5,评论,刚进来…撕纸谁不会？我小时候就会了！,0.1664
别人非遗我匪夷,2022-02-21 00:54:40,5,评论,别人非遗我匪夷,0.3299
这个像不像那俩警察画的鱼,2022-02-21 00:54:24,5,评论,这个像不像那俩警察画的鱼,0.5357
挺丑的,2022-02-21 00:54:00,5,评论,挺丑的,0.0741
已经开始走申遗程序思密达,2022-02-21 00:48:02,5,评论,已经开始走申遗程序思密达,0.1791
和剪纸的区别在哪？,2022-02-21 00:45:48,4,评论,和剪纸的区别在哪？,0.3222
撕纸也能非遗？…………我算什么东西[大哭],2022-02-21 00:40:47,5,评论,撕纸也能非遗？…我算什么东西,0.0143
在弹幕里发china/chinese的是不是蠢蛋哈哈哈哈，偷视频又不偷弹幕，除了影响观感啥用没有,2022-02-21 00:39:51,5,评论,在弹幕里发china/chinese的是不是蠢蛋哈，偷视频又不偷弹幕，除了影响观感啥用没有,0.0195
这是不是算最早的剪纸呀？,2022-02-21 00:38:20,5,评论,这是不是算最早的剪纸呀？,0.1849
龟龟[doge],2022-02-21 00:34:05,5,评论,龟,0.0835
怎么说呢确实很厉害徒手说撕就撕，但这东西说实话很尴尬，有些东西你说它把确实算是门手艺是个本事，但毕竟学手艺学本事主要目的就是糊口，所以正儿八经专门去学可能有点难，如果作为一门美术课手工课推广到学校去，这个还靠谱一点。,2022-02-21 00:33:43,6,评论,怎么说呢确实很厉害徒手说撕就撕，但这东西说实话很尴尬，有些东西你说它把确实算是门手艺是个本事，但毕竟学手艺学本事主要目的就是糊口，所以正儿八经专门去学可能有点难，如果作为一门美术课手工课推广到学校去，这个还靠谱一点。,0.0138
感觉手工撕这种可以做出不规则感的技艺可以用在把大致的形确定好了之后更精细的操作啊，比如撕出更逼真的鱼尾巴或者别的动物的绒毛之类的，不知道有没有这样的撕纸呢,2022-02-21 00:29:39,6,评论,感觉手工撕这种可以做出不规则感的技艺可以用在把大致的形确定好了之后更精细的操作啊，比如撕出更逼真的鱼尾巴或者别的动物的绒毛之类的，不知道有没有这样的撕纸呢,0.9137
这些玩意，要是韩国日本偷去能当国宝供起来拍电影写传记申遗。我们在这方面知识产权严重缺乏，惋惜,2022-02-21 00:30:12,5,评论,这些玩意，要是韩国日本偷去能当国宝供起来拍电影写传记申遗。我们在这方面知识产权严重缺乏，惋惜,0.0012
@可可今天吃土了吗,2022-02-21 00:20:23,4,评论,@可今天吃土了吗,0.1991
我说我行，我的手说他不行,2022-02-21 00:18:53,3,评论,我说我行，我的手说他不行,0.1785
剪刀：失业了,2022-02-21 00:19:04,2,评论,剪刀：失业了,0.4604
迷惑性太强了，过程看起来跟我撕纸玩没什么不同，但结果真的nice,2022-02-21 00:16:17,5,评论,迷惑性太强了，过程看起来跟我撕纸玩没什么不同，但结果真的nice,0.8255
我小学也这样撕纸玩，只是撕的不太好看[doge],2022-02-21 00:14:28,5,评论,我小学也这样撕纸玩，只是撕的不太好看,0.1741
别人撕纸是艺术，我撕纸是老年痴呆,2022-02-21 00:14:24,4,评论,别人撕纸是艺术，我撕纸是老年痴呆,0.0275
我在学前班玩过这个,2022-02-21 00:14:39,5,评论,我在学前班玩过这个,0.6526
这个是真的厉害了！！,2022-02-21 00:10:59,4,评论,这个是真的厉害了！,0.4133
胸有成竹,2022-02-21 00:10:44,4,评论,胸有成竹,0.4995
能用剪刀吗,2022-02-21 00:10:54,4,回复,能用剪刀吗,0.1779
爷爷我给你鼓掌👏👏👏👏👏,2022-02-21 00:06:06,2,评论,爷我给你鼓掌👏,0.911
又是转载自互联网，蹲一蹲原视频[藏狐],2022-02-21 00:04:36,5,评论,又是转载自互联网，蹲一蹲原视频,0.5796
相机转的我好晕啊,2022-02-21 00:02:42,6,评论,相机转的我好晕啊,0.451
旁边旁边还有作品，为什么不展示介绍一下呢？,2022-02-20 23:59:54,6,评论,旁边还有作品，为什么不展示介绍一下呢？,0.1778
我给爷爷鼓掌👏👏👏,2022-02-21 00:01:10,4,评论,我给爷鼓掌👏,0.9641
呜呜好喜欢这个视频，求二拍，还想看撕纸和爷爷,2022-02-21 00:00:30,4,评论,呜好喜欢这个视频，求二拍，还想看撕纸和爷,0.9882
谁能科普一下这玩意儿的历史,2022-02-21 00:00:14,6,评论,谁能科普一下这玩意儿的历史,0.0526
看之前:我要仔细看看，说不定能学一点看之后:好强！！！,2022-02-20 23:59:36,5,评论,看之前:我要仔细看，说不定能学一点看之后:好强！,0.8163
up能告诉这个爷爷有很多人点赞吗？,2022-02-20 23:58:09,3,评论,up能告诉这个爷有很多人点赞吗？,0.6589
说没有鼓掌笑的有点僵直不至于吧，人少在办公室，微笑点头也行呀？,2022-02-20 23:57:58,5,评论,说没有鼓掌笑的有点僵直不至于吧，人少在办公室，微笑点头也行呀？,0.265
手撕肯定难，而且很难做到线条规整。这方面无法和剪的比。,2022-02-20 23:58:12,5,评论,手撕肯定难，而且很难做到线条规整。这方面无法和剪的比。,0.0747
拍的镜头是不是有点拿的太近了？,2022-02-20 23:57:43,6,评论,拍的镜头是不是有点拿的太近了？,0.0621
这次老实说一般，没必要硬吹,2022-02-20 23:57:40,5,评论,这次老实说一般，没必要硬吹,0.0664
那些在说怕小西巴偷走的B友们大可不必那么担心，这手艺小西巴学不会[doge],2022-02-20 23:54:25,5,评论,那些在说怕小西巴偷走的B友们大可不必那么担心，这手艺小西巴学不会,0.5958
年年有余的鲸鱼[doge][doge],2022-02-20 23:53:53,5,评论,年有余的鲸鱼,0.6306
快申遗！偷国在路上了！哦申完了。那没事了,2022-02-20 23:53:40,5,评论,快申遗！偷国在路上了！哦申完了。那没事了,0.8783
看完打卡,2022-02-20 23:52:18,4,评论,看完打卡,0.8548
我撕纸能完美诠释什么叫稀碎,2022-02-20 23:51:13,5,评论,我撕纸能完美诠释什么叫稀碎,0.2514
看到这个撕纸一下就想起了以前撕很厚的纸撕到手指头肉的感觉,2022-02-20 23:50:32,3,评论,看到这个撕纸一下就想起了以前撕很厚的纸撕到手指头肉的感觉,0.1898
不乱加BGM，针不戳,2022-02-20 23:48:13,5,评论,不乱加BGM，针不戳,0.1143
眼睛：这不就轻轻松松吗？手：这是一个级别的吗？眼睛：这不一样吗？手：你行你来呀。,2022-02-20 23:47:41,3,评论,眼睛：这不就轻松吗？手：这是一个级别的吗？眼睛：这不一样吗？手：你行你来呀。,0.0361
好棒,2022-02-20 23:45:51,4,评论,好棒,0.9977
小时候我也经常这么撕家里的红纸，以为是窗花，后来被爸妈打一顿,2022-02-20 23:45:16,4,评论,小时候我也经常这么撕家里的红纸，以为是窗花，后来被爸妈打一顿,0.5115
给手艺人点赞,2022-02-20 23:44:59,5,评论,给手艺人点赞,0.9974
看起来爷爷手抖[哦呼],2022-02-20 23:44:12,5,评论,看起来爷手抖,0.2061
爷爷好强啊！[打call][打call][打call],2022-02-20 23:43:46,5,评论,爷好强啊！,0.9508
天冷了，注意防韩,2022-02-20 23:43:12,5,评论,天冷了，注意防韩,0.3871
刚开始，我:就这？然后，我:？？？,2022-02-20 23:42:28,2,评论,刚开始，我:就这？然后，我:？,0.0753
看爷爷的手指关节就感觉撕纸是下了苦功夫,2022-02-20 23:42:46,3,评论,看爷的手指关节就感觉撕纸是下了苦功夫,0.1242
再申了思密达[doge],2022-02-20 23:40:05,4,评论,再申了思密达,0.1495
幼儿园学过简单撕纸！真的好玩！,2022-02-20 23:38:43,5,评论,幼儿园学过简单撕纸！真的好玩！,0.9035
心中有线，手指为剪,2022-02-20 23:38:35,4,评论,心中有线，手指为剪,0.6016
笑了，在这种视频不夸手艺反而在讨论韩国,2022-02-20 23:38:07,4,评论,笑了，在这种视频不夸手艺反而在讨论韩国,0.1095
提个建议，请问摄像头可以固定吗。感觉一会挪开一会挪开好晕。,2022-02-20 23:38:04,6,评论,提个建议，请问摄像头可以固定吗。感觉一会挪开好晕。,0.1676
我小学的时候和朋友经常玩这个哎，不过我记得我们都是把这个叫做窗花[藏狐],2022-02-20 23:37:35,5,评论,我小学的时候和朋友经常玩这个哎，不过我记得我们都是把这个叫做窗花,0.8819
弹幕别自作多情了，韩国人偷还直接录屏开弹幕？笑死人了,2022-02-20 23:37:21,4,评论,弹幕别自作多情了，韩国人偷还直接录屏开弹幕？笑死人了,0.3529
非遗哪有追星有意思[星星眼],2022-02-21 14:27:45,5,回复,非遗哪有追星有意思,0.175
[给心心]非遗哪有geigei好,2022-02-22 02:28:57,5,回复,非遗哪有gei好,0.4626
回复 @卡缪っ :为什么扯这个，单纯说这件事必须扯粉籍，扯我的爱好？而且我也不喜欢他只是觉得帅，他还是中国的哦,2022-02-22 14:56:37,4,回复,回复 @卡缪っ :为什么扯这个，单纯说这件事必须扯粉籍，扯我的爱好？而且我也不喜欢他只是觉得帅，他还是中国的哦,0.0323
撕？[跪了],2022-02-20 23:37:03,4,评论,撕？,0.0513
up：撕纸14w＋人：卧槽,2022-02-20 23:37:00,5,评论,up：撕纸14w＋人：卧槽,0.0459
没有留指甲的我用剪刀试了试，剪完剪了个“垃圾”,2022-02-20 23:36:11,5,评论,没有留指甲的我用剪刀试了试，剪完剪了个“垃圾”,0.0478
搁日本这不待是个撕纸仙人,2022-02-20 23:35:07,6,评论,搁日本这不待是个撕纸仙人,0.2315
人家撕得跟玩似的，我撕得跟玩似的,2022-02-20 23:35:40,4,评论,人家撕得跟玩似的，我撕得跟玩似的,0.0812
人工碎纸机,2022-02-20 23:34:39,5,评论,人工碎纸机,0.6055
嗯，我是five[酸了],2022-02-20 23:32:59,4,评论,嗯，我是five,0.7581
同样是撕纸，人家撕出来的是金鱼，我撕出来确是，随地扔垃圾罚款五十[捂脸],2022-02-20 23:32:27,6,评论,同样是撕纸，人家撕出来的是金鱼，我撕出来确是，随地扔垃圾罚款五十,0.0083
封面:这是个什么东西[疑惑]看完:我是个什么东西[笑哭],2022-02-20 23:29:53,5,评论,封面:这是个什么东西,0.3425
手:我会了，大脑:你放屁,2022-02-20 23:27:13,5,评论,手:我会了，大脑:你放屁,0.0941
韩国:这是我们的思密达只是我们忘了怎么撕了而已,2022-02-20 23:26:48,5,评论,韩国:这是我们的思密达只是我们忘了怎么撕了而已,0.1218
哇哦！中间是个花诶！好漂亮！老爷子，您能撕出来冰墩墩和雪容融不？,2022-02-20 23:26:35,6,评论,哇哦！中间是个花诶！好漂亮！老爷子，您能撕出来冰墩和雪容融不？,0.9116
封面:这是个什么东西[疑惑]看完:我是个什么东西[笑哭],2022-02-20 23:29:53,5,评论,封面:这是个什么东西,0.3425
手:我会了，大脑:你放屁,2022-02-20 23:27:13,5,评论,手:我会了，大脑:你放屁,0.0941
韩国:这是我们的思密达只是我们忘了怎么撕了而已,2022-02-20 23:26:48,5,评论,韩国:这是我们的思密达只是我们忘了怎么撕了而已,0.1218
哇哦！中间是个花诶！好漂亮！老爷子，您能撕出来冰墩墩和雪容融不？,2022-02-20 23:26:35,6,评论,哇哦！中间是个花诶！好漂亮！老爷子，您能撕出来冰墩和雪容融不？,0.9116
这个没指甲玩不了吧,2022-02-20 23:26:09,4,评论,这个没指甲玩不了吧,0.1698
能不能适当减少镜头的移动呢？看起来略感不适,2022-02-20 23:25:30,5,评论,能不能适当减少镜头的移动呢？看起来略感不适,0.1862
救命！师傅撕的这么随意让我不自量力的觉得我也可以[笑哭][笑哭][笑哭],2022-02-20 23:25:12,4,评论,救命！师傅撕的这么随意让我不自量力的觉得我也可以,0.4453
我有个提议 由于用手撕很费力  有时候一不小心就容易把自己给累死  所以用剪刀✂️代替手指  就叫剪纸怎么样[doge],2022-02-20 23:23:36,5,评论,我有个提议 由于用手撕很费力 有时候一不小心就容易把自己给累死 所以用剪刀✂️代替手指 就叫剪纸怎么样,0.8102
爷爷好厉害！,2022-02-20 23:23:26,4,评论,爷好厉害！,0.8113
“教”,2022-02-20 23:22:59,6,评论,“教”,0.3548
@少无适俗韵后来有了,2022-02-20 23:22:53,5,评论,@少无适俗韵后来有了,0.873
看似随意，实则功夫深厚啊！佩服！,2022-02-20 23:21:07,5,评论,看似随意，实则功夫深厚啊！佩服！,0.7012
小时候还会剪这个。现在不会了。,2022-02-20 23:21:04,5,评论,小时候还会剪这个。现在不会了。,0.616
这个手撕金鱼其实很简单只需要两步：一：脑子里想出金鱼形状；二：手把它撕出来。（别问我会不会，我要会我也申遗[doge]）,2022-02-20 23:19:35,4,评论,这个手撕金鱼其实很简单只需要两步：一：脑子里想出金鱼形状；二：手把它撕出来。（别问我会不会，我要会我也申遗）,0.1964
感觉手很抖,2022-02-20 23:18:22,5,评论,感觉手很抖,0.0466
这个真的是有手就行，可惜我没手[doge],2022-02-20 23:18:11,4,评论,这个真的是有手就行，可惜我没手,0.4669
这得耗费不少年头吧，太厉害了,2022-02-20 23:19:16,5,评论,这得耗费不少年头吧，太厉害了,0.0508
手稳[tv_点赞],2022-02-20 23:18:43,5,评论,手稳,0.9705
我用剪刀都跟不上你这亿点点细节,2022-02-20 23:17:44,5,评论,我用剪刀都跟不上你这亿点细节,0.037
我不禁怀疑难道我不是十根手指？,2022-02-20 23:16:31,6,评论,我不禁怀疑难道我不是十根手指？,0.0133
他搞得让我以为我也可以，啧,2022-02-20 23:13:45,3,评论,他搞得让我以为我也可以，啧,0.2846
眼睛:没看明白手:我也是脑子:我才醒,2022-02-20 23:13:18,5,评论,眼睛:没看明白手:我也是脑子:我才醒,0.0465
这是非遗，是传统文化，传承下来的,2022-02-20 23:13:07,3,评论,这是非遗，是传统文化，传承下来的,0.9425
[热词系列_知识增加]原来撕的都比剪的好是真的,2022-02-20 23:10:23,5,评论,原来撕的都比剪的好是真的,0.6244
就这？换我我能撕一个天女散花[doge],2022-02-20 23:11:26,6,评论,就这？换我能撕一个天女散花,0.067
大脑：我也不会,2022-02-20 23:10:11,2,评论,大脑：我也不会,0.205
西八！这个一定要抢过来思密达！,2022-02-20 23:09:26,5,评论,西八！这个一定要抢过来思密达！,0.3567
在下不才只能给大家表演个浪费纸张[保卫萝卜_哭哭],2022-02-20 23:07:41,5,评论,在下不才只能给大家表演个浪费纸张,0.1462
我在人间凑数那些年,2022-02-20 23:00:32,5,评论,我在人间凑数那些年,0.8021
看好啦，就这样，就这样，就这样，然后就这样,2022-02-20 22:53:43,5,评论,看好啦，就这样，然后就这样,0.2599
一看到这种非遗就害怕被偷国人看见,2022-02-20 22:41:46,5,评论,一看到这种非遗就害怕被偷国人看见,0.2309
厉害,2022-02-20 22:32:41,5,评论,厉害,0.4862
眯眯眼的都TM是神仙啊[笑哭][笑哭][笑哭],2022-02-20 22:24:11,4,评论,眯眼的都TM是神仙啊,0.119
好厉害！,2022-02-20 22:19:16,5,评论,好厉害！,0.8507
韩国思密达连夜学习准备申遗,2022-02-20 22:11:19,5,评论,韩国思密达连夜学习准备申遗,0.3621
好厉害我的天,2022-02-20 22:09:43,5,评论,好厉害我的天,0.8267
下面我给大家手撕一张 期中考试卷[doge],2022-02-20 22:03:31,5,评论,下面我给大家手撕一张 期中考试卷,0.5244
我小时候会撕个双喜字,2022-02-20 21:59:00,5,评论,我小时候会撕个双喜字,0.6791
我有点受不了手和纸摩擦的这个声音，有没有人和我一样[笑哭],2022-02-20 21:58:22,5,评论,我有点受不了手和纸摩擦的这个声音，有没有人和我一样,0.0523
撕纸比剪纸可难吧,2022-02-20 21:48:42,4,评论,撕纸比剪纸可难吧,0.3675
？怎么难了，是没撕过纸吗？,2022-02-20 23:43:56,5,回复,？怎么难了，是没撕过纸吗？,0.0107
下面我给大家手撕一张 期中考试卷[doge],2022-02-20 22:03:31,5,评论,下面我给大家手撕一张 期中考试卷,0.5244
我小时候会撕个双喜字,2022-02-20 21:59:00,5,评论,我小时候会撕个双喜字,0.6791
我有点受不了手和纸摩擦的这个声音，有没有人和我一样[笑哭],2022-02-20 21:58:22,5,评论,我有点受不了手和纸摩擦的这个声音，有没有人和我一样,0.0523
撕纸比剪纸可难吧,2022-02-20 21:48:42,4,评论,撕纸比剪纸可难吧,0.3675
？怎么难了，是没撕过纸吗？,2022-02-20 23:43:56,5,回复,？怎么难了，是没撕过纸吗？,0.0107
我会撕囍,2022-02-20 21:34:02,5,评论,我会撕囍,0.6278
[吃瓜][傲娇][doge][思考][跪了],2022-02-20 21:27:52,5,评论,,0.5667
爱啦爱啦,2022-02-20 21:27:16,4,评论,爱啦,0.6549
【韩国竟然想申遗汉子。结局意想不到-哔哩哔哩】 韩国竟然想申遗汉子。结局意想不到,2022-02-20 21:23:18,3,评论,【韩国竟然想申遗汉子。结局意想不到-哔哩】 韩国竟然想申遗汉子。结局意想不到,0.8082
好厉害，我果然是个废物[笑哭][笑哭],2022-02-20 21:23:09,4,评论,好厉害，我果然是个废物,0.2718
小西八国：在申遗了思密达,2022-02-20 21:13:59,5,评论,小西八国：在申遗了思密达,0.3669
看的时候不知道为什么好担心他撕错，但又希望他能够撕错满足一下我的担心[嗑瓜子],2022-02-20 21:13:17,5,评论,看的时候不知道为什么好担心他撕错，但又希望他能够撕错满足一下我的担心,0.8213
我：这有啥难得，不就是撕纸吗[傲娇]脑子：我不会手：看我干啥，我更不会,2022-02-20 21:09:58,4,评论,我：这有啥难得，不就是撕纸吗脑子：我不会手：看我干啥，我更不会,0.0597
卧槽卧槽,2022-02-20 21:09:40,4,评论,卧槽,0.023
好肥的鱼，可以下锅了[doge][doge],2022-02-20 20:45:42,5,评论,好肥的鱼，可以下锅了,0.7545
这和剪纸有啥区别？,2022-02-20 20:34:51,5,评论,这和剪纸有啥区别？,0.2804
剪子好操控，手撕一下撕坏了呢,2022-02-21 05:06:08,5,回复,剪子好操控，手撕一下撕坏了呢,0.7823
厉害👍,2022-02-20 20:33:31,5,评论,厉害👍,0.574
我小时候也是这样撕[doge]哈哈哈,2022-02-20 20:29:58,5,评论,我小时候也是这样撕哈,0.626
不要表现的好像我也能学会的样子啊🙀,2022-02-20 20:25:02,4,评论,不要表现的好像我也能学会的样子啊🙀,0.4577
6666,2022-02-20 20:23:21,6,评论,6,0.7166
好听，听起来好舒服,2022-02-20 20:19:29,6,评论,好听，听起来好舒服,0.9965
小学那会儿也没少撕呀，咋就没这感觉嘞[汤圆][汤圆],2022-02-20 19:19:29,5,评论,小学那会儿也没少撕呀，咋就没这感觉嘞,0.0883
爷爷，手借我学学😂,2022-02-20 19:11:51,4,评论,爷，手借我学😂,0.4902
不理解，古时候百姓没剪刀吗？虽然不得不承认很厉害，但是为什么能成非遗，古早时期撕纸有这么流行吗？,2022-02-20 19:08:41,4,评论,不理解，古时候百姓没剪刀吗？虽然不得不承认很厉害，但是为什么能成非遗，古早时期撕纸有这么流行吗？,0.0034
[给心心]您知道在古代铁器制品属于奢侈品么？,2022-02-22 02:33:44,5,回复,您知道在古代铁器制品属于奢侈品么？,0.4493
回复 @卡缪っ :所以铁犁牛耕都是贵族在耕地喽[吃瓜],2022-02-22 20:34:45,6,回复,回复 @卡缪っ :所以铁犁牛耕都是贵族在耕地喽,0.8432
回复 @卡缪っ :所以古代人没剪刀的家庭都是是不穿衣服的是吗？,2022-02-22 16:53:40,6,回复,回复 @卡缪っ :所以古代人没剪刀的家庭都是不穿衣服的是吗？,0.0375
为什么撕我[doge],2022-02-20 18:57:38,6,评论,为什么撕我,0.0748
太厉害了[打call][打call][打call],2022-02-20 18:45:33,4,评论,太厉害了,0.2456
撕纸多简单，先这样，在那样，然后这样，最后这样，学会了吗，没学会就算了，我也没学会[doge],2022-02-20 18:28:53,5,评论,撕纸多简单，先这样，在那样，然后这样，最后这样，学会了吗，没学会就算了，我也没学会,0.0999
这鱼身上还有花～,2022-02-20 18:06:53,5,评论,这鱼身上还有花～,0.374
感觉撕纸的作品比剪纸更有特色吧，天然去雕饰。,2022-02-20 18:00:45,5,评论,感觉撕纸的作品比剪纸更有特色吧，天然去雕饰。,0.9066
这次真的是有手都不行了,2022-02-20 17:58:19,6,评论,这次真的是有手都不行了,0.1141
这个声音有点舒服,2022-02-20 17:54:47,5,评论,这个声音有点舒服,0.291
人家叫艺术，我叫老年痴呆[笑哭],2022-02-20 17:14:06,6,评论,人家叫艺术，我叫老年痴呆,0.0544
支持up多整点，传统文化谁不爱看呢[doge],2022-02-20 17:13:41,5,评论,支持up多整点，传统文化谁不爱看呢,0.8973
心中有图,2022-02-20 17:08:49,5,评论,心中有图,0.8665
我连剪纸都费劲。更别说手撕了。,2022-02-20 17:05:00,5,评论,我连剪纸都费劲。更别说手撕了。,0.1035
手中有技，心中有画，艺中有神。,2022-02-20 16:55:13,5,评论,手中有技，心中有画，艺中有神。,0.9456
好厉害!![支持][支持][支持],2022-02-20 16:19:36,4,评论,好厉害!,0.8611
这……不是魔法🪄？,2022-02-20 16:07:34,2,评论,这…不是魔法🪄？,0.0219
一开始，撕纸？我也会！看到最后，我算什么东西，我什么也不会,2022-02-20 15:57:51,5,评论,一开始，撕纸？我也会！看到最后，我算什么东西，我什么也不会,0.0215
手撕和剪刀，没有本质区别。,2022-02-20 15:56:57,5,评论,手撕和剪刀，没有本质区别。,0.3317
第一次知道还有撕纸非遗！,2022-02-20 15:55:20,5,评论,第一次知道还有撕纸非遗！,0.7386
隔壁西八也学不会,2022-02-20 15:38:33,4,评论,隔壁西八也学不会,0.3611
好厉害,2022-02-20 14:59:48,5,评论,好厉害,0.8592
手撕鬼子,2022-02-20 14:28:47,2,评论,手撕鬼子,0.1969
要不来个教程什么的，但是！请简单一点点,2022-02-20 14:26:45,5,评论,要不来个教程什么的，但是！请简单一点,0.1166
西八学不会先申遗再学！,2022-02-20 14:11:50,5,评论,西八学不会先申遗再学！,0.0975
小时候会撕双喜[微笑],2022-02-20 13:01:30,5,评论,小时候会撕双喜,0.5938
厉害👍,2022-02-20 12:53:58,6,评论,厉害👍,0.574
先这样再这样然后就成了[歪嘴],2022-02-20 12:34:15,4,评论,先这样再这样然后就成了,0.0561
小声点，别让川传知道这事,2022-02-20 12:16:55,5,评论,小声点，别让川传知道这事,0.1338
为什么要撕而不是用剪刀剪呢？,2022-02-20 02:25:57,4,评论,为什么要撕而不是用剪刀剪呢？,0.0254
回复 @叔叔我啊真的很 :我觉得应该是撕纸先出现的 毕竟工具是需要发明时间的 剪纸可能更广为人知一点 更方便快捷精确 所以撕纸从某种意义上来讲被淘汰了  但是仍有人继续传承（应该大概吧 我猜的,2022-02-20 15:36:24,5,回复,回复 @叔我啊真的很 :我觉得应该是撕纸先出现的 毕竟工具是需要发明时间的 剪纸可能更广为人知一点 更方便快捷精确 所以撕纸从某种意义上来讲被淘汰了 但是仍有人继续传承（应该大概吧 我猜的,0.6152
剪刀剪就成剪纸了,2022-02-20 12:46:22,5,回复,剪刀剪就成剪纸了,0.5214
回复 @猛男Kitty :啊这，你连砍柴刀都买不起，还有钱买纸撕这个呢？,2022-02-21 09:13:50,5,回复,回复 @猛男Kity :啊这，你连砍柴刀都买不起，还有钱买纸撕这个呢？,0.0236
厉害！！[点赞][点赞],2022-02-19 22:34:01,4,评论,厉害！,0.5724
手好巧,2022-02-19 22:25:15,4,评论,手好巧,0.9646
厉害了，要是我可能哪里就断了,2022-02-19 22:11:04,5,评论,厉害了，要是我可能哪里就断了,0.0995
这双手是真巧啊,2022-02-19 21:17:44,5,评论,这双手是真巧啊,0.6391
好厉害[笑哭][笑哭][笑哭],2022-02-19 20:06:48,4,评论,好厉害,0.8592
。。我的手和纸好像有自己的想法[捂脸],2022-02-19 19:38:02,6,评论,。我的手和纸好像有自己的想法,0.5829
牛!!,2022-02-20 14:14:10,4,回复,牛!,0.8296
好看,2022-02-19 19:32:40,4,评论,好看,0.9825
[点赞][点赞],2022-02-19 15:27:50,6,评论,,0.5667
厉害━━━∑(ﾟ□ﾟ*川━,2022-02-19 15:06:26,4,评论,厉害━∑(ﾟ□ﾟ*川━,0.0786
真厉害 徒手,2022-02-19 13:04:03,5,评论,真厉害 徒手,0.6287
好看,2022-02-19 19:32:40,4,评论,好看,0.9825
[点赞][点赞],2022-02-19 15:27:50,6,评论,,0.5667
厉害━━━∑(ﾟ□ﾟ*川━,2022-02-19 15:06:26,4,评论,厉害━∑(ﾟ□ﾟ*川━,0.0786
真厉害 徒手,2022-02-19 13:04:03,5,评论,真厉害 徒手,0.6287
太棒了，赞一个😍,2022-02-19 12:08:45,3,评论,太棒了，赞一个😍,0.9932
不用剪刀也可以[脸红],2022-02-19 08:41:33,5,评论,不用剪刀也可以,0.8603
