,name,time,content,transmit,comment,praise,emotion_score
0,澎湃新闻,04-08,英国首相：若出现更强毒株，不排除再次封城的可能性,77,110,245,0.068
1,广东新闻联播,04-08,广州：甄别相关重点场所108个，涉9个区4月8日，广州市召开疫情防控新闻发布会。据通报，截至今日12时，全市在管密接3747人、次密接370人；重点人群5967人，全部赋“黄码”发送提醒短信，实行“七天三检”。,746,1969,33881,0.0302
3,沪语说唱Mrweezy,04-09,上海一学生因疫情无家可归已经流落街头9天,0,0,0,0.5083
4,Harry超越梦想,04-09,预测一下，这波上海、吉林及全国疫情平息之后，只要政策不变，接下去的防疫措施应该会越来越严，成本也会越来越大。主要原因有二：1、病毒传播能力太强了。就算再怎么控制境外输入，不太可能百分百不发生本土，且地区性爆发本土疫情的频率，周期和规模肯定是要高于2021年。2、上海这事出了之后，基本意 ​,0,0,0,0.3938
5,美杜莎麻麻,04-09,橙色是这波疫情前最后一次去花鸟市场买的月季，还有很多花苞，还能使劲开一段时间。,0,0,0,0.227
6,上海黄浦,04-09,从机关到“疫”线，这支党员突击队好样的！,0,0,0,0.9917
9,睡在云朵上的晓晓,04-09,昨天下午给同小区的一个亲戚打电话 他说自己一个人在家 没有储备物资 家里只有两个莴笋 我说 有志愿者帮忙买菜 他说 过几天或许就能让大家出去买菜 他准备先凑合一下 我说 这一次比武汉封控的还严格 不封个两星期 没有新增 我们能出来? 如果疫情再严重些 还不知道要封到什么时候 我们要做好最坏打算 我 ​,0,0,0,0.0038
10,小只糯米球,04-09,黄渤梅婷新剧组致歉,0,0,0,0.9147
11,那么等风来吧,04-09,上海你这次真是太糟糕了，楼里一周已经连续出现三户感染了，一共十八户，到现在阳性的连窗子也不关，楼里大多都是上了年纪的叔阿姨，除了我们要跑上跑下拿物资外，到现在三四天了核酸也没做过，就做了抗原，你是要让我们都感染吗？,0,0,0,0.0042
12,环保三亚,04-09,发布了头条文章：《日产量约16.6吨！三亚如何处置涉疫医疗废物？》,0,0,0,0.0064
13,太极拳学,04-09,广州 疫情,0,0,0,0.6557
14,哈尔滨经济广播电台,04-09,哈尔滨4月8日0-24时疫情通报,0,0,1,0.2745
15,夏天橙,04-09,从2/15日元宵节集中隔离14+7，酒店隔离日子过得很快。隔离解封后去了办公室一天回来，得知小区封控。连续隔离和在家快二个月了。苏州疫情完了又上海疫情。清明假期就在小区外江边看放了两天风筝，莫名竟然变成了踏青的景点，浪了两天小区又封闭了。在家916办公日子，每天小区做核酸就是下楼看春光 ​,0,0,0,0.9925
16,南方周末,04-09,制造业人才需求缺口大,13,24,58,0.3158
18,大餠餠是龍龍,04-09,这届疫情防控的领导班子都下来吧！别舍不得你这顶乌纱帽，做不好就换人！自己去基层社区多走多看，阳性患者要过几天才能转运，政府物资发放管理混乱，物资短缺老百姓天要手机上网抢菜自救日子过得苦不堪言，就问你们这次疫情防控工作做得是什么玩意？,0,0,0,0.0019
19,连如今,04-09,尸位素餐的不仅是他们，无论是疫情还是战争我都会难受，因为很多问题根源是人性的恶，没发生在我们身边是运气好而已。,0,0,0,0.2046
21,艺能人_金广发,04-09,《真不贵》、,39,15,82,0.8425
22,圈圈的娱乐,04-09,疫情之后有了岡货的习惯，若干年后子孙绕膝，问爷为什么爱岡货？我双眼凝视夜空，语重心长的说：“这事说来话长，想当年你爷在和平年代的GDP第一的城市，差点饿死。” ​,0,0,0,0.0236
27,蔡徐坤的贴身苦茶,04-09,大亨给我买,0,0,1,0.6527
28,江城映象,04-09,拟再开展一次全员核酸检测，将依据风险程度大小，按照“三区划分”原则，进行阶梯式管理今天（4月9日）上午举行的市疫情防控工作新闻发布会上，副市长宗明就新冠疫情区域防控和核酸筛查情况向大家作通报：,0,0,0,0.0637
29,商洛公安,04-09,疫情防控,0,0,0,0.3158
30,西安微记录,04-09,上海疫情,0,0,0,0.632
31,你发癫别人问地你答天,04-09,给大家分享一个某植物没有脸没有勇气盗的图片吧！我老公一直站在禁毒第一线，为了我们中国的禁毒而努力着，时刻不忘记肩上的使命！我呢，疫情的时候写了篇小作文，得了四等奖！某植物就算再富，我觉得她还是欠缺很多，什么某港大学毕业的，估计写字都还不如我这个小学生,0,0,0,0.1309
32,上帝之鹰_5zn,04-09,上海疫情谣言公示 ​,8,52,206,0.5006
33,罗小杰唱游大世界,04-09,今天凌晨据说小区在发牛排，我睡着了，牛排就没拿到，早上问居委会，说以后会补发，以这几天的经验，以后就是遥无期了，怪自己，凌晨睡什么觉，应该等着的,0,0,0,0.2442
34,上海经侦ECID,04-09,疫情当前警察不退,0,1,0,0.0895
35,辰雨書-杨sir,04-09,建议美国驻上海大使馆的门口播放两首歌可以帮助他们度过难关：1.雄赳气昂跨过鸭绿江。2.一条大河。当年中国志愿军是唱着第一首歌跨过鸭绿江，在断水断粮的日子听着一条大河度过困难时期的。,0,0,0,0.801
37,洋浦政务,04-09,五指山市暂停省第二人民医院发热门诊，开展区域核酸检测→,0,0,0,0.0253
39,凑近你唇,04-09,每天的生活忙碌,0,0,0,0.9784
40,大头妹一,04-09,看到上海某社区住户反应买菜的问题，希望及时处理。如果把捐来的菜，卖给大家，是不是算发go man cai？望彻查！不希望再出现这种情况！,0,0,0,0.0052
41,唐盼盼_,04-09,即20年湖北疫情后，又一次难忘的经历。,0,0,0,0.8757
42,Emmkuku,04-09,👧🏻：妈，我好想xia 去泰国玩啊…,0,1,3,0.8454
43,-四分三十三秒-,04-09,枣庄抗疫日记,14,30,52,0.7489
44,牛牛半岛祺遇记,04-09,闺蜜和npy吵架了，我突然想起来高二疫情那年回学校，我们年级只剩一对情侣的盛况,0,0,1,0.7045
45,吖呜蛋小黑,04-09,早该发了，封闭了大半个月本来啥事没有，突然新增🐑就是团的物资货源不明也没做好消杀，zf也拉稀疫情那么久了连教居民如何做好物资消杀的宣传都没有。 ​,0,0,0,0.0039
47,搁浅筱離,04-09,晒浙江的夏天,0,0,0,0.8061
48,z1huii-,04-09,同事们都互相叫老师 学生喊我小张 我白眼翻到后脑勺,0,0,0,0.2593
49,西西不是惨兮兮,04-09,济南疫情,0,0,1,0.7108
50,环球时报,04-09,英国首相：若出现更强毒株，不排除再次封城的可能性,8,21,52,0.068
51,宁波市城乡公交,04-09,（持续更新）疫情防控“三区”范围内公交线路跳站、临时撤站的公告,0,0,0,0.3173
53,民乐融媒体中心,04-09,甘肃疫情,0,0,0,0.4605
54,皮肤科王玮蓁教授,04-09,武汉迎来今年首个30℃,0,0,0,0.9166
55,滨州文旅,04-09,滨州身边事,0,0,0,0.6728
56,南方都市报,04-09,广州白云区强化管控措施,10,5,25,0.2826
57,猴子派来的琳琳,04-09,早上八点被一个电话打过来叫起床做核酸，洗脸刷牙就跑下去，队伍排到操场，刚排没两分钟被通知医护人员还没来，于是跑去吃了早餐，吃完早餐九点多赶紧去排队，此时队伍排到我宿舍门口了，排了将近一个小时终于做完了核酸，就这折腾了一上午了，这疫情什么时候结束啊，无止境的核酸，医护人员很累，我们 ​,0,0,0,0.8623
58,剧财,04-09,长春一小学生写给抗疫一线交警爸的信,0,0,0,0.2008
59,脱欧入亚卡菊轮,04-09,感谢外省市的tips，广州毫不犹豫全市核酸了。,2,5,52,0.9419
62,听说你知道我饭易烊千玺,04-09,距202年高考还有不到60天,0,0,1,0.5337
63,见闻实时新闻,04-09,钟南山：生命是最高的人权，抗疫关键是尽力降低传播和病死率“在人与病毒的斗争中，最高的人权就是人的生命，是健康的生命。”谈到新冠肺炎疫情防控，钟南山说，“新冠疫情防控的关键问题就是要最大限度降低传播和病死率。”钟南山结合当前疫情形势表示，奥密克戎虽然病死率低，但传播力强，如果大 ​,3,1,0,0.9907
64,青白江服务,04-09,其他资讯,0,0,0,0.6317
65,QQsososo,04-09,分享近日,0,0,0,0.7482
66,普法追星小律一枚·,04-09,听说我的俊,0,0,0,0.7522
68,深圳特区报,04-09,特评｜坚持“动态清零”总方针 打好“精准防”持久战疫情还在继续，深圳精准防控的弦时刻紧绷。全市还面临疫情外部输入和内部反弹风险交织叠加的挑战，我市防控形势依然严峻复杂，我们决不能有丝毫的麻痹思想、厌战情绪、侥幸心理、松劲心态。,0,0,0,0.9668
69,混沌与概率1997,04-09,20年疫情我都觉得不需要囤货，物资供得上。,1,7,16,0.7078
71,threejamohyeah,04-09,已经足不出户了还日增两万,0,1,0,0.1206
72,如风kiko,04-09,又一次和这次的成都疫情插肩,0,0,0,0.8511
73,成都科技,04-09,小科关注,0,0,0,0.8619
74,深圳市场监管,04-09,特评｜坚持“动态清零”总方针 打好“精准防”持久战,0,0,0,0.9187
75,祺小酱,04-09,潍坊疫情,0,0,1,0.5213
76,再瘦五十斤就行,04-09,无锡106,0,0,1,0.8586
77,澎湃新闻,04-09,上海划分三区进行阶梯式管理：封控区、管控区和防范区4月9日，上海市副市长、市疫情防控工作领导小组副组长宗明介绍，上海按照三区划分原则，进行阶梯式管理。 所谓三区是指封控区、管控区和防范区。,13,18,16,0.5997
78,三亚日报,04-09,三亚头条新闻,0,0,0,0.0408
79,筷说鱼乐,04-09,大S的老公有点出师不利呢。,0,0,0,0.2772
80,严锋,04-09,疫情严重，整个生活节奏都乱了，做啥都没有心情。今天想给大家说一下我现在睡的枕头。,7,41,81,0.0289
81,广州日报,04-09,直播 | 广州市疫情防控新闻发布会4月9日上午，广州市人民政府新闻办公室召开广州市疫情防控新闻发布会，邀请市卫健委、市商务局、白云区、市疾控中心相关负责同志通报我市新冠肺炎疫情防控相关情况。（广州日报•新花城记者：方晴 林欣潼 许晓芳 王燕）,1,2,2,0.0173
83,-四分三十三秒-,04-09,上海疫情,1,2,10,0.632
85,深圳市场监管,04-09,“战疫”平常心 发现一起就扑灭一起！| 速观察,0,0,0,0.4348
87,WithAndyooo,04-09,上海将进行三区阶梯式管理,0,0,0,0.6265
88,遂宁故事绘,04-09,遂宁防控互助,0,1,1,0.5137
89,中国电信,04-09,中国电信江西婺源分公司: 逆行在战“疫”一线，他们守护婺源春天,0,0,0,0.9504
90,小超特烦恼,04-09,上海将进行三区阶梯式管理,0,1,9,0.6265
91,Cheyenne嘉嘉,04-09,广州 疫情,0,0,3,0.6557
92,财经网,04-09,上海：,17,65,29,0.777
93,语嫣秘籍,04-09,我在长春挺好的,0,0,0,0.9297
95,开水族馆的生物男,04-09,前些天长春的好朋友跟我说：物资供应跟不上，部分社区物业联手掐掉平价菜倒卖关系户几倍价格的货，朋友们都在讨论疫情结束想去南方工作了.然后昨晚留言：就这？怎么比我们东北都不如？,65,48,90,0.0126
96,城东个体户王大宝,04-09,“报警”这件事相当值得玩味。当组织状告个人，或者说疫情期间对于法律责任的强调，其对象都指向普通人。公家要用法律治理个人，而非相反。屠狗者不会因故意损坏财物受到惩处，淡漠的执勤警察不会涉嫌渎职罪，而公民则时刻需要注意自己不该说什么。问题最后就成了，谁才是合格的被报警的对象。 ​,1,1,1,0.1712
97,山西晚报,04-09,阳泉平定县划定封控区、管控区、防范区！根据平定县当前疫情防控形势，结合疫情流调溯源实际情况，县疫情防控领导小组决定，现将平定县指定区域划定为封控区、管控区，具体划定范围及管控措施通告如下：,0,0,0,0.4475
98,南阳日报,04-09,4月8日新增确诊1350例,0,0,0,0.8842
99,福州地铁,04-09,地铁运营信息4月1日（下周一）起，福州地铁全线网每日运营服务时段和行车间隔恢复正常运营。温馨提醒：疫情期间市民乘客乘坐地铁时，请主动出示“健康码”，全程规范佩戴好口罩，并配合车站的测温安检工作，感谢您的理解和配合。,0,0,0,0.9548
100,哼朱可笑,04-09,无锡疫情,0,0,15,0.5963
101,吉林发布,04-09,本轮吉林省疫情防控工作第30场新闻发布会,8,133,49,0.1185
102,往事莫回味-,04-09,上海新增本土确诊1015例无症状2609例,0,0,13,0.6641
103,兰子2021,04-09,看目前这形式，社区团购已经是上海中产的最后自我救济方式，虽然有遇到各种问题，但是还是能在市场中得到解决，特殊时期也就别追求所谓的完美了。,0,0,4,0.4632
105,皮耶罗和英扎吉在一起,04-09,从目前透露出来的消息，真的让我十分震惊，上海的运气得多么的好，躲过了之前那么多波疫情。其他省市那么多好的经验真是一点都没搞，以至于最近上海采取系列措施时，还用来当新闻报出来我才知道，这些措施包括但不限于：封控管控防控的3区，场所码的应用，核算扫描身份证或二维码自动生成信息… ​,0,0,0,0.4182
106,春风得意马蹄疾-一日看尽长安花,04-09,广州 疫情,1,0,3,0.6557
109,公务员考试答疑君,04-09,上海新增本土确诊1015例无症状2609例,0,1,16,0.6641
110,苍岩素,04-09,昨天白云区出现了几例新冠阳性，晚上8点半就开始全区全员核酸检测，很快健身房也发了通知今天起开始闭馆。今早就看到做为隔壁区的我们也要求全员核酸检测了。我鉴于吉林和上海疫情的前车之鉴，广州很紧张啊，市政府下发通知动员各企事业单位党员干部全力支援白云区。我思来想去，还是赶紧下单买点儿吃 ​,0,0,2,0.4807
111,守望者------why-001,04-09,流动往返人员隔离需要坚持14天-小区因疫情封闭啦，显得家庭储备的必要性。谨防检测人群密集，核酸检测过程增加传染风险。防疫要制度化，温情化要不得，因为上海回来的两个人不遵守居家隔离规定，结果把一座城弄得停摆啦，生产生活流通停摆。 ​,0,0,0,0.1142
112,黝黑的妹妹,04-09,江苏宿迁一学校123名师生感染新冠,0,0,0,0.6492
113,东北知识局,04-09,长春新增本土确诊150例,0,1,6,0.8869
114,MW爱Pia和JOJ一直在德奥峰,04-09,每天都在搞疫情防控直播，每天还是一堆人快断粮又买不到菜…这直播有个什么意义，菜都在电视里又吃不到，不如全天放点轻松的电影神马的，好坏让人精神放松一下,0,0,1,0.5229
115,雷斯林Raist,04-09,朋友3月下旬刚来上海入职，4月1日正式上班，结果还没上班呢就封在家里了，现在每天居家办公。,5,20,126,0.7236
116,MaomaosHoliday,04-09,希望大家温柔一点，疫情之下不要聚集,4,3,54,0.0739
117,全网最热视频,04-09,“大白”下乡做核酸，老人想吃莴笋大白抄起菜刀：架势不会输,0,0,0,0.7044
118,小寒每天都开心,04-09,本来我对上海这个城市充满了美好的幻想，甚至已经决定去上海读研究生，更甚在上海开始我的职业生涯，但是疫情期间发生的种，让我觉得上海好像不是一个有人情味的地方，好像是一个对外地人不太友好的地方，我以前看到的那些好都是假的吗，只是上海本地人的美好生活吗，我真的犹豫了 ​,0,2,0,0.9452
119,广东天气,04-09,天气晴好，紫外线强烈，外出做核酸前记得先涂好防晒霜，或者带把遮阳伞，帽子等防晒物品，另湿度较低，干燥维持，出发核酸前记得先喝上几口水。,1,3,8,0.9384
120,漂亮国傻事,04-09,疫情这么严重了，大家都体谅一下志愿者吧，人手不够，任务又重，尽量别买非必要的东西，毕竟他们光是维持基本的物资运转都已经很辛苦了啊。,3,8,12,0.41
121,犄jiao旮旯小小钶儿,04-09,202疫情📝,0,1,0,0.3614
122,胡江波在北京,04-09,广州1个区开展全区全员核酸检测,0,1,1,0.6851
123,海口直播12345,04-09,可预约登记采样！“海南健康宝”操作指引来了,0,0,0,0.6435
124,Hawkeye44,04-09,一觉醒来，广州也乱套了，齐安排核酸去～,0,0,0,0.9012
125,八字比你多,04-09,上海新增本土确诊1015例无症状2609例,0,2,13,0.6641
126,一只借虎威de喵,04-09,（投稿）上半年貌似陆续会开的古装项目。,0,3,0,0.6062
127,珂珂可可爱可乐,04-09,上海拟再开展一次全员核酸检测,0,0,16,0.4925
130,蓝鲸财经记者工作平台,04-09,上海：拟再开展一次全员核酸检测，将划分封控区、管控区和防范区，进行阶梯式管理上海市4月9日举行新冠肺炎疫情防控新闻发布会，上海市副市长、市疫情防控工作领导小组副组长宗明在会上表示，根据国家新冠疫情社区防控的有关规定，结合之前多轮筛查的情况，拟再开展一次全员核酸检测，根据检测结果 ​,23,10,20,0.2172
131,Sylvie01,04-09,无锡106,0,11,36,0.8586
132,中時電子報新影視頻道,04-09,张震炙热眼神吓到名模 被爆私下反差萌“舞技超强”科幻寓言极短篇《永生号》8日在金马奇幻影展开幕举行世界首映，导演王维明率领,0,0,0,0.9934
133,科技深度IN,04-09,上海新增本土确诊1015例无症状2609例,0,1,3,0.6641
134,中国广州发布,04-09,增城最新通告：暂缓殡葬服务场所现场祭扫,1,0,0,0.7754
135,东南早报,04-09,刚通报！泉州昨日新增感染者，来自这些地方,0,0,0,0.5629
136,tanpeiyu,04-09,IARC的数据20年中国只算癌症死亡病例30万例，一年，记住是一年，不是疫情流行这两三年，是年均死三百多万人，真看重人命是不是应该拿对待新冠的精神和劲头以及医疗资源和财政医保的倾斜力度去搞一搞？没头脑和不高兴爱问一句你家有老人吗？别问别人了猜你爸妈爷奶什么时候得癌症还是得新冠吧。 ​,0,0,1,0.0045
137,名城苏州网,04-09,苏州战疫,0,0,0,0.8045
138,矮油别害羞,04-09,等疫情结束后去吃顿火锅吧,32,9,30,0.3108
139,翎涟,04-09,广州 疫情,0,1,12,0.6557
140,上海发布,04-09,市卫生健康委通报本市疫情防控工作最新情况,9,6,9,0.5988
141,Bbikmi,04-09,记录一下近期幸福感爆炸的事情,0,0,0,0.5599
142,黄河新闻网吕梁频道,04-09,侯马市公安局开展全警核酸检测,0,0,0,0.4638
143,追风少年刘全有,04-09,天气那么好，没有疫情该多好啊！ ​,75,60,304,0.5177
144,中国侨网,04-09,上海将进行三区阶梯式管理,0,0,1,0.6265
145,每日数码科技杂谈,04-09,广州疫情卷土重来，昨日新增6例！疫情的流调结果让人惊讶，传播速度主要跟从事职业有关！,0,0,1,0.6448
146,请用粤语念尔淳,04-09,隔壁天河城，又双叒封了,0,0,0,0.601
147,辽视第一时间,04-09,4月8日，营口市新增3例本土无症状感染者 为鲅鱼圈区报告4月8日0时至24时，营口市新增3例新冠肺炎本土无症状感染者，为鲅鱼圈区报告，均在集中隔离场所中发现，现已闭环转运至定点隔离医院治疗。本轮疫情营口市累计报告本土确诊病例197例，本土无症状感染者503例，其中鲅鱼圈区累计报告本土确诊病 ​,1,0,0,0.2558
148,齐鲁晚报,04-09,4月8日山东新冠肺炎疫情况,1,1,2,0.4413
150,hxy没有意义的id名,04-09,距202年高考还有不到60天,0,3,5,0.5337
151,我苏网,04-09,徐州市疫情防控通告（202年第40号）,0,0,0,0.476
152,北半球的葉子,04-09,每天看着微博上关于上海疫情的各种事情. 真的很让人揪心. 尤其是看到那些孤寡老人没人管的视频，真的是连忙划走，看不得,0,3,1,0.6589
153,企鹅水水XX,04-09,喝着AG的日子，最近怎么就无敌想念咖啡呢…或许是买来解馋的咖啡堵在路上太久，求而不得，思念太深；又或许是近期疫情封控，总想着吃喝些平时自由时都很久不碰的东西。终于得了机会来一杯，妈呀！真的太好喝了，一解相思之苦～给老公也捎上一杯～然后带着酸辣粉来公司，哇哦，今日的加班生活如此美 ​,0,0,0,0.9955
154,拽爷你博帝·85,04-09,安徽50余医护人员425吨物资驰援上海,26,4,53,0.4802
155,红高粱honggaoliang,04-09,20409 新的一天你好！,0,0,0,0.84
156,小杨爱吃桃monica,04-09,广州疫情,0,0,1,0.662
157,南昌铁路,04-09,南铁微视角,0,0,1,0.5334
158,无为菽僧,04-09,疫情日记,0,0,0,0.4667
159,虹麓述评,04-09,在中国明显陷入上海的疫情并快速全面地向全国散发的状态下，中国经济面临严峻考验，这种考验将波及全球供应端并不可避免地会带来全球供应端紧缩，也就是全球通胀危机，即使美联储如何快速加息都无法解决美国通胀问题。其次，在中国制造被病毒疫情干扰而萎缩的可预期前提下，世界大宗产品的价格会遭遇致 ​,0,0,0,0.053
160,寧晓言,04-09,上海疫情,26,42,59,0.632
161,WulikkDeal,04-09,广州疫情,0,2,1,0.662
162,河南共青团,04-09,截至202年4月8日24时河南省新型冠状病毒肺炎疫情最新情况！,0,0,1,0.3822
163,沈丘县融媒体中心,04-09,周口好网民,0,0,0,0.8496
164,时光会吃人啊,04-09,生活日记,0,1,1,0.8782
165,新华网,04-09,上海拟再开展一次全员核酸检测，将依据风险程度大小，按照“三区划分”原则，进行阶梯式管理9日上午，上海召开疫情防控发布会通报，根据国家新冠疫情社区防控的有关规定，结合之前多轮筛查的情况，拟再开展一次全员核酸筛查，根据检测结果分析研判，实施分区分级差异化防控，依据风险程度的大小， ​,8,16,24,0.018
166,脊梁in上海SH,04-09,闲来无事做了一下上海各区（图1/2）,23,0,76,0.8628
167,忱言,04-09,广州 疫情,0,0,1,0.6557
168,Moku-Vv,04-09,TOMFORD36虎瞳盘,0,0,6,0.6105
169,广州公安,04-09,白云区部分公交线路临时调整根据白云区疫情防控的有关要求，结合相关管控区域的设置，从4月9日起，临时撤销管控区域范围的325个公交站点（公交总站2个，中途站点303个）。同时对途经区域内的160条线路实施临时调整，其中35条线路临时停运，105条线路临时截短不进入管控区域，20条线路实施绕行。,0,0,0,0.0228
172,仲有最靓既猪腩肉Zzz,04-09,广州又疫情了，同事说他们那儿昨天有人排队到凌晨两点，但是没有听到有人抱怨，看见有很多人企图在小红书引战，说医护迟到让ta排队久等了，但是评论都是各种理解支持医护人员的暖心话语，广州最棒！ ​,0,1,5,0.9974
173,环球时报环球旅游,04-09,黄渤梅婷小区拍戏遭业主驱赶,0,0,0,0.0864
174,蟹老板爱卖萌,04-09,等疫情结束后去吃顿火锅吧,32,32,31,0.3108
175,狗勾夏發財,04-09,黄渤梅婷新剧组致歉,0,1,4,0.9147
176,蛋饺肉丝姐姐KO,04-09,安徽新增6例本土确诊,0,0,0,0.7628
177,新民晚报新民网,04-09,上海新增本土1015+2609，坚持分类收治，提早介入轻症救治,0,0,0,0.9769
178,西南铁路,04-09,成铁微提示,0,0,0,0.4693
179,人气女王说话术,04-09,“为情所困 不是感情 是疫情” ​,4,0,12,0.061
180,温江发布,04-09,温江区：织密公共交通防疫网,0,0,1,0.7114
181,魅力虞城,04-09,疫情防控,0,0,0,0.3158
182,考拉Blingling,04-09,安徽50余医护人员425吨物资驰援上海,0,1,3,0.4802
183,湖北发布,04-09,江河湖北,1,0,1,0.5191
184,Evenevenx,04-09,广州疫情,0,0,19,0.662
185,山田孝之得不到的女人,04-09,从疫情到现在也算经历了一些波折，最开始的煤气灶坏了，因为疫情前发病的室友错过的囤粮，物资的短缺，花了10块跑腿费买的物资因为小区防疫人员和外卖衔接失误导致丢失的物资，我全都自己解决了,0,0,0,0.1698
186,新快报,04-09,新快直播,1,0,10,0.9505
187,_三水草肃,04-09,记录一些奇怪的可爱。,0,0,0,0.7281
188,愿远圆愿,04-09,广州 疫情,0,1,6,0.6557
189,每日数码科技杂谈,04-09,广州疫情严重，才解封半个月又重来，涉及9个人区！当晚连夜紧急核酸，一男子排队的举动亮了！,0,0,7,0.3337
191,一条沙发虫,04-09,建议你们公开发布消息，要写“市人民政府”，而不是写“市政府”。,0,1,0,0.076
193,今日最新闻官方微博,04-09,4月9日广州市疫情防控新闻发布会广州市政府新闻办于4月9日1:0，召开广州市疫情防控新闻发布会。邀请广州市卫健委、广州市商务局、白云区、广州市疾控中心相关负责同志通报广州市新冠肺炎疫情防控相关情况。（来源：珠江权威发布 广东台记者：林雪映 摄像：谢田子）时间：4月9日上午1:0 ​,0,1,4,0.0086
194,小光小光暖暖内含光,04-09,我真的没有想到，上海会这样子。我想的是以后读完博就去上海或者武汉，最后不考虑饮食习惯，去广州。,1,2,1,0.6399
195,南方都市报,04-09,广州市召开疫情防控新闻发布会广州市人民政府新闻办公室于4月9日1:0，在广州市新闻发布厅召开广州市疫情防控新闻发布会（202年总第36场）。将邀请市卫健委、市商务局、白云区、市疾控中心相关负责同志通报广州市新冠肺炎疫情防控相关情况。,0,0,4,0.0189
196,魔西倩,04-09,求救,4908,4510,38001,0.5343
197,海口直播12345,04-09,关注海口疫情防控,0,0,0,0.7155
198,河北高速96122,04-09,京哈高速(G1):,0,0,0,0.6927
199,数码柯机,04-09,荣耀官宣Earbuds 3 Pro真无线耳机，号称“一部有「温度」的科技产品”。机头部位增加了一个测温模块，可以通贴合用户耳朵实现测温，在疫情反复的当下很适合,0,0,0,0.3498
200,南粤女声-,04-09,粤姐话你知,0,0,0,0.6004
201,达州发布,04-09,注意！,0,0,1,0.3641
202,上海地铁shmetro,04-09,地铁疫情防控交流专栏为配合疫情防控工作需要，根据市疫情防控形势和轨道交通客流实际情况：202年4月5日起至另有通知时止，上海轨道交通6号线、16号线运营时段为7:0—20:0，其他线路仍暂停运营。停运线路车站不办理进出站及换乘业务，提请市民乘客理解和支持。期间，有关于上海地铁的意见建议 ​,0,1,1,0.4715
203,京报网_北京日报官方网站,04-09,10余人奋战，丰台区鹏润家园保障封控管控区居民生活疫情就是命令，4月7日深夜，北京市丰台区太平桥街道快速响应、统筹部署鹏润家园小区疫情防控工作，连夜成立8个工作组，细化为综合协调、安全保障、核酸检测、生活服务、垃圾清运、物资保障、政策解答、人员转运等内容，抽调街道、社区干部、派出 ​,0,0,0,0.9194
205,南昌经济技术开发区发布,04-09,英雄城同心战疫,0,0,0,0.6309
206,中国移动,04-09,战疫情“移”起行,0,0,0,0.4104
207,小红花测评,04-09,夏季如何给宝防晒,0,0,0,0.8795
208,南昌新建发布,04-09,新建动态,0,0,0,0.7828
209,北京大兴,04-09,小兴播报,0,0,1,0.431
210,中天電視亞洲台FUN,04-09,大甲妈遶境起驾了！疫情中信徒热情不减 小镇宛如不夜城大甲镇澜宫（8日）深夜展开9天8夜遶境之旅，晚间庙方施放大型天灯，挂满80个祈福卡冉升空祈求国泰民安；深夜1时一到，由马英九、台中市副市长黄国荣、镇澜宫董事长颜清标扶轿，大批信徒双手合十恭送妈祖出城，大甲小镇城宛如不夜城。 ​,0,0,0,0.9872
212,广西新闻网,04-09,最新通知！,0,0,0,0.82
213,鞍山日报,04-09,辽宁好网民抗疫在行动,0,0,0,0.9738
214,宿迁之声,04-09,微广播,0,0,0,0.3869
215,中国吉林网,04-09,战疫攻坚进行时,0,0,0,0.3379
216,山西发布,04-09,致敬每一个忙碌的身影近期，山西太原、晋中、临汾和运城相继发生输入性局部疫情，外防输入压力巨大，内防反弹任务繁重。此次疫情发生后，被划为管控区的小店街道立即启动应急预案，同步实施区域化、网格化、包联制等不同管控措施，力争在最短的时间内，构筑起一张疫情防控网。戳链接→,1,0,0,0.9499
218,寿县发布,04-09,县疫情防控指挥部召开工作会商会4月7日晚，县委书记、县新冠肺炎疫情防控应急综合指挥部指挥长牛方括主持召开县疫情防控指挥部工作会商会，县领导李琼、王亚晖、牛斌、洪毅然、袁东、胡玉强、李景练、李家明、卢胜、邓祖洋、谢超、姚忠及县疫情防控应急处置“一办十二组”、寿春镇等负责同志参加会 ​,0,0,0,0.9718
219,潮涌灯湖-南海桂城,04-09,疫情防控,0,0,0,0.3158
220,武汉机场楚天情,04-09,乘机小贴士,0,0,0,0.6775
221,Gaby1013,04-09,上海新增本土确诊1015例无症状2609例,0,2,2,0.6641
222,陕西网,04-09,陕西疫情快讯,0,0,1,0.309
223,meira333,04-09,广州核酸,0,1,5,0.81
224,新浪福建,04-09,福建医疗队将接管上海世博方舱医院,14,29,86,0.3037
225,每日经济新闻,04-09,江苏首个服务上海的方舱医院正式开舱,0,0,2,0.9369
226,地产大婶,04-09,上海疫情,0,2,2,0.632
227,陆建华摄影,04-09,无锡疫情防控措施有所调整，据最新消息，商业综合体、超市、医疗卫生机构、公共交通、药店、建筑工地等暂不执行48小时核酸检测报告准入措施，凭门铃码绿码可进入。,0,3,0,0.1209
228,我去个嘞个嘞,04-09,上海新增本土确诊1015例无症状2609例,0,2,5,0.6641
229,昆明轨道交通集团有限公司,04-09,注意啦！你的这些行为可能涉嫌违法！昆明地铁发布最新提示,0,0,0,0.0239
230,扬州交通广播,04-09,清美公司回应将礼包中冷鲜肉替换为午餐肉：因小区内配送时间过长，冷鲜肉不允许断冷链配送上海市消保委4月9日消息，昨日有多名消费者向上海市消保委反映清美公司团购套餐存在问题。清美公司4月9日回应称，关于部分消费者反映清美生鲜大礼包出现冷鲜肉被午餐肉替换的问题，因近期疫情原因，小区内配 ​,0,0,0,0.0077
231,邊邊staylo,04-09,将逃避扰乱疫情防控的称之为英雄？,0,0,0,0.0719
233,1034生活广播,04-09,保护自己 保卫城市-疫情防控 法库在行动：吉祥街道边门社区贴心服务送上门 居家隔离也温暖 ,0,0,0,0.9966
234,江南刘捕头,04-09,上海：已建成方舱医院10多个 床位数达16万多据上海4月9日疫情防控工作新闻发布会介绍，目前，全市已有8个定点医院，床位数80余张，今明两天还有一批定点医院可以投入使用。已建成方舱医院10多个，床位数16万多。后续将根据疫情形势，进一步做好定点医院和方舱医院的资源储备。—啧，需要多 ​,1,0,0,0.7026
235,怡然自得_andy,04-09,刚看完了,3,17,17,0.295
236,达尔文的猫和狗,04-09,上海封城一周，看疫情之下，我和宠物的物资分别还剩多少,2,21,71,0.7936
237,布吉岛优秀代表,04-09,上海新增本土确诊1015例无症状2609例,0,0,15,0.6641
238,建德发布,04-09,17抗疫,0,0,0,0.691
239,一只特立独行的狗___,04-09,已经快一年没回家看外婆了,0,0,0,0.8341
240,张晓楠,04-09,知止而后有定 定而后能静 静而后能安 安而后能虑 虑而后能得—《大学》,0,1,1,0.97
241,健康广州,04-09,周知,8,14,37,0.7635
242,王俊凯的strawberry,04-09,@hyq,0,24,15,0.8633
243,敲敲敲敲吖,04-09,居家隔离第七天啦,0,0,0,0.7339
244,扎哈克,04-09,上海疫情,1,1,2,0.632
245,法职_庞九林律师,04-09,这波新冠疫情还要持续多久,0,1,2,0.0545
247,肉包里面全是菜,04-09,广州 疫情,0,0,1,0.6557
248,香港沉默之聲,04-09,我们观察到白云区广园新村一带市况井然，请大家不信谣、不传谣，严格按照政府防控要求，不为国家添乱，广州加油！💪🏻,1,0,15,0.1964
249,观察者网,04-09,上海累计新冠感染人数前五位：浦东、闵行、徐汇、黄浦和嘉定4月9日上午10:0，上海举行新冠肺炎疫情防控工作新闻发布会。上海市副市长、市疫情防控工作领导小组副组长宗明介绍，3月1日以来，我市已持续开展了多轮次核酸筛查或抗原检测。自4月4日以来，截至4月8日24时，累计筛查约9527万人次，已完 ​,6,16,23,0.8848
253,水泊武松,04-09,最新吉林省疫情截止到4月8日24时，全省新增治愈出院确诊病例1563例，其中长春市12例、吉林市343例、四平市5例、延边州2例、白城市1例；新增解除隔离医学观察无症状感染者860例，其中长春市569例、吉林市289例、延边州1例、辽源市1例。长春市疫情是吉林省的重中之中！ ​,0,0,0,0.991
254,果然视频,04-09,4月8日济南新增本土病例情况,0,1,0,0.8094
255,河北新闻广播,04-09,关注河北疫情,0,0,1,0.5082
256,信息时报,04-09,即日起，广园客运站、三元里客运招呼站暂停营运9日上午，记者从广州市交通运输部门获悉，根据《广州市新型冠状病毒肺炎疫情防控指挥部通告》（第32号）文件要求，为配合做好疫情防控工作，自4月9日起，广园客运站、三元里客运招呼站暂时停运，具体恢复营运时间请留意客运站公众号信息。,0,0,0,0.1064
257,深圳小天,04-09,广州市民连夜排队有序做核酸,3,22,116,0.887
258,China_達西先生,04-09,上海新增本土确诊1015例无症状2609例,0,3,2,0.6641
259,山西城市频道,04-09,直击山西疫情第一线,0,1,2,0.7886
260,每日数码科技杂谈,04-09,现在疫情真的是太狡猾了，杭州、深圳、上海…广州，似乎将各大城市都搞了一个轮回，而且是一个又一个的轮回，这一点让人属实有点疑惑！,0,1,0,0.4382
261,泥滴岁王,04-09,你mua的～疫情再不结束，我朋友要把月老办事所做大做强发家致富了,0,1,18,0.2584
262,大众日报,04-09,济南市卫生健康委信息发布（202年4月8日0—24时）,0,0,0,0.3149
264,lijia2021heng,04-09,友人说：关注其他同类的命运并为之呐喊、伸出援手，这是人和动物的区别；公民自治、自觉、自发形成互助组织，这是现代文明社会的样子。面对无差别攻击的疫情，你可以质疑上海探索“躺平”，而我认为它是第一个站着迎敌的。 ​,0,0,1,0.9543
265,广州交通电台,04-09,目前，广州地铁二号线/八号线部分车站停止对外服务4月9日运营时间起，,0,0,4,0.4003
266,爱喝奶茶的桃小妖,04-09,上海新增本土确诊1015例无症状2609例,0,0,10,0.6641
267,新浪广东,04-09,广州疫情,1,10,5,0.662
268,广州白云发布,04-09,致全区广大共产党员的动员令,0,0,0,0.8422
269,是u洗不是哟西,04-09,广州疫情,0,2,10,0.662
270,水京田心,04-09,这疫情真的好严重，就不出门添乱啦，等🐼买菜回家做饭。 ​,0,3,1,0.2238
271,沈翰之,04-09,等疫情结束后去吃顿火锅吧,30,30,29,0.3108
272,中国大学生在线,04-09,共抗疫情爱国力行,0,0,1,0.6598
274,习五一,04-09,上海疫情,5,15,65,0.632
275,龙卟叕,04-09,哈，现在的生活状态就是纯搞笑：出门折返的最大原因就是忘拿口罩，和人接触最担心的是成为密接，约好去哪里玩第一个问题是两码信息是否会变，抖音里面收藏了无数个旅游胜地命名都是疫情结束了再去，想留点纪念拍合照回头翻相册都戴着口罩😷。这么好的天气休息四天，两天市内游，两天室内游,0,0,0,0.9858
276,八字比你多,04-09,上海新增本土确诊1015例无症状2609例,0,0,19,0.6641
277,鲁网潍坊,04-09,潍坊疫情,0,0,0,0.5213
278,湛泸剑,04-09,丽水疫情,0,0,0,0.4145
279,青季_长醉不愿醒,04-09,突然想起了疫情刚开始的时候去超市一篮买口罩再寄给国内朋友的事儿。当时挺怕被超市和邮局的人说什么，但也什么都没被说。两三次后觉得不能再薅人家库存了就没再买了，我自己也没提前囤。后来有段时间这边口罩跟不上，大家好几个月里都小心翼搞库存等补货。,0,0,0,0.1569
281,不知道叫啥Z,04-09,上海新增本土确诊1015例无症状2609例,0,2,3,0.6641
282,大孫旭,04-09,上海新增本土确诊1015例无症状2609例,0,0,2,0.6641
283,JK日常,04-09,无关jk请问大家起初是怎么接受和父母分别的呢？ 由于疫情影响妈换了一份工作，虽然在本地可是需要住宿，一次可能要一个半月都不能回家，回来了也只能待一个星期左右。我真的非常舍不得妈，这两天她还没有去我就已经在偷哭了。妈在决定之前其实也有问过我，但我们家是那种很含蓄的氛围 ​,0,6,2,0.1346
284,洋浦政务,04-09,三亚新增确诊病例2例、无症状感染者1例，无症状感染者转归确诊病例1例,0,0,0,0.9027
285,兔叽的奥利奥扭不开,04-09,还是我大成都厉害,0,1,3,0.6106
286,广州交通,04-09,广州交通快讯,47,3,14,0.8355
287,山西城市频道,04-09,山西新增本土6例无症状5例,0,1,5,0.6649
288,植先生,04-09,上海新增本土确诊1015例无症状2609例,7,7,50,0.6641
289,rickyaoyao,04-09,上海健康码崩了,0,0,3,0.6607
290,上海锵锵和鸣Phoenix,04-09,上海消息,0,0,0,0.6457
291,4A广告网,04-09,联名狂魔五菱，又对迪士尼下手了说起跨界营销最出圈的汽车品牌，绝对绕不开｢五菱｣。疫情初期口罩短缺，五菱马上改造生产线生产口罩、捐赠物资，获得大众拍手称赞。地摊经济蔚然成风，五菱迅速推出豪华地摊车，成为诸多年轻人追捧的摆摊神器。螺蛳粉火遍全国，五菱跨界上线螺蛳粉界，在端 ​,29,10,30,0.9874
292,元气少女平儿,04-09,人不傻X枉少年,0,1,0,0.1441
293,ba哥专用,04-09,疫情期间，上海人都在居家隔离，彭于晏所在的小区夜间开演唱会，大家都在窗前呼喊解闷。有业主大喊彭于晏，结果彭于晏还回应道：准备好了吗！,246,191,2231,0.1326
295,KomorebiLam,04-09,这个在玲姐腾哥背后的小花一闪而过的小花 都能想象到现场这一期大圣放空有多可爱了,1,0,20,0.9854
296,上海消防,04-09,疫情防控期间公共场所消毒要点公共场所人流量大，是传染病传播和交叉感染的最佳场所，因此在疫情期间，一定要注意防疫消毒工作。关于公共场所的消毒要点，戳图学习~,1,0,0,0.9457
297,三湘都市报,04-09,湖南大学即将解封,59,137,629,0.4121
298,珍珠奶绿去冰全糖,04-09,广州 疫情,0,0,1,0.6557
299,晨光粉丝团,04-09,爆笑宅家行为图鉴，晨妹为你在线揭秘！,0,1,1,0.9547
300,红网,04-09,长沙岳麓山风景名胜区麓山景区管理处发布麓山景区开放东门通告广大市民朋友们、各位游客：为进一步做好新冠肺炎疫情防控工作，切实保障人民群众生命健康，根据上级疫情防控指挥部统一部署，麓山景区有序开放，实行网上预约、柔性管理，现将有关情况通告如下：,1,0,0,0.9268
302,齐鲁晚报,04-09,4月8日济南新增本土病例情况,3,6,4,0.8094
303,正宗啥都没了,04-09,广州白云区开展全员核酸检测,0,5,0,0.5864
304,蒙大拿自在哥,04-09,武汉疫情之后，不断变异的新冠病毒似乎非常聪明，与既往的流行性呼吸类病毒不同，定期变异升版，越来越难以发现且感染力极强，延时加重病症诱发基础性病症转危，诡异的是老年人易中招。而多年前一些以合作科研名义的医卫组织提取过大国老年人的基因类医学样本（局座张召忠当年曾发出警告）。,0,0,0,0.0696
305,想到你就满腔蜜意哈哈哈,04-09,上海疫情,1,0,3,0.632
306,雷希颖,04-09,求有一些“高贵”的上海人，你们就配合一下吧,0,8,11,0.5353
307,赵鹏飞,04-09,广州 疫情,0,2,7,0.6557
308,花开自在花开,04-09,听说魔都隔离人员被拉进本市核心区某酒店隔离，周边居民极度恐慌，连门窗都不敢开。,0,0,0,0.0227
309,万花谷里的子衿花,04-09,我真的会恨上海疫情外溢和不作为,0,0,2,0.5254
310,沐月沁光,04-09,长春新增本土确诊150例,0,0,5,0.8869
311,狼狼狼狼狼狼狼七匹狼,04-09,国有五大行回应因疫情不能按时还房贷问题,0,0,0,0.095
312,卧佛东庄,04-09,上海防疫艰难时期，教师自发组织留学生日派对似乎学校就没有责任啦？留学生办公室道歉一下教师就没有事儿啦？,0,0,1,0.362
313,第一帮帮团,04-09,逾期交房后承诺一再落空,0,0,0,0.0684
314,老抛,04-09,吉林市本轮疫情的数据统计：每日新增阳性（当日确诊+当日无症状-当日无症状转确诊），累计阳性病例。 202.03.02-202.04.08（病例统计日期， 比公布日期晚一天）吉林市的社区传播从开始就很猛，野生病例统计意义不大。吉林市昨天宣布社会面清零，见到曙光了。,0,0,0,0.7248
316,石玥十,04-09,上海这次疫情丑态百出，是网络发达消息传播更加快速的原因其实每个城市这样的情况都大同小异？还是就是这座城市做的尤其的不好呢？柯基因为主人被拉去隔离了就被乱棒打死，只有本地人可以收到发放的菜，还有市民饿晕在路上，物价奇高外卖几个小时都没人接单，整个城市乱套好像末世大逃杀一样。,0,0,1,0.0103
317,盐盐是个小帅锅,04-09,上海新增本土确诊1015例无症状2609例,0,0,2,0.6641
318,克总评车,04-09,据了解：隔壁小区昨天晚上有阳性出来遛狗，结果群情激愤，警察过来装摄像头门禁。,0,0,0,0.1711
319,戟囂,04-09,有时候深入骨髓的观念外化到行为语言习惯挺下头的,0,0,1,0.7232
321,六安发布,04-09,叶露中主持召开全市疫情应急处置调度会4月8日晚，市委书记叶露中主持召开全市疫情应急处置调度会，就当前疫情防控各项重点工作进行部署。省政府副秘书长李必方出席会议。市领导王忠、李敏、刘洪洁等参加会议。会议以电视电话会议形式召开，金安区、裕安区在分会场收听收看会议。,0,1,1,0.8084
322,旅行者喵号,04-09,广州疫情,0,0,11,0.662
323,颍州晚报,04-09,安徽抗疫,0,0,0,0.7438
324,每日数码科技杂谈,04-09,上海疫情通报出来了。,0,0,0,0.4563
325,ffffflyice_,04-09,上海疫情,0,0,3,0.632
326,一个芝士分子子,04-09,广州疫情,0,0,6,0.662
327,庄志明律师,04-09,先人后己，舍己为人，公而忘私…这些字眼，很长时间以来被一些网民嘲笑，诟病，他们认为人性就是应该首先为自己考虑，先人后己是不人性的。,16,12,39,0.3078
328,奔向乌托邦的小傻妞,04-09,我们天抗原或核酸，阳性却不转走中。,2,0,0,0.1638
329,偷日落孩儿,04-09,我真的会谢 本来有解封的苗头了 今天广州又严重起来了,0,1,2,0.2684
330,半岛都市报,04-09,上海将再开展一次全员核酸检测，按风险程度分区阶梯式管理4月9日上午10:0，上海举行疫情防控工作新闻发布会。上海市副市长、市疫情防控工作领导小组副组长宗明就新冠疫情区域防控和核酸筛查情况向大家作通报。,0,0,0,0.1124
331,答案回眸,04-09,上海新增本土确诊1015例无症状2609例,0,5,6,0.6641
332,lin_zhazhazhazha,04-09,广州 疫情,0,2,9,0.6557
333,凤梨日记本,04-09,如果上海被隔离在家的孕妈刚出月子呢？吃米汤？喝稀饭？如果没有收到zf发放的物资、没有团购就这样干饿着 202真实版在这个已经基本实现全面小康时代荒野求生搞饥荒？是又回到老底子要吃树皮煮皮鞋的时代了吧,0,0,1,0.0157
334,Sleepbefore11,04-09,小区组织的各种团购我一直没有参加除了前些日子团了一次麦当劳！主要也是担心团来团去其一太麻烦志愿者其二增加风险！非到最后一刻还是不要行动比较稳妥！我就在群里看着其他居民把团购搞的如火如荼！我觉得大家为了解决民生问题也正常！可是看到有些小区居然团购可乐什么巴黎水之类的我tmd就无语了！ ​,0,0,0,0.0053
335,轻舞红袖,04-09,4月8日0—24时，吉林新增本土病例248例，其中长春市150例、吉林市87例，昨天官方宣布吉林市实现了社会面清零的目标，好消息，令人振奋，谁都想不到这波疫情会持续这么长时间，太煎熬了，就盼望着彻底解封的那一天了。 ​,0,0,0,0.7765
337,平凡人生的2013,04-09,阳光明媚，春光无限，日子却不是常态。有种温水煮青蛙的感觉…无奈、纠结、焦虑、恐慌…希望由大变小…疫情何处是尽头？盼望着正常的生活,0,1,0,0.6718
339,59yangLl嗯,04-09,陪了我十几年的人,0,0,1,0.8372
340,蓝色玩纸,04-09,202年4月9日广东省新冠肺炎疫情况,0,0,1,0.6191
341,mmmmengyun,04-09,疫情防控,7,19,56,0.3158
342,只可强求自己,04-09,南通疫情,0,0,0,0.5971
343,Anonymus_,04-09,上海疫情,2,1,5,0.632
344,大房东V,04-09,上海疫情，单日依旧两万多,0,0,3,0.4314
345,叫我28小哥哥呐,04-09,个别上海人是真的娇贵,0,4,5,0.1614
346,上海消防,04-09,上海拟再开展一次全员核酸,1,0,0,0.7178
347,Yhthql,04-09,广州 疫情,0,0,3,0.6557
348,咸鱼茄子金属喵,04-09,老家疫情刚冒头我就给家里买了一箱防疫物资寄回去，现在疫情都快结束了东西还没送到家人手上…,0,3,0,0.1907
349,福州校园,04-09,福建学子加入广场舞群聊,0,0,1,0.7915
350,九七式中战车,04-09,广州 疫情,0,0,2,0.6557
351,网信天津,04-09,你好天津,0,0,0,0.8648
352,鱼寒,04-09,上海：拟再开展一次全员核酸检测，将依据风险程度大小，按照“三区划分”原则，进行阶梯式管理。,0,0,0,0.2888
353,洋浦政务,04-09,儋州市那大镇主城区核酸检测温馨提醒,0,0,0,0.8138
354,橘香乌龙,04-09,广州 疫情,0,1,4,0.6557
355,新浪辽宁,04-09,喜迎二十大 辽宁在行动,1,0,0,0.8562
356,StanZeng,04-09,一早起来喜提14+7,0,0,0,0.6524
358,这片海的蓝天,04-09,疫情扰乱了人们工作生活的步伐和节奏，不少网友出现了情绪和思想上的波动。怎么办？,0,0,0,0.1613
359,人民公安报,04-09,疫情当前 警察不退,0,0,0,0.0838
360,LSDN的闺蜜粉,04-09,现在我特别期待疫情过去以后赶紧买个大冰箱，装满山姆店买的羊肉牛肉排骨鳕鱼虾仁鸡米花大桶冰激凌猪肉玉米馅饺子花生馅黑芝麻馅汤圆…,0,0,0,0.5022
361,秘密小熊基地,04-09,南师大疫情,0,0,5,0.5548
362,圓咚咚的刺,04-09,距离上一次发wb十多天了,0,1,2,0.5404
363,历史课课代表,04-09,“学校为留学生过生日？”上海普陀，某高校内发生了令人气愤的一幕，现在疫情这么严重，大家都在居家隔离，万没想到，该校住校教师竟让大家聚集在一起，给留学生过生日。,1,1,1,0.0283
364,爬墙超A,04-09,想还是生气，做人还是要留点口德，疫情当前自顾不暇，我本来也不觉得在我们这个封控区当志愿者是一件高尚的事，也没有想得到回报，如此艰难的环境下，只是想帮忙，搞得谁心里不害怕一样，爬着充满消毒液味道的楼道，我真的是大写的一个服字 ​,0,0,0,0.0447
365,印象张家口,04-09,张家口生活,0,0,0,0.8733
366,皮青正,04-09,健康时报,0,0,1,0.6105
367,九界刀铺-,04-09,那个六人团帮扶老外的事儿，现在推一个小孩出来就很离谱。这件事说白了，老百姓为什么生气，就是因为不患寡而患不均。一个外国成年男性，有稳定收入不被疫情影响的工作，无基础疾病，哪怕语言不通（甚至他还会用汉语发朋友圈）他都没资格让六个志愿者给他成立单独帮扶小组。如果拍的照片是志愿者给外国 ​,0,1,1,0.0098
368,牛骑士,04-09,清早醒来，看到两则重磅消息或对下周A股带来变化影响，给大家一个提醒：,0,0,61,0.1999
369,啊我超困,04-09,上海新增本土确诊1015例无症状2609例,1,1,6,0.6641
370,应如是R,04-09,上海新增本土确诊1015例无症状2609例,0,0,3,0.6641
371,馮凡妃凤飞,04-09,中国的防疫政策，虽然严格，但是从整体上保障了所有平民百姓的生活稳定，那便是疫情会很快得到控制，不会因为收入低而染疫得不到救治面临生命危险，富人与平民的待遇是一样的，大家的生命都会得到尊重。,0,0,0,0.9756
372,不洗澡的鱼,04-09,250w人每天睁开眼就要吃饭 家里还有老人、小孩、病人、动物的等特殊情况的 一旦各种物资供应不上 造成严重次生灾害,0,0,10,0.0638
373,深扒王,04-09,当海外粉丝在肖战专访听到了自己,0,13,177,0.3908
374,Reds_In_Shanghai_寒羽,04-09,现在这个问题确实很现实，哪怕这次疫情过了之后，怎么办？,2,11,0,0.072
375,财经女侠云疏,04-09,202年第一季度IPO,0,0,246,0.1678
376,秦州城区交警,04-09,秦州城区交警紧急救助病人入院治疗,0,0,0,0.2939
377,社会日常生活,04-09,花影摇曳的春日故宫,3,11,510,0.9914
379,寻味长春,04-09,疫情宅家减脂餐分享,2,1,1,0.9249
380,丨李皮皮很皮丨,04-09,因为疫情不能去学校，现在天气热了，在家里没什么衣服穿，两三天一洗（仅有的几套衣服轮着穿），但我自认为穿的还是干净、得体的，就是比较休闲（黑色运动裤、浅蓝色衬衫、灰色外套）。但是我爸一直在dis我的穿着，特别是浅蓝色衬衫，说丑、老气，他们那个年纪都不会穿，只有我爷奶那个年纪的才会 ​,0,0,0,0.349
381,泉州台商投资区,04-09,人民网评论丨有力度、有温度，泉州战“疫”现曙光眼下的福建泉州，“轻舟已过万重山”。,0,0,0,0.7413
382,广州天气,04-09,假如→假如突然接到通知要被隔离，那应该带那些物品？,21,15,30,0.1893
383,老抛,04-09,长春本轮疫情的数据统计：每日新增阳性（当日确诊+当日无症状-当日无症状转确诊），累计阳性病例。 202.03.04-202.04.08（病例统计日期， 比公布日期晚一天） ​3月12日开始，长春统计野生病例已经没有意义，所以不统计长春的野生病例。长春市公告的累计病例数和逐日数据经常对不上。从国家公告上看 ​,0,0,0,0.3277
384,吕阿仓,04-09,今早又有人进楼了，开门后是发抗原测试的，这次发了四个，说是一天之内要测两次，上午一次，下午一次。,0,0,2,0.6477
385,浙江之声,04-09,“挡刀女孩”崔译文又当起了防疫志愿者今天上午，宁波市鄞州区对重点区域开展核酸检测。在鄞州区东柳街道月季社区，全国道德模范、“挡刀女孩”崔译文身披志愿者红马甲，为前来采样的市民答疑解惑、维护排队秩序。她说：“早上我下楼做核酸，看到志愿者人比较少，比较缺人，我说那我来，就来当志愿 ​,0,0,1,0.3569
386,海南交通广播,04-09,即日起，三亚12345增设生活必需品保供服务专线根据三亚市新型冠状病毒肺炎疫情防控工作指挥部关于做好新冠肺炎疫情防控生活必需品应急调配工作的通知，即日起，三亚市12345政府服务热线在加大力量确保5号键疫情防控专线接线服务的基础上，增设24小时保供服务专席（8695035），受理群众反映的生活 ​,0,0,0,0.9885
387,确实是个俗人,04-09,南昌疫情,1,0,5,0.5843
388,南栀叶,04-09,广州 疫情,0,1,2,0.6557
389,盐田发布,04-09,“战疫”平常心 发现一起就扑灭一起！| 速观察“动态清零”，不追求绝对零感染，而是快速、精准，立足抓早、抓小、抓基础，发现一起就扑灭一起，守住不出现疫情规模性反弹的底线。,0,1,0,0.5217
390,我也叫李墨染啊,04-09,这个时候基本上都能吃上饭了，别讲好歹能吃饱就行。现在最大的问题还是医疗这块，普通药品也还好，就是看病太麻烦，120太忙叫不来，自己出去不方便，好不容易送到医院，回去又是个问题。疫情赶紧结束，让我姐赶紧回郑州，郑州医院也没限制，医疗水平也比咱这好太多。连续值班的第19天，之所以不请假就 ​,0,0,0,0.0566
391,娱乐每日专用,04-09,黄渤梅婷新剧组致歉,20,20,20,0.9147
392,绿色蒲江,04-09,蒲江新闻,0,0,0,0.1034
393,老河口市融媒体中心,04-09,襄阳市新型冠状病毒肺炎疫情通报（809),0,0,0,0.1656
394,IbaraMayaka_,04-09,广州 疫情,1,3,5,0.6557
395,宁津公安,04-09,湖北已经“鄂”住疫情，安徽已经“皖”美收官,0,0,2,0.7506
396,午夜沉入海底,04-09,每天打开微博首页都会哭，哭民生疾苦，哭吃不上饭的人，哭去上海看病疫情封控流落街头的步履蹒跚的老人，哭在医院门口无法让自己的家人进去看病无力瘫坐的中年男人，哭在酒店发病没有及时救助导致一个女儿失去爸，哭那个打赏外卖员20块被网暴跳楼的女士，哭那些看着无助的人民满脸冷漠奉行官宦性条 ​,0,0,1,0.1685
397,鲍迪克,04-09,上海真这么差吗？上海疫情数据创了记录，舆情也创了两个记录；,1,19,11,0.0179
399,林林总总子,04-09,广州疫情,0,4,3,0.662
400,骨科袁锋,04-09,上海新增本土确诊1015例无症状2609例,0,0,5,0.6641
401,麒麟神侯,04-09,上海新增本土确诊1015例无症状2609例,10,45,731,0.6641
402,贤韵奉浦,04-09,深夜“花式”秀床大赛，其实，他们只想睡个好觉,0,0,1,0.7573
403,海口锦鲤,04-09,海口抗疫公益在行动,0,0,0,0.9932
404,AprilYL_04,04-09,疫情下的暖与善，真的很感动了，感谢所有人的帮助和付出，感谢河南,0,0,0,0.9969
405,健康资阳官微,04-09,202年4月8日资阳市新型冠状病毒肺炎疫情况：,0,0,0,0.2077
406,海南国际旅游岛之声,04-09,1038在播报,0,0,0,0.2869
407,江西发布,04-09,央视《新闻联播》报道：抗原检测试剂在南昌投入使用 对重点人群快检初筛,0,0,1,0.5657
408,E子--,04-09,疫情下各行各业都很难，实体不用说，冲击最大，我们深圳小区楼下的海底捞算生意好的了，但是都永久性关闭了，前段时间给姐报了一个思科英语9元6节体验课，上了一次就没有动静了，老师说教育局因为疫情要求停课，现在所有线下机构都是停课状态，问题是珠海这边现在并没有疫情啊，姐还报了一个体智+ ​,0,0,0,0.1216
409,剧贫道,04-09,4月8日，深圳，网传黄渤梅婷在深圳一小区拍戏，因剧组人多，小区内部分业主因担心疫情风险，驱赶摄制组。物业称，4月7日剧组在小区拍摄了半天时间，已确认不会再到小区拍摄。,65,0,12,0.1177
410,直播海南,04-09,关于继续关停海口市部分经营性密闭场所的通告鉴于当前我市疫情防控工作需要，为有效控制和降低疫情传播风险，保障人民群众身体健康和生命安全，根据《关于暂时关停海口市经营性密闭场所的通告》，我市决定继续关停KTV、棋牌室、电影院、剧院、网吧、书吧、歌厅、酒吧、剧本杀、密室逃脱、室内图书 ​,0,0,0,0.8686
412,淮南公安在线,04-09,皖警战疫,0,0,1,0.4114
413,寻笳吟喜欢碎碎念,04-09,以后不再嫌弃人山人海，因为那样才是国泰民安。 这次疫情让我看到了人生百态。每个人做好力所能及的事情，与前方的战士并肩而行。,0,0,2,0.9394
414,月球上信号不好,04-09,一刀切nmlgb走流程走nmlgb,0,0,1,0.6105
416,心平气和不发脾气,04-09,跟我们小区一样的。阳性的直接只通知到本人，全靠别人自觉了。阳性封控楼没人看管，随意进出，还一起下楼做核酸。看来上海从上层别有用心开始，到下层没文化的大爷大妈治理各个街道，都快把上海整完蛋了。外省市只能靠自己查严点，严防上海出来投毒的，自求多福吧,0,0,2,0.0272
417,hellooootime,04-09,其实现在挺庆幸家人都生活在三四线城市的，没有小到基础设施不完善，身边围绕的都是可以鼎力相助的亲戚朋友。,0,3,6,0.9408
420,打地基的小鲨鱼,04-09,上海将进行三区阶梯式管理,0,0,15,0.6265
421,镇江发布,04-09,镇江召开疫情防控专题会议4月8日上午，我市召开疫情防控专题会议，分析研判当前疫情防控形势，落实好驻镇高校疫情防控措施保障，筑牢校园疫情防控安全屏障。副市长殷敏出席会议并讲话。 ​,0,0,1,0.9301
422,南海发布,04-09,抗击新冠疫情 南海在行动,0,0,0,0.915
423,雨后的小蚯蚓,04-09,论区块链技术在疫情中的新作用,0,0,0,0.8159
424,无人知道我在这里,04-09,上海新增本土确诊1015例无症状2609例,0,1,9,0.6641
425,硬气小狗,04-09,自疫情开始以来真的有点对我们学校改观，有牛奶有蛋有菜有肉有开到宿舍里的移动超市有发的自嗨锅当夜宵，怕学生无聊举办了数不清的线上活动，怕学生憋得慌还会包车送去学校放风两个小时，甚至真的会关注到少数群体的需求，在这个学校对精神病避之不及的时代提出可以帮忙买药…感觉已经赢过了所有学校。 ​,1,0,0,0.8347
426,三亚发布,04-09,三亚发布 私信我留电话,3,4,5,0.9555
428,赣州文文利,04-09,战争、疫情、通胀、制裁、冻结、没收等一系列事件交织一起，似乎还没完没了，确实让人深感焦虑和慌恐，对资本市场的影响是肯定的，还不是一般的小，加上一大批公司高企的估值和外资内资的持续流出，似乎也看不到能推动市场持续性涨势的突破口。白酒吸金，巨额的资金仍醉在其中不舍离去，其实吧，除了茅 ​,0,0,0,0.0144
429,不吃鱼yyyyyyyy,04-09,广州 疫情,2,0,8,0.6557
430,翻转东京在日本,04-09,v光计划,23,11,20,0.7958
431,讲逻辑做投资,04-09,政策举措要靠前发力、适时加力，已出台的要尽快落实到位，明确拟推出的尽量提前，同时研究准备新的预案,1,0,2,0.3103
432,小鹿不能呼吸,04-09,信息被封锁，限流，求助贴被封号，但他们没有食物啊，生病的人在家奄一息，我真的不知道还有什么办法能帮到这些人，这些鲜活的生命！就算我人微言轻，但如果我有能力，我绝对不会放任不管别人死活，如果我有能力，我一定会去尽力让大家吃得到东西，可是，我却只是一个学生，我没有能力，我没有钱，没 ​,0,2,0,0.0076
433,广州交通电台,04-09,广州市发布第32号通告 白云区和越秀区部分区域设立封控管控区广州市新型冠状病毒肺炎疫情防控指挥部发布第32号通告。根据疫情防控工作需要，决定自202年4月9日起，对全市部分区域实施分级分类防控措施。现将具体事项通告如下：,2,0,8,0.4088
434,辣评娱乐圈,04-09,黄渤梅婷新剧组致歉,369,363,693,0.9147
435,有无限热情,04-09,某些上海人 能不能别乱跑了 我管你是收钱没收钱 是不是间谍 其他城市前几年疫情小爆发的时候也没有到处乱跑祸害全国吧 不知道哪个sb把广州九个区跑遍了,0,4,8,0.2363
436,ZJY金,04-09,广州 疫情,0,1,3,0.6557
437,新都资讯,04-09,太有才！,0,0,0,0.6515
439,孔祥東XiangdongKong,04-09,第五次自我抗原檢測,0,0,2,0.9095
441,N视频,04-09,广州 疫情,36,93,1310,0.6557
442,小莉帮忙,04-09,大象热线,0,0,0,0.9218
443,毛丹青,04-09,日推上的这图亮了。,3,5,26,0.2004
444,勤奋哥,04-09,4月7日，上海宝山区月浦镇通过某公司为居民购买蔬菜“抗疫大礼包”，居民收到后却发现，蔬菜上贴有“抗疫捐赠物资”之类的标签！居民和网友严重质疑—有人将外地捐赠给上海的蔬菜等物资，暗地里拿来出售牟利？,9,4,25,0.0322
445,放不下心中那一份真情,04-09,关于此次疫情 一阐提对上海人民的祸害的 补偿方案 讲一下 等这一波疫情过后 就是一阐提死后 还有 半个月的时间 每户将拿到 不低于1万元的生活补助 按户籍分配 外来户口每人10元 抢到菜的 拿着交易记录 去社区报销 政府将按照 价格的两倍报销 并且每人可以拿到 50元的补助 没抢到菜的 ​,0,0,0,0.0637
446,银川广播电视网,04-09,社区疫情防控，银川有你真好！,0,0,0,0.9697
447,粤事情报站,04-09,突然被通知隔离，需要准备些什么物品呢？这份清单请收好→假如突然接到被隔离的通知，一时间不知道准备些什么物品？我们为大家整理了一份,6,0,6,0.0555
449,隔壁老王带你笑,04-09,疫情期间不好买菜，男子钓到大鱼后却选择放生：因为它肚子里有很多鱼籽。,0,0,0,0.0943
450,未来网,04-09,安徽50余医护人员425吨物资驰援上海,6,8,219,0.4802
451,阿发-穿线师,04-09,魔都的疫情…,0,1,0,0.3367
452,姜来姜姜姜姜,04-09,《再见 最后的上海》,3,11,28,0.6916
454,小白杨要快乐呀,04-09,60块盲盒八斤到了 真心不错,0,1,1,0.9896
455,南昌发布,04-09,疫情防控江西在行动,0,0,0,0.6272
456,北方新报,04-09,如何正确保存蔬菜？这份指南请收好疫情原因，不少市民居家隔离不能出门，开启了囤菜模式。叶子菜、根茎菜、果蔬菜、菌菇、调味菜，这五类菜该如何保存？这份指南请收好。,0,0,0,0.1458
457,Hommie琢磨,04-09,无锡106,12,22,275,0.8586
458,宝贝予甜,04-09,Aᴘʀɪʟ.9,0,20,144,0.6105
461,一碗荤豆花,04-09,江苏宿迁一学校123名师生感染新冠,46,75,1818,0.6492
462,长春西门大官人,04-09,疫情期间，男子下楼溜达，不听支援民警劝阻，楼上居民看不下去了…,9,71,112,0.0247
463,福州火车站,04-09,瞰见｜“吉林一号”卫星带你“云踏春”因为疫情的原因我们未能畅快拥抱春天，但我们可以从卫星视角领略春色之美，“吉林一号”卫星从太空传回了一组祖国大地春日景色的卫星影像，跟随“吉林一号”“云踏春”。（视频来源：新华社）,0,0,0,0.9636
464,界面新闻,04-09,上海将依据风险程度大小，按照三区划分原则阶梯式管理为有效遏制疫情扩散蔓延，尽快实现社会面动态清零的目标，上海根据国家新冠疫情社区防控的有关规定，结合之前多轮筛查的情况，拟再开展一次全员核酸检测，根据检测结果分析研判，实施分区分级差异化防控，依据风险程度的大小，按照三区划分原则 ​,0,1,4,0.7196
465,忍者冬眠,04-09,我们的领居情绪是激动了，可是我们沟通一周未果。楼里不消毒，身着防护服的不进楼，反而三番两次让我们居民下楼使用电梯相互感染，提出方法不实用，不接电话或者挂断电话，我们真的没有办法了！,11,8,11,0.1015
467,深圳商报,04-09,“战疫”平常心 发现一起就扑灭一起！| 速观察周六早上，深圳发布每日疫情通报，4月8日0-24时，深圳新增1例新冠肺炎确诊病例，在社区筛查中发现。,0,0,0,0.8433
468,蔡雅奇刑法,04-09,省会城市基层法院法官助理投稿。,1,37,130,0.0488
469,三坊七巷官博,04-09,坊巷·花事| 人间四月芳菲尽，最美不过“四月雪”坊巷内百年的流苏王，静飘雪在四月的季节里。延伸苍穹的枝干，虬龙一般，蜿蜒在白墙灰瓦之上的远方。“一年春景莫错过，最是花开好看时。”拥抱春天，在三坊七巷收获一场心随花动。愿疫情终时，春光正好，花开正盛。,0,0,0,0.9949
470,辽宁消防,04-09,长春新增本土确诊150例,1,4,5,0.8869
471,我苏特稿,04-09,苏州市疫情防控202年第93号通告,9,26,77,0.3726
472,娱乐牛小妹,04-09,大S的老公具俊晔又失业了！,135,23,39,0.2371
473,张浩昕,04-09,晚上好 再晚就要早上了 还是晚上好吧,29,318,4420,0.7946
474,成都地铁运营,04-09,成都生活,0,6,7,0.9553
475,天后收集员,04-09,张惠妹演唱会Day6 她得的金曲奖比我还多💥,0,5,4,0.9121
477,斗西,04-09,疫情爆发后，我妈三天两头给我电话，而我每天顾着抢菜和确保同事生活工作正常运转，有时没空回她，经常不耐烦的挂断电话。,1,18,61,0.1412
478,安徽发布,04-09,温馨提示,0,0,0,0.9243
479,青岛市文化和旅游局,04-09,青旅漫游 放肆生活,1,0,2,0.9536
481,嘉兴咖啡爸爸,04-09,嘉兴身边事,1,5,4,0.5607
482,遇见福州,04-09,小福分享,0,0,1,0.9696
484,王语兮兮,04-09,二战考研机械专硕调剂，好迷茫，转材料可以吗？有经验的大佬能不能指点一下,1,7,2,0.3419
485,一只淖尔猫,04-09,是春也是夏🌿,0,1,5,0.6395
486,柳州公安,04-09,他们为“准妈”们护航近日，浦东公安分局接连接到群众求助，孕妇临盆、羊水破裂.对此，浦东警方全力以赴，警医联动，开辟绿色通道，为这些“准妈们”保驾护航。,1,1,2,0.0952
487,鼎盛飞豹,04-09,三月全国主要发生疫情地区状况 ​,12,8,33,0.3643
488,山西共青团,04-09,山西疫情,0,1,1,0.5285
489,河北新闻哥,04-09,4月8日河北新增本土确诊2例,19,19,1390,0.7333
490,为有书香来,04-09,长春新增本土确诊150例,1,0,6,0.8869
492,东方网,04-09,直播回放 | 上海市新冠肺炎疫情防控新闻发布会今天（4月9日）10:0，上海举行新冠肺炎疫情防控工作新闻发布会（第148场），邀请上海市副市长、市疫情防控工作领导小组副组长宗明，市卫生健康委主任邬惊雷，市商务委主任顾军，介绍上海疫情防控最新情况，一起关注！,16,82,370,0.9822
493,勤奋哥,04-09,举国援助之前，,9,8,32,0.4443
494,烧伤超人阿宝,04-09,上海新增感染中，未管控群体中发现的感染者始终处在高位不见回落。,28,92,378,0.3376
495,并不软的软喵子,04-09,我真的觉得情绪稳定的人很牛逼，其牛逼程度不比会赚钱的差。,377,378,4398,0.2995
496,南宁消防,04-09,蓝姐抗疫手势舞一起来和,0,2,6,0.9717
497,意难平bot--,04-09,和意难平的故事,0,17,84,0.136
498,踏雪寻梅画卿颜,04-09,华东师大回应为留学生过生日,687,787,11226,0.6889
499,陈龙,04-09,昨晚睡前又看了眼孩子写给我的纸条，谢！爸不是医生没有救死扶伤的本事，更没有保护上海的能力，但爸想你们知道人与人之间是需要团结互助的，有很多叔阿姨和爸一样心甘情愿的为社区为这座城市出一份力！让上海生病的是病毒🦠而不是被病毒感染的人和动物，他们是这次疫情的受害者是最需要医 ​,601,1211,8236,0.7816
500,宅数码Kael,04-09,上海新增本土确诊824例无症状20398例,7,25,33,0.6641
502,搁浅七里,04-09,看邻居打牌（疫情版） ​,0,6,12,0.2118
503,最后一支多巴胺,04-09,现在有停尸间的医院不多，基本上都是直接拉入殡仪馆。疫情之前，也还存在拉回家办丧事的情况。现在，基本上没有了。 ​,0,3,4,0.0503
504,小美doris,04-09,疫情下的阳朔人少的有点心疼 希望赶快恢复原状,0,4,6,0.3823
505,钱报_嘉兴,04-09,管窥上海,0,0,0,0.7887
506,清风中原,04-09,清风资讯,1,2,0,0.8657
507,南昌发布,04-09,南昌全力抗击疫情,0,0,2,0.4681
508,新寓-NewAptism,04-09,春芳争艳丨青岛超美的赏花攻略来了🌸,0,0,0,0.9656
509,SN集团名誉董事长的儿媳妇,04-09,疫情封闭期间，有钱人在高档小区阳台因为无聊开音乐会还注明了dres code，穷人嚒抢不到菜快饿死了… ​,2,0,12,0.1202
510,老年少女蔡大喵,04-09,我难受的睡不着觉，工作公司倒了，没有赔偿。疫情封控没有收入，房租马上又要交了。吃饭天都要记算着能不能等到解封，不想买高价菜，玩不起。这世上的资源都是往不缺他的人身上跑的。真TM晦气的202,5,39,113,0.0018
511,浦东男小歪,04-09,看了一下疫情地图,0,1,4,0.6933
512,长春门咖,04-09,长春爆料,0,12,13,0.1481
513,秦州融媒,04-09,疫情防控 甘肃在行动,16,31,31,0.8596
515,秦州融媒,04-09,疫情防控 甘肃在行动,14,29,29,0.8596
516,广州交通,04-09,广州交通快讯,4,0,1,0.8355
517,等到冬至了,04-09,我想看到没有疫情的世界 ​,0,0,11,0.6274
518,胜利主义章北海,04-09,华东师大回应为留学生过生日,278,1294,22011,0.6889
519,S宋姗姗S,04-09,也不知道封城第几天了,0,2,6,0.2172
522,中国反邪教,04-09,六大银行独家回应：满足条件客户，可申请房贷延期还款政策。（央视新闻）,31,16,73,0.0515
523,淋淋七_,04-09,疫情到底什么时候才能过去,0,6,11,0.2573
524,昂仔大连疯跑,04-09,新星v计划,0,0,1,0.7312
525,暗星之岛DSI,04-09,更新几张阳光下的,2,23,59,0.7863
526,用户7490035733,04-09,同济大学疫情,2,0,38,0.3585
527,小小美琪酱,04-09,上海疫情,56,105,1222,0.632
528,哈尔滨铁路,04-09,在路上看中国,0,0,1,0.7412
529,吃瓜大当家,04-09,近日，有媒体爆料黄渤和梅婷在深圳某小区拍戏，部分业主担心会增加疫情防控风险，于是报警要求剧组暂停拍摄工作，撤出小区。,109,0,165,0.0505
531,我是阿瓜吖,04-09,我就想问一句，因为疫情被隔离在家上网课，她对象教高三上个周开学回学校了，目前家里剩她和孩子。她说要照顾孩子不能上网课也没法做课件，意思就是接下来的时间在家全职看孩子，我觉得简直不可理喻，是我太无情了吗？,0,65,34,0.0043
532,半月谈,04-09,关注上海疫情,1,2,11,0.8018
533,一兔我饮酒醉,04-09,上海新增本土确诊1015例无症状2609例,2,17,54,0.6641
534,李苦舟,04-09,《新冠疫情封城之我有一个农场空间》 ​,3,3,7,0.6729
535,双流发布,04-09,四川乐山犍为县3人涉嫌妨害传染病防治罪被依法立案侦查经调查：3月27日，黄某与莫某（男，42岁）、余某（男，42岁）从上海经成都回犍后，未遵守疫情防控的相关规定，违规组织聚集聚餐，多次外出购物，造成疫情传播的严重危险，影响恶劣。根据《中华人民共和国刑法》第三百三十条之规定，莫某 ​,10,10,19,0.0041
537,三秦船长,04-09,最近突然就想通了,0,0,2,0.1546
538,shireenyy,04-09,今天早餐断粮了真的很难过,0,5,4,0.3719
539,广州日报,04-09,自4月7日起，广州番禺区钟村街部分区域采取临时管控措施根据疫情防控工作需要，广州市番禺区新型冠状病毒肺炎疫情防控指挥部决定自202年4月7日起对番禺区钟村街部分区域采取临时管控措施。现将具体事项通告如下：,23,27,57,0.3913
540,淮南发布,04-09,淮南发布,3,6,21,0.4998
541,潘潘猫,04-09,能顺利观看这场演出，真是开心啊。散场后我排队买了《只此青绿》的周边纪念品，准备送给支持我的你们。希望，你安好，我无恙，愿疫情早日散去，人的行程码,7,54,631,0.9965
544,剧综学姐,04-09,具俊晔，“搭”上大S的第一波好处，宣告失利！,132,0,227,0.3847
545,晋江新闻网,04-09,晋江人一起战“疫”,0,0,0,0.6659
547,荆门市东宝区人民检察院,04-09,普法课堂,1,38,24,0.8044
548,Yoki_趙萌萌,04-09,在暮春的一个下午,2,13,10,0.8058
549,红皮胖子小铲,04-09,最近形势依旧不是很好，虽然我自己囤货充足，但为了应对未来不确定性，一天只吃1-1.5顿，不饿不吃。,38,490,2760,0.1527
550,车轮上的世界,04-09,恐怖荒原 I 。这里是人类的禁区，平均海拔50米以上，没有铺装公路，冰雪铺满苍茫大地！符智老湿辛苦勘探、已经妥准备上手的极境中国极限之旅，被讨厌的疫情搁置了下来，提前预告和回味一下恐怖而有趣有料的荒原之旅，很刺激！,1,0,4,0.9959
551,·秘密龟园·,04-09,疫情快点结束吧 想出去玩了🌷,0,25,44,0.4589
553,YIBO-或许楠木,04-09,等疫情结束了,5,35,21,0.4948
554,粗大的铅笔,04-09,太原疫情,0,40,31,0.5433
555,中国石化胜利油田,04-09,多彩油城,22,5,14,0.8018
556,从明天起晒晒太阳,04-09,黄渤梅婷小区拍戏遭业主驱赶,0,1,30,0.0864
557,Toxicant_D,04-09,建议今晚去抢菜的明天自觉隔离在家，这种密集性的万一中枪后果不堪设想,0,14,13,0.0996
558,fangfangfly,04-09,靠旅行回忆撑着的被疫情偷走的时光,0,0,1,0.7208
559,鍋盖頭司令,04-09,看了一篇关于上海抗击疫情的文章，是一位超市店长的自述，他和10多名店员在超市打地铺，为上海的朋友提供各种各样的物资，连续32天…,69,201,680,0.88
560,官姥爷爱旅行,04-09,春来四月，百花盛开，时逢疫情抬头，不能远行，就把身边的景色拍下来，分享给远方的亲人们，尤其是草未绿花还没开的东北，把春天带回家。,0,0,0,0.9067
562,鹤慕x,04-09,总结：疫情这三年我什么都没做成,0,16,29,0.0824
564,橙子面面,04-09,无锡疫情,0,6,32,0.5963
565,高兴开心的爸爸,04-09,无锡疫情,0,11,18,0.5963
566,卖皮草的CC,04-09,好不容易调整心态 4月想回归工作的,0,57,50,0.4665
567,一只企鹅的忧伤,04-09,远亲表弟被派跟合作公司对接，结果发现对方对接工作的负责人是表弟学生时期的死对头,0,6,31,0.0774
568,阿末儿_ies,04-09,无锡疫情,0,6,39,0.5963
569,松鼠2坚果,04-09,肖战工作室转让商标,0,0,29,0.4176
570,时乐_shile,04-09,上海,6,21,65,0.7355
571,反黑绿组阿Sir,04-09,上海新增本土确诊824例无症状20398例,284,187,2264,0.6641
572,熊以巴短,04-09,所以达康书记真的只存在于电视剧里，人民的名义，廊坊不配有,0,4,23,0.0647
573,中国新闻周刊,04-09,吉林省：,12,15,76,0.657
574,令狐有根葱,04-09,江西援沪医护人员的抗疫日记,4,3,3,0.7046
575,娱儿园一姐,04-09,黄渤梅婷小区拍戏遭业主驱赶,155,0,367,0.0864
577,巴比松ML,04-09,继疯县那事之后，我基本不发涉及国内的消息了…但为了这位于上海，四个月孩子的母亲，我要破例发一次，呼吁有关部们关注！帮他们！,71,40,153,0.6792
578,JINGYUN-3-,04-09,跟我的朋友从地下车库见面，骑着电驴，公放《New boy》一路到医院，往好处想，大家一起打地铺群居的日子疫情过后应该不会再有，我也希望不会再有，晚安😴,0,5,16,0.554
579,Torrr有鲤,04-09,全国人民可以都来欣赏下无锡疫情的106号通告了。不是正常人可以想出来的。想骂已经骂不动了的那种。 ​,0,12,39,0.1166
580,986路上好朋友,04-09,关于延期举行辽宁省202年上半年 全国高等教育自学考试的公告,2,23,53,0.8223
581,肖鹏0726,04-09,上海疫情,4,4,38,0.632
582,刘洪仁-爸爸的育儿思考,04-09,上海疫情,3,18,44,0.632
584,无水印表情包bot,04-09,沙雕表情包（礼貌拿图,1,7,39,0.7184
585,Eliaukipp,04-09,希望疫情赶快过去 好想和姐妹们在美的春天见面,0,2,13,0.986
587,-四分三十三秒-,04-09,希望疫情早日结束。🙏 ​,4,21,187,0.4094
588,沪佃真人,04-09,九亭疫情,0,16,23,0.3992
589,_hangggg,04-09,爱意东升西落，浪漫至死不渝✨,3,56,351,0.9802
590,桃桃鹿s,04-09,前年夏天的时候去过一次重庆。,0,0,0,0.5651
591,SuckerForYa,04-09,经历过这次疫情完全见证到了猫狗是如何一步被驯化成宠物的 ​,2,0,11,0.292
592,张小小-L,04-09,上海4月9日全市开展抗原检测,4,30,252,0.6653
593,michikoFL_是风铃,04-09,有一些北京人是这样的！,1,2,0,0.4137
594,黑龙江日报,04-09,本土新增1+5！黑龙江省最新疫情通报,3,6,10,0.8436
595,金玉菠萝生椰乳,04-09,无锡疫情,0,1,19,0.5963
596,蓝蓝蓝莓果儿,04-09,无锡疫情,2,5,26,0.5963
597,芋圆盐盐,04-09,“是我的氟西汀”,0,6,20,0.3836
598,缩在时光机里数羊,04-09,现充一下,0,8,19,0.7733
599,半月谈,04-09,上海市网信办：关于进一步查处网络圈群造谣行为的公告,14,67,352,0.0183
600,每益天都有你,04-09,居家隔离第五天,0,11,19,0.3055
601,秘密小熊基地,04-09,南师大疫情,0,11,27,0.5548
602,偶然小小努力,04-09,无锡疫情,0,17,21,0.5963
603,VVVV587,04-09,九亭疫情,0,4,16,0.3992
605,罗小卫,04-09,上海一小区核酸现场发包菜：居民人手一颗,12,13,43,0.3784
606,不是__山谷,04-09,九亭疫情,0,10,32,0.3992
607,阿司匹林是你嘛,04-09,无锡疫情,0,1,39,0.5963
608,Icequit冰块逃逸,04-09,恋与市的日常,0,4,18,0.5883
609,美术生2B青年,04-09,疫情好了，想去露营 ​,1,9,20,0.8688
610,牙齿矫正徐巍娜医生,04-09,疫情硬通货“土豆”实在吃腻了！,6,1,6,0.0983
611,tekilor1198,04-09,合肥疫情,1,5,38,0.447
612,谢幕去纽约,04-09,奥密克戎病亡率和流感相似是严重误导,1,4,27,0.0462
613,悠了个喵,04-09,小户型不配吃菜吗？,0,5,36,0.0098
614,馨彤Y,04-09,上海4月9日全市开展抗原检测,0,0,33,0.6653
615,WanIrenemo,04-08,刘恺威的行走日记,0,0,26,0.8289
616,鱼总-A4TYPHOON,04-08,群里好几个上海的朋友说，这疫情过去了要立马跑去吃火锅。,3,42,148,0.7814
618,Y蹦哒蹦哒哒哒哒,04-08,啥时候能没有疫情捏,0,4,8,0.3394
619,牛山大稻,04-08,每日一问，这该死的疫情什么时候能过去，好🐔儿烦啊 ​,0,39,40,0.3136
620,冯木木LRIS,04-08,疫情期间喝茶了只能,1,2,27,0.1458
621,紫菜海苔卷薯条,04-08,说点什么呢,0,2,6,0.3411
622,葫葫就是小葫葫呀,04-08,南通疫情,0,18,19,0.5971
623,是快乐小锅了,04-08,无锡疫情,0,0,19,0.5963
624,danlanqiqi,04-08,OH小铺,2,3,9,0.6105
626,NonG_-DaToU,04-08,近来吃好 睡好 身体好,0,9,18,0.9777
627,I慕容德音,04-08,上海回应外区买到宝山月浦镇抗疫物资,0,0,21,0.8703
628,没毛铁老病,04-08,潍坊开学,0,1,29,0.8172
629,新闻一加一,04-08,五大行回应疫情不能按时还房贷问题,0,1,4,0.0332
630,米菲小丸子,04-08,无锡疫情,0,0,17,0.5963
631,savoysteam,04-08,最近越来越多朋友让我“回国前抓紧时间玩”。今天玩滑索的时候被喊摘口罩（怕被器械挂住），工作人员也没戴口罩，我滑下去前还对我喊了声enjoy，大家都笑得特别开心，恍惚间仿佛回到了疫情前。 ​,0,0,9,0.9192
632,小y爱小祝,04-08,- “把春天装进口罩里🍃”,0,3,8,0.2193
633,AaVvLIN娜,04-08,下次再遇到喜欢的人，千万要记得提醒自己，只做朋友，只谈笑风生，不可以动情，不远不近的欣赏，淡的喜欢。,1,5,7,0.9497
634,从前的日光,04-08,无锡疫情,1,4,18,0.5963
635,厄里斯魔镜中的我自己,04-08,都说疫情偷走了青春,0,1,5,0.3339
636,上海市场监管,04-08,上海昨天新增无症状感染者近1.7万 怎样科学理解这个数字？当前，上海疫情防控正处在关键期，全市新增感染者数量仍处于高位。上海市昨天（6号）公布的新增无症状感染者近1.7万，数字又创了新高。,76,10,10,0.6872
637,也三窟,04-08,公司今天开线上茶话会，本意是为了缓解大家疫情中的压力，聊完之后我心脏疼，肺泡炸，因为几位同事建议大家少看新闻—“新闻都是坏的都是假的，都会被辟谣，还是要正能量一点”。正能量你妈逼，我大学恨这词现在也恨，我觉得你们这些破铜烂铁的心理健康一文不值，我的也一样，有多少恶我就要看多少恶 ​,0,0,6,0.0029
638,Judy是居居鸦,04-08,这两天算是人生中十分奇幻的两天，第一次感觉离疫情那么近，但真的觉得通大真好啊。从大一我就一直这样觉得，所以研究生依然留在了通大。我觉得学校真的很人性化，我也很喜欢我们学校的后勤。这次疫情，学校真的速度很快了，各种转运隔离，老师送餐，医务人员上门核酸，所有人都在努力，而我能做的好像 ​,0,3,4,0.9956
639,液态废墟,04-08,无锡疫情,1,2,15,0.5963
640,月见黑黑黑黑黑的阿晴,04-08,很烦拿疫情写那些感动自己的文字，都是抖m吗这么喜欢痛苦？,0,37,48,0.1101
642,零糖夹芯-,04-08,最喜欢三四点钟下班回家坐不挤不吵的公交车，天气好的时候 心情也好 偶尔自己做饭也很治愈,0,6,8,0.996
643,美景小屋,04-08,我渴望什么，渴望拿着相机去没有去过的地方，拍下心念的人和景，但相机本身是没有感情的，只是拿着的人拍得久了，也就有了感情，我带它去过沙漠，看过海，坐过飞机，穿过地铁，见过都市霓虹，拍过小巷烟火…它也有缺点，只是时间都抹去了彼此的棱角，学会了彼此包容，疫情当下，我们时而焦虑，相机 ​,0,0,4,0.9971
646,123胖猫123,04-08,收官之作：,1,10,4,0.8935
647,臭情侣再秀我就in汀崽,04-08,哈尔滨疫情,0,20,23,0.3725
648,向日葵fans,04-08,26岁的第一天，变身大蓝现身高速路口,0,2,2,0.8479
649,王沙骋,04-08,女孩因论文压力欲轻生19和120联合营救,2,2,14,0.6481
650,星扒娘,04-08,黄渤梅婷小区拍戏遭业主驱赶,125,118,438,0.0864
651,曾華倩,04-08,因疫情関係，本身宅的我.更宅!~哈.但在這期間天馬行空想了很多方案工作，看否可以實現吧！同時大家要好的保護自己和家人身边的朋友，做个不潻亂的人呀！希望疫情快離開，重过我們的正常生活呢！希望在明天~🙏❤💪❤ ​,12,39,209,0.9886
652,G先生与Z先生的日常,04-08,昨天晚上做了个梦,0,10,50,0.8827
653,csgo马西西,04-08,正如大家在转的，本次major版权b站独播，也不会分播，由于之前尝试过黑屏解说，音画同步问题很大，所以这次也不会这么操作，因为疫情及合约问题，当然也不存在去官方直播间解说的可能。那只能在这里和大家说声抱歉，有兴趣的朋友可以自行收看，但请不要带解说的节奏，出来混口饭吃都不容易。ps：虎牙在 ​,76,544,2088,0.0306
654,海南日报,04-08,三亚新闻,3,26,25,0.2511
655,河吞蛋,04-08,宠物不该沦为疫情的牺牲品。 ​,4,3,164,0.028
658,柒月同学July,04-08,翻相册看到去年和狗子出去玩儿的照片,0,1,22,0.2774
659,小猪搞机,04-08,杭州四季青从业人员两天一次核酸，今年背这疫情搞的，做生意不容易！,1,6,10,0.5794
660,武汉校园达人,04-08,疫情之下，这个举措是刚需，可谓雪中送炭！,11,32,158,0.6426
661,中国青年报,04-08,全球携手战疫,7,9,32,0.9021
662,台腻high,04-08,上海疫情,1,0,4,0.632
663,江词婷,04-08,福鼎疫情,0,1,14,0.304
664,-四分三十三秒-,04-08,专门整理了一下解放军援沪医疗队驰援上海的画面，亲人解放军来啦！,71,68,626,0.9838
667,赵大款3,04-08,也就个别的人干嚎几声，不会出现大面积的实质性反抗，这次疫情积累了经验，再下次就能以任何理由进行类似的静态管理，连上海这样的大小姐都忍下来了，你们还有谁忍不了？ ​,22,21,307,0.0344
669,羊城晚报,04-08,佛山市民请注意！去过这个市场、坐过这路公交的，请立即报备！4月8日，佛山市禅城区新型冠状病毒肺炎疫情防控指挥部办公室发布关于报备涉疫行程的通告。,11,13,56,0.2802
670,今日闵行,04-08,疫情不散，党员不退！这些党员志愿者挺身而出疫情当前，党员志愿者挺身而出、冲锋陷阵，出现在核酸检测的志愿服务队伍中，出现在递送物资的“最后一公里”线路上，出现在“代配药”的往返奔波中，他们夜以继日、全力以赴，成为梅陇疫情防控中的先锋队。,28,3,8,0.9249
671,大河报,04-08,河南省再次降低新冠病毒检测价格,0,8,27,0.1257
672,半月谈,04-08,关注吉林疫情,6,6,39,0.7771
673,辽宁消防,04-08,一确诊病例曾到访北京昌平两家餐馆,3,9,17,0.2589
674,光明日报,04-08,疫情阻击动态,5,7,13,0.7834
675,原来是瑾哥哥吖,04-08,第十年🔟不仅是他们,0,4,11,0.7513
676,乌兰浩特政法,04-08,辛苦了！,10,8,8,0.8941
678,中国吉林网,04-08,吉林疫情,0,0,1,0.5916
679,触动心灵,04-08,疫情过后最想看谁跳舞,5213,1048,1716,0.4439
680,山西晚报,04-08,太原市新增封控区、管控区的通告,13,112,374,0.6542
682,海南日报,04-08,均为阴性！海口龙华区、美兰区4月6日区域核酸检测已出结果95.97万份4月7日下午，,4,9,43,0.3414
683,绍虞城事通,04-08,一起守“沪”！,6,1,18,0.7096
684,纪漫慢呀,04-08,我想出去玩，去没去过的地方，好看的地方,0,51,83,0.8963
686,经济观察报,04-08,多家银行明确因疫情不能按时还贷可申请延期,7,5,4,0.131
687,反射弧超长星人影九,04-08,粉丝求助：,1233,181,4244,0.5071
688,谁也别喊我出门,04-08,西安新增1例本土确诊病例,1,76,63,0.9138
690,三亚日报,04-08,三亚头条新闻,0,0,0,0.0408
691,天津健康,04-08,权威发布截至4月7日24时天津市新型冠状病毒肺炎疫情最新情况 ​,7,6,19,0.3904
692,浙江之声,04-08,温州平阳一密接人员谎报行程被立案调查近日，温州市平阳县萧江镇发现一例新冠肺炎阳性感染者。其间，密接人员王某以谎报行程等手段拒绝配合防疫工作，存在社会面传播风险，已被平阳县公安局依法立案调查。警方提醒：疫情防控，人有责。请广大市民严格遵守防疫工作相关规定，积极配合防疫工作。对 ​,0,2,0,0.0057
693,津云,04-08,天津迎战奥密克戎,0,1,2,0.7563
694,广东台触电新闻,04-08,佛山南海区西樵镇对部分区域进行临时管控，南庄开展第三轮大规模核酸检测根据疫情防控工作需要，南海区新型冠状病毒肺炎疫情防控指挥部决定自202年4月8日起，对西樵镇部分区域采取临时管控措施。现将具体事项通告如下：,5,3,22,0.7048
695,晨飒-飞扬,04-08,这么说吧，上海疫情加上俄乌战争，国内的舆论场上出现了一些分裂争吵的现象，美国一看，哈，看起来中国人也不是那么团结嘛，趁你病要你命可也。,26,65,283,0.2555
696,肥喵尾巴,04-08,宠物不该沦为疫情的牺牲品,25,45,282,0.0163
697,呼和浩特新闻网,04-08,最新！,7,9,33,0.879
698,京城林三爷,04-08,上海新增本土确诊824例无症状20398例,9,16,59,0.6641
700,河北日报,04-08,“开盲盒”啦！,5,19,78,0.5073
701,老龍亭拉麵店,04-08,我这几天开不了，店附近闹疫情，差不多要到15号去了。推荐大家一家拉面新店，在南门，叫拉面瀧也，在南门高新区。看起来不错的拉面新店，大家如果有空也可以去尝。成都越来越多不同风味的拉面店，也是好的方向。推荐一波。(我店15号开了以后，可能还是要卖几天拌面) ​,2,5,14,0.9415
702,日渐白,04-08,事发这么多天，现在实际情况（我所在宿舍楼）是薯片牛奶靠抽奖（一层楼十几个宿舍抽个位数的奶，平均一人一口都不到，薯片也是抽几包），卫生产品发了，泡面也是丑的。作为老非酋，这些抽奖得相当于没发。根本不像男生宿舍里那样每个人都能吃到，我连摸都摸不到。要是啥都不发，可以，但有的宿舍发有的 ​,2,11,40,0.0221
705,双胞胎伊莲,04-08,疫情结束就一起去旅游吧,0,0,5,0.5293
708,月夜繁星35229,04-08,潍坊疫情,0,6,32,0.5213
709,中国电信,04-08,数字防疫 科技守“沪”,17,10,12,0.5489
710,问号哥哥,04-08,等疫情结束去趟西藏吧,39,31,13385,0.3419
711,我苏特稿,04-08,徐州市疫情防控通告（202年第35号）,8,21,83,0.476
712,沉默是一种力量L,04-08,这次疫情能控住吗？什么时候是个头啊,2,95,368,0.2755
713,沿江检察,04-08,如果务农人员是疫情感染者，代耕的现实操作性怎么样？吉林省农业科学院农业资源与环境研究所二级研究员 任军：代耕也可以做，因为现在代耕已经很成熟了，实际上就是一个简单的信息沟通，把他农村种地的相关事情由别人来代，最后在他的土地上有一个收成就可以，这个完全可以做到，实际上这应该跟农 ​,8,6,16,0.1828
714,资阳政法,04-08,上海新增本土确诊824例无症状20398例,0,12,12,0.6641
716,蘸盐,04-08,战疫助农行动,43,6,53,0.9274
717,我是双鱼座3,04-08,天津市打狗疫情刚好点，又要跟狗玩命。在滨江道宣传的时候，顺便看和平路的商业现状。人口流出不是没有原因的！ ​,0,0,14,0.2399
718,京剧演员李林晓,04-08,感谢每一位购票的观众朋友,2,7,18,0.9444
719,西安发布,04-08,重要通告！事关疫情高流行地区务工返市人员,57,43,184,0.2324
720,呼和浩特新闻网,04-08,呼和浩特疫情,5,1,4,0.3889
721,静怡姐姐本尊,04-08,上海现有本土感染者超10万例,3,32,54,0.856
722,穿书之成为顶流写手,04-08,觉得最近都好丧！该死的疫情！ ​,2,68,198,0.1505
723,草一只猫猫,04-08,@华东师范大学,2,3,96,0.9019
724,浙江公安,04-08,疫情当前警察不退,101,16,4,0.0895
725,尹尹尹_大白,04-08,东营疫情,0,11,17,0.5705
726,蓝鲸财经记者工作平台,04-08,上海确诊病例有1例重型，18岁至60岁占69%，感染者年龄最小10天4月8日上午10:0，上海举行疫情防控工作新闻发布会，会上市卫生健康委一级巡视员吴乾渝介绍，自3月1日以来，截至4月7日24时，本市累计报告本土阳性感染者131524例，其中无症状感染者127131例、确诊病例4393例。在确诊病例中，有 ​,29,21,16,0.8543
728,陳文笙Vincent,04-08,东营疫情,56,53,2420,0.5705
729,初桐呐,04-08,西安新增1例本土确诊病例,1,6,119,0.9138
730,用户7490035733,04-08,上海疫情 同济大学疫情,4,0,28,0.4646
731,济阳检察,04-08,电视剧猎罪图鉴中的法律知识,8,15,21,0.6642
732,KK钢铁侠911,04-08,泰国已经放开旅游了，,6,1,8,0.8086
734,重庆九龙坡法院,04-08,上海目前阳性感染者超13万例：含1例重型，年龄最小10天4月8日，上海市举行疫情防控工作新闻发布会，市卫生健康委一级巡视员吴乾渝表示目前本市确诊病例有1例重型。从年龄结构来看，所有确诊病例中，18岁及以下占15%，18岁至60岁占69%，60岁及以上占16%。所有感染者中，年龄最小10天，最大98岁。 ​,0,17,18,0.9603
735,侵华日军南京大屠杀遇难同胞纪念馆,04-08,江东门的钟声,1,0,27,0.5513
736,法治四川,04-08,辛苦了！,2,3,10,0.8941
737,六安金泫雅,04-08,屠猪馆闭馆了，我要和我爱的5⃣️楼说再见了,0,7,16,0.7689
738,木有先生_cop,04-08,在网上买了瓜子，因为疫情都快一个月了，包裹还在路上徘徊，估计等到我这都哈喇了吧…,0,27,14,0.204
739,辽宁共青团,04-08,北京：两批境外来京服装货物中检出核酸阳性 。,14,8,175,0.8377
740,小小蓝果,04-08,句容疫情,0,0,43,0.4289
743,尖单瓦T,04-08,ཞེ་དངས་ཀྱི་ནད་རིམས་འདི་ལ།,0,2,17,0.6105
744,陈敏-CS,04-08,前天在网上看到一个让我很愕然的说法，大概意思就是“疫情对民生经济的影响没那么大，原因是很多行为可以在网上办公”。,0,17,27,0.0535
745,山西晚报,04-08,关于病例16-21活动轨迹的通告,26,55,191,0.8446
746,说给电竞美少女们,04-08,投稿：,3,69,154,0.6189
747,商丘古城,04-08,商丘带星,31,37,36,0.8757
749,楠子和小妞,04-08,邻居说，我现在穿着白色裙子去你家拍照，可以吗？,0,16,11,0.4286
750,宇宙最强表白,04-08,都快忘记疫情前的生活了,29,80,161,0.9109
751,蓝鲸财经记者工作平台,04-08,人民日报：,221,43,74,0.5391
752,宅数码Kael,04-08,五大行回应因疫情不能按时还房贷问题,4,13,28,0.058
753,spaceboii,04-08,​ ​,9,13,133,0.6105
754,刘柏柏,04-08,武汉解封两周年,6,2,16,0.8495
755,威海晚报,04-08,统筹疫情防控和经济社会发展,35,54,59,0.2178
756,浙江公安,04-08,疫情当前警察不退,115,17,2,0.0895
757,銭江潮里,04-08,宠物不该沦为疫情的牺牲品,0,4,13,0.0163
758,捡尽寒枝叶,04-08,上海新增本土确诊824例无症状20398例,0,1,30,0.6641
760,暴富暴瘦暴美皆可,04-08,上海新增本土确诊824例无症状20398例,0,1,13,0.6641
761,文拙zz,04-08,青岛高校解封,0,2,35,0.8518
762,鲁国平先生,04-08,上海疫情下的两位女子：第一位女子：有人发视频说上海一小区菜堆在那里烂掉了都没人管，小区居民（这位女子）出来澄清：不是没人管，一直有人分，中间停了一天，因为有一个分菜的人阳性了。,3,18,76,0.146
763,修勾银银u,04-08,潍坊开学,0,9,22,0.8172
764,拆台CT,04-08,上海新增本土确诊824例无症状20398例,37,103,451,0.6641
765,TerryBreeze,04-08,上海新增无症状感染者超2万例,1,5,28,0.8775
767,淮南公安在线,04-08,皖警抗疫,2,4,4,0.5282
769,浙江城市之声,04-08,杭州出台关心关爱货车司机十条举措,0,1,2,0.6009
770,Alice炸地球,04-08,我们都是上海防疫市民中普通的一份子，我们自律，坚持足不出户，配合核酸，绝对不给基层人员添麻烦。然而近期屡发生的打死宠物事件，给我们深爱的上海带来了许多也许并不公正的非议！这座城市的居民，无比尊重每一个生命的重量！请求允许给被隔离的主人家的宠物们一条生路，请禁止扑杀宠物！养宠家庭 ​,1,0,3,0.9257
771,宣州公安,04-08,抗击疫情 我们在行动,1,0,1,0.8223
773,福州公安,04-08,福州战疫,0,0,0,0.773
775,陈奕迅的F-,04-08,没别的意思,0,5,15,0.0646
776,郑允浩浩浩,04-08,长春疫情,0,12,7,0.4928
777,镇边加贝,04-08,五大行回应因疫情不能按时还房贷问题,0,0,0,0.058
778,四川网警巡查执法,04-08,疫情当前 警察不退,0,0,3,0.0838
779,财经趋势女神,04-08,4月初俄罗斯石油产量创下近两年来最大降幅，因一些买家在俄乌冲突后转向别处寻找能源供应，而且俄罗斯经济增长面临不确定性也打击了国内需求。如果这种情况持续整月，4月份原油产量将比3月减少约50万桶/日，这是20年新冠疫情初期俄罗斯跟随OPEC+大幅减产以来的最大降幅。,0,0,0,0.0887
780,一只辣辣fo,04-08,我每天看着淮南的疫情况 看着凤台县的新增病例 这个数字我一点也不感到奇怪 不是因为我在千里之外 影响不到我 而是从一开始那些自称为人民服务的人 根本没有做到为人民服务 刚爆发的时候 我妹所在的学校在封城的情况下 要求家长把全部学生接回家 说是接到教育局通知 学校不准留人 我不知道是哪个 ​,0,1,4,0.0255
781,赧2011,04-08,湾里太平镇 | 创建健康社区，为群众撑起健康保护伞,0,0,3,0.9203
783,曹臻一,04-08,深圳居然给动物建方仓医院，给小动物颁发抗疫的荣誉证书。深圳真是一个伟大的城市，不仅体现在对生命的态度上。疫情发生了，在流程的设置上，保留了市场的能力，也保留了对物资的配送通畅，永远的流程思维，真是创业者建立起来的城市。喜欢深圳，这个城市可以中心化，又可以市场化。居委会的人是体制 ​,0,0,5,0.9938
784,就是要关注你怎么着吧,04-08,山东菏泽40岁牡丹王开花了,0,9,10,0.7949
785,芝士辣椒小姐姐,04-08,他对我说，逆境修心,0,2,3,0.9375
786,Shangri_La2015,04-08,上海疫情爆发后，阴谋论也广泛流传起来。但就算有汉奸，为了利益里应外合搞出这一轮疫情，但病毒特性摆在那里，统计数据也在那里，重症死亡率几乎为零，绝大多数可以自愈。上海每天持续暴增也说明了，国家队入场，军队出马，全国支援，强力执行动态清理，也没有遏制住阳性上升的势头，说明是病毒特性使 ​,0,0,8,0.081
789,文汇报,04-08,疫情面前，没有人是旁观者，每个人都是责任人！他们很平凡很普通，但他们发出的声音温暖如春！这一刻，让我们一起守“沪”！,0,0,2,0.2782
790,范紫乔,04-08,长春 0志”在心中 “愿”在行动,0,0,0,0.873
791,解放日报,04-08,已有十多个省市和解放军医疗队、采样检测队来沪增援，感谢逆行者们！记者询问，近日陆续有来自全国各地的医疗队抵达上海，投入到工作当中，能否具体介绍一下他们参与了哪些工作？,3,0,1,0.4409
792,来颗糖可以吗_,04-08,一确诊病例曾到访北京昌平两家餐馆,5,6,21,0.2589
793,东楚晚报,04-08,刚，黄石疾控发布最新疫情防控健康提示！当前，全国新增本土感染者快速增长，多地多点发生聚集性疫情，部分地区社区传播仍未阻断，疫情仍在高位运行，外溢病例及续发疫情多发，防控形势严峻复杂，我市外防输入工作持续加压。为做好当前形势下我市疫情防控，降低疫情输入及传播风险，4月8日，黄石 ​,0,0,1,0.3622
794,天邢者一踏雪寻牛,04-08,南通各市县GDP最终复核，崇川区夺冠！,17,2,270,0.7787
795,昆明消防,04-08,上海现有本土感染者超10万例,1,10,7,0.856
796,天津市总工会,04-08,防控疫情 天津在行动,0,0,0,0.879
797,广州交通电台,04-08,广州花都暂停现场祭扫刚，,0,0,0,0.7341
798,祝四通一达早日倒闭,04-08,五大行回应因疫情不能按时还房贷问题,0,1,3,0.058
799,泉州消防,04-08,高校宿舍防火防疫指南,2,3,6,0.692
801,厦门卫视,04-08,厦门报告新增本土确诊病例1例,0,0,1,0.8886
802,东方网,04-08,樊嘉：感谢方舱的病人对医护人员的理解和支持,2,1,6,0.9868
803,岳阳共青团,04-08,沈阳 “大白”帮封控楼主人喂狗，好几天没看到狗影，家已经被拆得差不多了…,0,0,1,0.3664
804,知道吗o,04-08,怎么买菜？,0,0,3,0.0364
805,阆中飞帅,04-08,紧急提醒‖阆中人一定要看，多趟列车暂时停运，买了票的赶紧免费退票,0,0,2,0.4249
806,黄山市人民政府发布,04-08,疫情防控,0,1,2,0.3158
807,认真少女Notime,04-08,南昌疫情,0,2,13,0.5843
809,我爱风雨停,04-08,抗击疫情,1,0,1,0.2986
810,黄山市人民政府发布,04-08,疫情防控,1,0,0,0.3158
811,香港金融街,04-08,今年首季MPF挫逾6%兩年最差 人均蝕1.6萬,0,1,2,0.0114
812,和平主义狂想论,04-08,成都疫情,0,0,3,0.6816
814,張咩咩apr,04-08,最近天气越来越好了！,0,3,5,0.9673
815,Never张祥恒,04-08,天气真好💕,0,0,9,0.9819
816,粉笔罗成兴,04-08,五大行回应因疫情不能按时还房贷问题,0,5,8,0.058
817,是颗蜜糖呀,04-08,真的救命了廊坊能不能把快递通了 猫粮进不来 猫都要饿死了,0,12,10,0.0287
818,naomi815,04-08,替上海朋友说一句,2,0,5,0.5835
819,黄龙检察,04-08,上海新增本土确诊824例无症状20398例,0,12,6,0.6641
820,不瘦到85斤不换名嘞,04-08,9号就是在隔离宾馆待一个月了,0,0,2,0.4497
821,沈阳智障维修中心,04-08,见亮了！,0,0,3,0.4906
822,我正沉入一代人的海,04-08,渝康码下面有这一排黄色的字进不了高铁站吗？连续两天都做了核酸都是阴性，要怎么消掉这一排黄色的字呢？可以申诉吗？,0,45,6,0.0277
825,连云港市海州区法院,04-08,疫情当前 警察不退,0,0,0,0.0838
826,山西新闻网,04-08,在山西,0,0,0,0.689
827,芋圆重新去钟离郡遛狗,04-08,芋圆儿分享近日,0,0,2,0.7683
828,非匿名邮差,04-08,上学期走的时候，彼此都说答辩时再见，不久就会再见,0,1,2,0.1469
830,浪个哩个蕾_,04-08,所有的计划又变成等疫情结束,0,0,3,0.4103
831,三秦青年,04-08,陕西（商洛）新增1例本土确诊病例,0,1,2,0.6959
833,这里是儋州,04-08,海南疫情,0,0,2,0.565
834,成都共青团,04-08,"疫情防控,成都在行动",2,0,7,0.8427
835,害就叫这个吧97,04-08,宠物不该沦为疫情的牺牲品,1,1,6,0.0163
836,蓬溪发布,04-08,蓬溪县应对新型冠状病毒感染肺炎疫情,0,1,2,0.1432
837,Jacki3ee,04-08,宠物不该沦为疫情的牺牲品,0,0,5,0.0163
838,吴姗Ms,04-08,等疫情结束去趟西藏吧,119,117,132,0.3419
839,淮南大余,04-08,淮南疫情,0,0,0,0.5435
840,Dangtaotao,04-08,4月8日，周五，晴,0,1,3,0.7193
841,东南早报,04-08,泉州疫情最新情况,0,0,0,0.6398
842,湛江开发区官博,04-08,我区主要领导率队调研疫情防控工作,1,0,0,0.5116
843,时光机lan,04-08,上海疫情,1,5,10,0.632
844,上海攻略君,04-08,多架次运-20大型运输机降落在上海虹桥机场，支援上海疫情防控工作！我们大上海一定能战胜此次疫情！💪上海加油！,4,1,9,0.9827
845,抚顺妇女,04-08,喜迎二十大 辽宁在行动,0,0,2,0.8562
846,锦绣潇湘-文旅湖南,04-08,湖南旅游,6,2,6,0.6398
847,直女下海,04-08,上海新增本土确诊824例无症状20398例,2,0,6,0.6641
848,翟文帆-Orange,04-08,西安疫情,0,1,2,0.6832
850,今日建德,04-08,杭州出台硬核措施,0,0,1,0.5618
851,星空下的Fish-,04-08,五大行回应因疫情不能按时还房贷问题,0,2,11,0.058
852,吉林乌拉圈,04-08,长春3人明知被感染仍经营超市,0,2,8,0.1499
853,快点温州APP,04-08,聚焦202温州两会,1,0,1,0.7459
854,lorryqueen,04-08,南通大学疫情,1,1,33,0.4166
855,不认真,04-08,郑州无疫情夏日图鉴,0,0,2,0.4846
857,辛玥Cynthia,04-08,最近。,0,2,3,0.6101
858,别叫她不早睡,04-08,上海疫情,1,1,3,0.632
859,香港金融街,04-08,投資者連環沽貨止賺離場,0,1,1,0.6105
860,大牛哥runner,04-08,今天嘉兴市南湖区全员核酸检测,0,0,1,0.4403
861,DT财经,04-08,干货！疫情防控中的工资、房贷、房租等12个法律事项！你一定要知道！ ​,1,0,0,0.5914
862,佳妃没有猫mua,04-08,这波新冠疫情还要持续多久,0,1,2,0.0545
863,范炜,04-08,疫情,0,0,3,0.3859
864,曼走庄园,04-08,宠物不该沦为疫情的牺牲品,0,0,0,0.0163
865,悦悦lei,04-08,河北疫情管理一刀切,1,7,21,0.4866
866,青岛公安,04-08,我为群众办实事,2,0,1,0.2359
867,都市晨报,04-08,重点关注,1,0,1,0.8058
868,抚顺妇女,04-08,沈阳市新冠肺炎疫情防控指挥部通告（第47号）为更好地统筹做好疫情防控和经济社会发展，保证春耕生产全面有序开展，在沈阳市新冠肺炎疫情防控指挥部第39号、第4号通告的基础上，根据各地区疫情防控形势，现就调整部分涉农地区疫情防控措施有关事项通告如下：,0,0,1,0.9291
869,陇南武都发布,04-08,兰州90后村支书抗疫四部曲,1,0,2,0.8778
872,-甜惠小羊,04-08,求快点解封吧,0,3,8,0.5069
873,吉视守望都市,04-08,陕西援吉检测及采样队完成采样量16万人次截至4月5日，这支由陕西省315名医务工作者组成的陕西省援吉核酸检测及采样队已经完成16万人次的核酸采样、4万管的核酸样本检测。他们正以精准的检测结果和高效的采样效率，助力吉林打赢疫情防控大仗硬仗。,0,1,2,0.4351
875,GAGAo3o,04-08,还是会被烦到,0,2,5,0.1261
876,阳泉市文化和旅游局,04-08,关王庙景区临时关停通知,0,1,1,0.1546
877,抚州资溪发布,04-08,贯彻“八扬八治 ”深化作风建设嵩市镇：加强24小时值班值守 切实筑牢疫情防控防线,7,5,9,0.2099
878,微博商丘,04-08,永城市关于划定新冠肺炎疫情防控中风险区的通告,0,5,0,0.7528
879,岳阳共青团,04-08,他是一名来自连云港的货车司机，,0,0,0,0.3116
880,南京浦口城管,04-08,垃圾分类近日，浦口永宁街道城管中队成立临时检查小组，针对各村（社区）垃圾亭（房）内四色垃圾桶设置情况、消杀情况、生活垃圾混装情况等进行专项检查，责令责任单位迅速进行整改落实，并检查消杀记录及相关照片等工作台账，确保统筹做好疫情防控和垃圾分类工作。（拟稿：陈健 审核：龚伟 发布： ​,1,1,1,0.0098
881,阿凯的脑洞,04-08,3月中旬我这边开始封城，隔离19天后解封，由此开了这个脑洞。,1,1,1,0.6626
882,山西卫视,04-08,山西运城公布6例阳性感染者活动轨迹,1,0,0,0.7995
883,券商投资笔记,04-08,今天这波拉升给我的感觉，应该是有国家队入场扫货了，扫的都是新基建相关的。TMT，芯片，光伏，软件这些。今年上海疫情影响全年5.5GDP完成难度很大。疫情过去以后要加大投资和消费，因为出口外贸肯定起不来的。那么投资这块，就是老基建+新基建。老基建房地产这块应该不会作为主要发力点，所以新基金可 ​,2,2,5,0.8016
884,仙岛食光记,04-08,云尚岱山,1,0,1,0.6105
885,熊boomboom子,04-08,加了外公家的楼栋群帮买菜，这楼组长也挺不负责的，楼里居民问题，回答都是打居委会电话。刚才我外公因为药吃光了想买药，打电话给居委会没人接，他再到居委会去找人，结果发现电话响了居委会的人都不接。,1,0,1,0.0077
886,Moonquakes荔枝,04-08,武汉解封两周年,0,1,22,0.8495
887,EJieee-,04-08,有没有一种可能,0,2,9,0.2213
888,MYuzzzzz,04-08,上海大白当街拍死小柯基,1,0,2,0.0539
889,柳州公安,04-08,疫情当前 警察不退,0,0,2,0.0838
891,东野先生的信箱,04-08,等疫情结束去趟西藏吧,117,0,135,0.3419
892,LOL英雄联盟视频,04-08,韩网热议“LPL不参加MSI”:LPL不来，冠军没含金量！,0,5,16,0.0324
893,上海天气通--风云气象汇,04-08,团购导致疫情问题，将负责人，那些团购赚了十几二三十几万的人需要警惕了，再下去怕事上海的房子都要被那群团购的炒上去了，短一周多听说有人到手30w以上，怎么不去抢银行啊 ​,2,8,36,0.0124
895,香港金融街,04-08,私樓首兩月落成量錄7312伙,0,0,0,0.6235
896,皮皮碎冰冰o,04-08,沈阳疫情,0,11,4,0.6278
897,没头脑有时候真的有头脑,04-08,我恨！我好想去看电影啊，这该死的疫情夺走了我百分之九十的快乐 ​,0,7,9,0.9734
898,文明江西,04-08,赣沪同心共战疫情,8,0,2,0.2631
899,南国都市报,04-08,守沪日记,0,0,0,0.654
900,甘肃日报,04-08,甘肃迎战奥密克戎,0,0,0,0.632
901,南昌广播电视台,04-08,保供应：全市蔬菜肉类供应充足价格稳定,0,0,1,0.9818
902,京都之間,04-08,疫情下的京都樱花季,2,1,8,0.3151
904,昊兔子,04-08,直击上海战疫：停下来的城市，是他们在守沪,0,0,1,0.9646
905,吴尚源冷月轩,04-08,疫情时期～在闽南民俗信仰中的医生，你知道吗？,1,3,4,0.4471
907,许开祯,04-08,不管是互联网大厂裁员，还是疫情中的感染，甚至贪官被抓，太多人的思维仍然是，这事轮不到我，我不会的，不会是我。我们总是在一种侥幸心理下安慰自己，总觉得各种不幸离自己很远，那不过是别人的事，顶多表示一下同情就行。终于某天，事情砸到自己头上，于是傻眼了，于是愤怒了，于是恐惧了，于是 ​,14,10,62,0.1206
908,圈圈挖掘机,04-08,宠物不该沦为疫情的牺牲品,0,0,2,0.0163
909,首都健康,04-08,北京4月7日新增9例本土确诊病例和1例本土无症状感染者 治愈出院3例,77,166,836,0.9731
910,山东教育电视台,04-08,潍坊科技学院：教师坚守一线 服务科研不停歇面对突如其来的疫情，潍坊科技学院全面开展线上教学，这对科研工作的正常运转带来巨大挑战，潍坊科技学院贾思勰农学院教师在严格落实疫情防控要求的同时，坚守科研一线，保障科研工作不停歇。,0,0,0,0.9878
912,平安天津,04-08,我为群众办实事,42,2,12,0.2359
913,南昌发布,04-08,南昌战疫日记,19,11,12,0.7614
914,汉中发布,04-08,关注汉中,2,1,3,0.8965
915,站长爱申论,04-08,公益模考通知,39,28,139,0.8913
916,中国日报,04-08,北京：,11,11,52,0.8368
918,辽宁综合广播,04-08,202年4月7日0时至24时葫芦岛新型冠状病毒肺炎疫情况,0,0,0,0.1863
919,鞍山发布,04-08,战“疫”普法小课堂（3）,1,0,0,0.5024
920,全球时事热点解读,04-08,一分钟知天下事202年4月8日 星期五 农历三月初八,0,0,0,0.8476
921,新浪山西,04-08,抗击疫情山西在行动,1,0,14,0.7969
922,中国交通,04-08,您出行我守护,0,9,14,0.9673
923,健康成都官微,04-08,疫情防控,19,13,47,0.3158
924,中新浙里,04-08,浙江象山：县域对外交通道按照防疫管控要求车辆只进不出4月8日，据浙江省宁波市象山县新型冠状病毒感染的肺炎疫情防控工作领导小组消息，202年4月8日0:0-24:0，浙江省宁波市象山县域对外交通道按照防疫管控要求允许车辆进入，实行只进不出。仅保留戴港高速口作为标本送检、医疗急救、防疫物 ​,1,5,16,0.1433
927,中国警察网,04-08,疫情当前 警察不退,16,4,32,0.0838
928,云南发布,04-08,加强疫情防控 云南在行动,14,0,20,0.5213
929,沈阳晚报,04-08,辽宁阜新解除封控区、管控区 有序恢复公共场所活动据央视新闻 4月7日，辽宁阜新市新冠肺炎疫情防控指挥部发布《关于有序恢复公共场所经营活动的通告》：阜新市疫情防控工作取得了阶段性成果，全面实现病例清零，所有封控区、管控区已解除封控管理。为统筹经济发展和疫情防控工作，经市新冠肺炎疫 ​,13,1,13,0.9529
930,头条新闻,04-08,上海市纪委监委通报2起疫情防控不力典型问题，2人被免职据廉洁上海微信公众号消息：1、上海机场集团下属虹桥公司消防急救保障部原党委副书记、总经理李水飞在疫情防控中不担当、不作为问题。李水飞在3月24日紧急转送一名机场委外单位新冠肺炎核酸检测阳性员工过程中，消极推诿、缺乏担当，导致转运 ​,131,566,5144,0.0048
931,四川职业技术学院,04-08,川职·影视,5,4,11,0.744
935,中国新闻周刊,04-08,北京：4月6日在,4,4,8,0.76
936,人民网海南视窗,04-08,海南疫情防控,0,0,1,0.4816
937,华尔街见闻APP,04-08,华尔街见闻早餐FM-Radio①纳指惊险转涨，俄股市扭转两连阴，卢布盘中涨近7%，美元续创近两年新高，美天然气创208年来新高，布油一度跌破10美元②孙春兰在沪调研指导疫情防控工作，要求增强紧迫感责任感，紧盯封控、流调、转运等重点环节③六部门：“十四五”严控炼油、磷铵、电石、黄磷等行业新 ​,14,5,32,0.9326
938,江西你好,04-08,江西援吉医疗队为生命站岗,240,13,32,0.5478
943,倾泠月,04-08,这几天气很好，天蓝得很漂亮～,0,19,70,0.9856
944,霍小兵,04-08,路透社记者：考虑到现在中国的疫情况，中方是否在考虑批准外国疫苗在华使用？,27,32,77,0.0134
946,海口日报,04-08,海南防控新型冠状病毒,0,0,1,0.3341
947,新闻晨报,04-08,上海市网信办：关于进一步查处网络圈群造谣行为的公告当前我市疫情防控形势严峻复杂，守护人民生命健康、守护城市安全运行已经到了重要关头。上海市互联网信息办公室连日来接到许多市民反映，在社交媒体特别是微信圈群中，有人大肆制造、发布、传播有关我市新冠肺炎防控工作的谣言和不实信息，希望 ​,246,342,488,0.8291
948,光明日报,04-08,疫情阻击动态,7,51,83,0.7834
950,第一新闻,04-08,商洛商州区4月7日起取消堂食4月7日商洛商州区发布紧急通告，日前商州区发现一名返商人员新冠肺炎核酸初筛阳性。为减少人员聚集，严防疫情传播扩散，商州区新冠肺炎疫情防控应急指挥部研究决定，从4月7日16时起，在全区范围内停止各类经营性宾馆饭店、餐厅、单位食堂食，所有夜市、KTV、美容院、 ​,20,100,269,0.0368
951,蔡文姬,04-08,等疫情结束后去趟成都吧,120,1,120,0.4929
952,津云,04-08,江浙将为上海提供6万间隔离房,1,5,14,0.7828
954,o尛茗銅學o,04-08,沈阳疫情,0,33,30,0.6278
955,富平检察,04-08,两人刻意隐瞒行程被杭州警方立案调查,5,9,8,0.025
956,新荣零距离,04-08,山西号召全省广大退役军人和退役军人志愿服务队积极参与,1,0,0,0.9454
957,长三角铁路,04-08,上铁出行常识,15,1,2,0.2661
958,财联社APP,04-08,财联社4月8日早报（周五）①美股小幅收涨，热门中概股多数下跌②外交部：中方对美众议长佩洛西拟率团窜访台湾提出严正交涉③特斯拉召回超12万辆Model 3④疫情之中房贷可以延期还吗？多家银.,2,4,14,0.0388
959,安徽人不知道的那点事儿,04-08,安徽高校N轮核酸进行中,11,21,4,0.6471
960,大江晚报,04-08,4月8日芜湖市报告新冠肺炎疫情况,1,4,2,0.3325
961,商界BUSINESS,04-08,超实用！,7,1,1,0.9898
962,湛泸剑,04-08,哈尔滨疫情,1,0,5,0.3725
965,重庆晨报,04-08,『重庆发生ing』早安，这座城的早晨都由一条微博和两条大江开启。重庆正在发生：1、重庆调整202年上半年人事考试考生疫情防控要求；2、“渝畅行”AP电子发票功能即将上线；3、晨间天气丨中心城区多云，16℃左右。更多新闻请扫下方二维码，关注上游新闻客户端,0,0,0,0.7174
966,中国经济网,04-08,五大行回应受疫情影响不能按时还贷,1,0,1,0.0571
967,六国虹,04-08,在203年“非典”疫情蔓延期间，我正在上海出差，上海的朋友们并没有因为我是从疫情源地广东过去的而避见。,4,5,12,0.8781
968,冲浪男孩钻钻子,04-08,等疫情结束后去趟成都吧,144,0,145,0.4929
969,广东政法,04-08,广州白云通报2名封控区人员核酸阳性广州市白云区新冠肺炎疫情防控指挥部4月7日晚通报：202年4月6日，白云区在大源街封控区例行核酸检测中发现2例阳性检测者，均为4月2日报告省外来穗货车司机病例封控区的管控人员。有关情况通报如下：,4,0,4,0.097
970,北京头条,04-08,北京疫情,1,2,8,0.7267
972,燕赵都市报,04-08,邢台,2,2,4,0.57
973,云南网,04-08,抗击疫情 云南在行动,1,0,0,0.7175
976,北京广播,04-08,抗击新型肺炎北京在行动,0,0,2,0.8099
978,浙江之声,04-08,温州平阳部分学校今天起开始有序复课,0,0,0,0.8519
979,澳大利亚SBS广播公司,04-08,SBS早新闻（4月8日）大家早上好俄罗斯被暂停联合国人权理事会成员资格；美国任命首位黑人女性最高法院法官；有建议呼吁成立皇家委员会审查新冠疫情处理；,0,1,6,0.0101
981,浙江之声,04-08,宁波象山最新通告：只进不出,0,0,0,0.406
986,云南省人民政府网,04-08,云南疫情最新通报,2,0,1,0.7023
987,人民日报数字传播,04-08,感谢有你，“大白”无数医护人员、志愿者…身着防护服，坚守疫情防控一线。风雨中的“大白”力量，是最动人的模样。,10,6,14,0.9867
988,吖来份海蛎煎,04-08,宠物不该沦为疫情的牺牲品,4,18,164,0.0163
990,生活日报,04-08,再次降级！,0,0,2,0.6188
991,浙样红TV,04-08,杭州关闭部分高速公路收费站出口为全力做好杭州市新型冠状病毒感染的肺炎疫情防控工作，依据《中华人民共和国传染病防治法》《中华人民共和国突发事件应对法》的有关规定，经研究决定从,1,0,3,0.6796
992,浙江日报,04-08,宁波鄞州区新增1例新冠病毒肺炎确诊病例，“三区”范围划定宁波市鄞州区新型冠状病毒感染的肺炎疫情防控工作领导小组办公室通报，202年4月8日凌晨，鄞州区报告1例新冠病毒肺炎确诊病例。该病例目前居住于鄞州区东胜街道东郊路80弄，14天内无市外旅居史。目前，该病例已闭环转运至定点医院隔离治疗 ​,2,1,3,0.9901
993,天津市人民检察院,04-08,防控疫情 天津在行动,0,7,9,0.879
994,沿江检察,04-08,当心！骗子蹭“流调”电话,6,5,16,0.0185
996,8099999,04-08,加强疫情防控 云南在行动,0,0,0,0.5213
997,天津市人民检察院,04-08,防控疫情 天津在行动,0,6,6,0.879
998,桃小枝枝枝,04-08,宁波疫情,1,17,11,0.677
999,语文阅刊,04-08,辛苦了！,0,0,8,0.8941
1000,生活日报,04-08,4月7日山东新冠肺炎疫情况,0,0,1,0.6437
1001,菏泽市人民检察院,04-08,菏检播报,18,43,75,0.3505
1002,湛泸剑,04-08,济南疫情,0,2,3,0.7108
1003,醉合肥,04-08,合肥疫情,0,0,1,0.447
1005,徐州同城会,04-08,云龙区关于开展重点区域重点人群核酸检测的通告,2,4,6,0.8085
1006,我觉得黄小球很棒,04-08,𝟰.𝟳,0,14,13,0.6105
1007,延边发布,04-08,延边州关于新型冠状病毒肺炎疫情的通报4月7日0-24时，延边州无新增本地确诊病例；无新增无症状感染者。解除医学隔离无症状感染者3例。自3月1日以来，累计报告确诊病例17例（轻型107例、普通型8例、重型1例、危重型1例）、无症状感染者80例。累计治愈出院确诊病例109例、解除医学隔离无症状感染者7 ​,1,0,2,0.3897
1008,深圳小天,04-08,疫情，爆发，缺…缺屠夫…好眼熟,31,121,970,0.043
1010,小李哥在英国,04-08,Omicron的两个变种亚株造成英国1月和3月的感染高峰,0,0,2,0.136
1011,安徽商报,04-08,关于蜀山区小庙镇西城梅苑工地发生疫情追究相关人员责任的通报经公安机关调查，4月6日筛查发现的蜀山区小庙镇无症状感染者舒某，其工作地西城梅苑安置点工地承建方中国建筑第六工程局有限公司执行经理陆某未严格履行疫情防控主体责任；施工劳务单位涡阳县恒泰水利建设工程有限公司负责人王某违 ​,0,1,1,0.003
1013,合肥月老蜀黍,04-08,互动问题,3,55,40,0.3751
1017,苏州公安,04-08,苏州战疫,3,0,14,0.8045
1018,Uchiha·itachi·,04-08,宠物不该沦为疫情的牺牲品,1,33,55,0.0163
1019,嘉兴咖啡爸爸,04-08,嘉兴身边事,6,6,4,0.5607
1020,锦州三合君,04-08,锦州爆料,6,30,30,0.1924
1021,风的节奏吹,04-07,上海疫情,1,10,13,0.632
1022,上海流浪天使救助行动,04-07,居委会回应柯基被拖路边处理,2,1,8,0.015
1023,北京青年报,04-07,北京海淀新增2名新冠感染者,39,141,263,0.958
1024,张允晨,04-07,假如疫情明天结束了,4160,2151,25358,0.7654
1026,添喜lucklily,04-07,疫情无情人有情，来了杭州就是杭州人！钱塘城管白杨执法队为在停车场进行防疫检查的各地货运司机免费送上爱心翕饭实在是太感人了！,0,0,6,0.9308
1027,汕头楼事,04-07,疫情结束来趟汕头吧,0,1,7,0.3972
1028,emilie小雪,04-07,2月末做的最明智的两个决定：,5,69,241,0.813
1029,铜陵城事,04-07,关于铜陵解除部分区域封控管控措施的通告,0,0,154,0.5135
1030,xiao可爱-胖丁aNd唐唐,04-07,宠物不该沦为疫情的牺牲品,0,0,9,0.0163
1031,付亮的竞争情报应用,04-07,上海、长春这次奥密克戎疫情为什么这么凶？为什么江苏、浙江、广州、哈尔滨几次出现疫情，都很快就灭掉了，大连、泉州疫情也没形成规模。你会发现有一个共同点？,6,7,26,0.0429
1032,Carrrlotta,04-07,LIFE HOUSE 01 | 我在上海的出租屋,0,0,1,0.6196
1035,厦门广电,04-07,全力守“沪” 厦门来了！,58,90,1383,0.6817
