时间,天气,温度,等级,风力等级
今天 (04-12),多云转晴,8/20℃,轻度,北风 4-5级
,,,,
明天 (04-13),晴,5/17℃,优,西风 3-5级
,,,,
周三 (04-14),晴转多云,10/22℃,优,西南风 3-5级
,,,,
周四 (04-15),晴,8/23℃,优,西南风 4-5级
,,,,
周五 (04-16),多云转晴,8/20℃,优,西北风 4-5级
,,,,
周六 (04-17),晴,8/19℃,优,西北风 3-5级
,,,,
周日 (04-18),晴,11/24℃,良,西南风 微风
,,,,
周一 (04-19),晴,15/29℃,良,西南风 微风
,,,,
周二 (04-20),多云转晴,14/27℃,良,南风 微风
,,,,
周三 (04-21),阴转晴,16/26℃,良,南风 微风
,,,,
周四 (04-22),晴,17/31℃,良,南风 微风
,,,,
周五 (04-23),阴转多云,15/31℃,良,南风 微风
,,,,
周六 (04-24),多云转阴,15/31℃,良,东南风 微风
,,,,
周日 (04-25),小雨转多云,11/20℃,良,东风 微风
,,,,
周一 (04-26),多云转晴,13/22℃,良,西北风 微风
